ISO-10303-21;
HEADER;
FILE_DESCRIPTION(('FreeCAD Model'),'2;1');
FILE_NAME('Open CASCADE Shape Model','2026-09-30T23:03:07',('Author'),(
    ''),'Open CASCADE STEP processor 7.8','FreeCAD','Unknown');
FILE_SCHEMA(('AUTOMOTIVE_DESIGN { 1 0 10303 214 1 1 1 1 }'));
ENDSEC;
DATA;
#1 = APPLICATION_PROTOCOL_DEFINITION('international standard',
  'automotive_design',2000,#2);
#2 = APPLICATION_CONTEXT(
  'core data for automotive mechanical design processes');
#3 = SHAPE_DEFINITION_REPRESENTATION(#4,#10);
#4 = PRODUCT_DEFINITION_SHAPE('','',#5);
#5 = PRODUCT_DEFINITION('design','',#6,#9);
#6 = PRODUCT_DEFINITION_FORMATION('','',#7);
#7 = PRODUCT('RSB-600-50','RSB-600-50','',(#8));
#8 = PRODUCT_CONTEXT('',#2,'mechanical');
#9 = PRODUCT_DEFINITION_CONTEXT('part definition',#2,'design');
#10 = ADVANCED_BREP_SHAPE_REPRESENTATION('',(#11,#15),#5263);
#11 = AXIS2_PLACEMENT_3D('',#12,#13,#14);
#12 = CARTESIAN_POINT('',(0.,0.,0.));
#13 = DIRECTION('',(0.,0.,1.));
#14 = DIRECTION('',(1.,0.,-0.));
#15 = MANIFOLD_SOLID_BREP('',#16);
#16 = CLOSED_SHELL('',(#17,#216,#247,#271,#295,#494,#525,#549,#573,#606,
    #639,#790,#847,#878,#911,#942,#975,#1031,#1065,#1097,#1248,#1303,
    #1327,#1360,#1391,#1470,#1496,#1731,#1763,#1802,#1833,#1865,#1904,
    #1926,#1957,#1985,#2018,#2050,#2067,#2218,#2249,#2274,#2298,#2346,
    #2372,#2514,#2569,#2593,#2618,#2642,#2668,#2715,#2749,#2781,#2813,
    #2845,#2884,#2906,#2937,#2976,#3007,#3046,#3063,#3103,#3134,#3165,
    #3189,#3214,#3239,#3263,#3288,#3312,#3329,#3361,#3379,#3419,#3450,
    #3474,#3499,#3524,#3548,#3573,#3604,#3626,#3658,#3676,#3711,#3736,
    #3770,#3795,#3829,#3853,#3876,#3904,#3921,#3939,#3969,#3990,#4003,
    #4020,#4043,#4061,#4073,#4085,#4115,#4136,#4153,#4166,#4197,#4220,
    #4238,#4261,#4273,#4285,#4310,#4341,#4372,#4397,#4414,#4431,#4444,
    #4461,#4474,#4487,#4504,#4517,#4542,#4560,#4578,#4594,#4619,#4640,
    #4671,#4695,#4719,#4736,#4748,#4761,#4777,#4800,#4823,#4844,#4860,
    #4876,#4906,#4922,#4945,#4968,#4989,#5005,#5021,#5051,#5076,#5088,
    #5113,#5125,#5138,#5151,#5169,#5186,#5198,#5207,#5225,#5242,#5254));
#17 = ADVANCED_FACE('',(#18),#211,.T.);
#18 = FACE_BOUND('',#19,.T.);
#19 = EDGE_LOOP('',(#20,#29,#38,#55,#83,#111,#139,#167,#195,#210));
#20 = ORIENTED_EDGE('',*,*,#21,.F.);
#21 = EDGE_CURVE('',#22,#22,#24,.T.);
#22 = VERTEX_POINT('',#23);
#23 = CARTESIAN_POINT('',(-19.05,43.7,7.2));
#24 = CIRCLE('',#25,7.2);
#25 = AXIS2_PLACEMENT_3D('',#26,#27,#28);
#26 = CARTESIAN_POINT('',(-19.05,43.7,3.495826218035E-15));
#27 = DIRECTION('',(0.,1.,0.));
#28 = DIRECTION('',(0.,0.,-1.));
#29 = ORIENTED_EDGE('',*,*,#30,.T.);
#30 = EDGE_CURVE('',#22,#31,#33,.T.);
#31 = VERTEX_POINT('',#32);
#32 = CARTESIAN_POINT('',(-19.05,43.697678104403,7.274613391789));
#33 = CIRCLE('',#34,1.2);
#34 = AXIS2_PLACEMENT_3D('',#35,#36,#37);
#35 = CARTESIAN_POINT('',(-19.05,42.5,7.2));
#36 = DIRECTION('',(1.,0.,-0.));
#37 = DIRECTION('',(0.,0.,1.));
#38 = ORIENTED_EDGE('',*,*,#39,.F.);
#39 = EDGE_CURVE('',#40,#31,#42,.T.);
#40 = VERTEX_POINT('',#41);
#41 = CARTESIAN_POINT('',(-14.85,42.5,7.274613391789));
#42 = B_SPLINE_CURVE_WITH_KNOTS('',3,(#43,#44,#45,#46,#47,#48,#49,#50,
    #51,#52,#53,#54),.UNSPECIFIED.,.F.,.F.,(4,2,2,2,2,4),(-0.44265838226
    ,-0.412949700967,-0.372380479412,-0.30472891226,-0.15236445613,0.),
  .UNSPECIFIED.);
#43 = CARTESIAN_POINT('',(-14.85,42.5,7.274613391789));
#44 = CARTESIAN_POINT('',(-14.85,42.599028937644,7.274613391789));
#45 = CARTESIAN_POINT('',(-14.88131366012,42.713663777883,7.274613391789
    ));
#46 = CARTESIAN_POINT('',(-14.99038687724,42.920981478963,7.274613391789
    ));
#47 = CARTESIAN_POINT('',(-15.10173754111,43.039027306753,7.274613391789
    ));
#48 = CARTESIAN_POINT('',(-15.38741493472,43.259297280457,7.274613391789
    ));
#49 = CARTESIAN_POINT('',(-15.63445834865,43.36973868682,7.274613391789)
  );
#50 = CARTESIAN_POINT('',(-16.33279165269,43.59376259882,7.274613391789)
  );
#51 = CARTESIAN_POINT('',(-16.87957172299,43.647355343081,7.274613391789
    ));
#52 = CARTESIAN_POINT('',(-17.98425179835,43.698957631537,7.274613391789
    ));
#53 = CARTESIAN_POINT('',(-18.54211847956,43.697678104403,7.274613391789
    ));
#54 = CARTESIAN_POINT('',(-19.05,43.697678104403,7.274613391789));
#55 = ORIENTED_EDGE('',*,*,#56,.F.);
#56 = EDGE_CURVE('',#57,#40,#59,.T.);
#57 = VERTEX_POINT('',#58);
#58 = CARTESIAN_POINT('',(-10.65,42.5,1.554312234475E-14));
#59 = B_SPLINE_CURVE_WITH_KNOTS('',3,(#60,#61,#62,#63,#64,#65,#66,#67,
    #68,#69,#70,#71,#72,#73,#74,#75,#76,#77,#78,#79,#80,#81,#82),
  .UNSPECIFIED.,.F.,.F.,(4,2,2,2,2,3,2,2,2,2,4),(-0.44265838226,
    -0.412949700967,-0.372380479412,-0.30472891226,-0.15236445613,0.,
    0.15236445613,0.30472891226,0.372380479412,0.412949700967,
    0.44265838226),.UNSPECIFIED.);
#60 = CARTESIAN_POINT('',(-10.65,42.5,1.228745780102E-14));
#61 = CARTESIAN_POINT('',(-10.65,42.599028937644,1.228745780102E-14));
#62 = CARTESIAN_POINT('',(-10.66565683006,42.713663777883,
    2.711842515075E-02));
#63 = CARTESIAN_POINT('',(-10.72019343862,42.920981478963,0.121578602054
    ));
#64 = CARTESIAN_POINT('',(-10.77586877055,43.039027306753,0.218011105689
    ));
#65 = CARTESIAN_POINT('',(-10.91870746736,43.259297280457,0.465414985843
    ));
#66 = CARTESIAN_POINT('',(-11.04222917432,43.36973868682,0.679360858149)
  );
#67 = CARTESIAN_POINT('',(-11.39139582634,43.59376259882,1.284135239752)
  );
#68 = CARTESIAN_POINT('',(-11.66478586149,43.647355343081,1.757660670918
    ));
#69 = CARTESIAN_POINT('',(-12.21712589917,43.698957631537,2.71434167923)
  );
#70 = CARTESIAN_POINT('',(-12.49605923978,43.697678104403,3.197468397086
    ));
#71 = CARTESIAN_POINT('',(-12.75,43.697678104403,3.637306695895));
#72 = CARTESIAN_POINT('',(-13.00394076021,43.697678104403,4.077144994703
    ));
#73 = CARTESIAN_POINT('',(-13.28287410082,43.698957631537,4.560271712559
    ));
#74 = CARTESIAN_POINT('',(-13.8352141385,43.647355343081,5.516952720871)
  );
#75 = CARTESIAN_POINT('',(-14.10860417365,43.59376259882,5.990478152037)
  );
#76 = CARTESIAN_POINT('',(-14.45777082567,43.36973868682,6.59525253364)
  );
#77 = CARTESIAN_POINT('',(-14.58129253263,43.259297280457,6.809198405946
    ));
#78 = CARTESIAN_POINT('',(-14.72413122944,43.039027306753,7.0566022861)
  );
#79 = CARTESIAN_POINT('',(-14.77980656137,42.920981478963,7.153034789735
    ));
#80 = CARTESIAN_POINT('',(-14.83434316993,42.713663777883,7.247494966639
    ));
#81 = CARTESIAN_POINT('',(-14.85,42.599028937644,7.274613391789));
#82 = CARTESIAN_POINT('',(-14.85,42.5,7.274613391789));
#83 = ORIENTED_EDGE('',*,*,#84,.F.);
#84 = EDGE_CURVE('',#85,#57,#87,.T.);
#85 = VERTEX_POINT('',#86);
#86 = CARTESIAN_POINT('',(-14.85,42.5,-7.274613391789));
#87 = B_SPLINE_CURVE_WITH_KNOTS('',3,(#88,#89,#90,#91,#92,#93,#94,#95,
    #96,#97,#98,#99,#100,#101,#102,#103,#104,#105,#106,#107,#108,#109,
    #110),.UNSPECIFIED.,.F.,.F.,(4,2,2,2,2,3,2,2,2,2,4),(-0.44265838226,
    -0.412949700967,-0.372380479412,-0.30472891226,-0.15236445613,0.,
    0.15236445613,0.30472891226,0.372380479412,0.412949700967,
    0.44265838226),.UNSPECIFIED.);
#88 = CARTESIAN_POINT('',(-14.85,42.5,-7.274613391789));
#89 = CARTESIAN_POINT('',(-14.85,42.599028937644,-7.274613391789));
#90 = CARTESIAN_POINT('',(-14.83434316993,42.713663777883,
    -7.247494966639));
#91 = CARTESIAN_POINT('',(-14.77980656137,42.920981478963,
    -7.153034789735));
#92 = CARTESIAN_POINT('',(-14.72413122944,43.039027306753,-7.0566022861)
  );
#93 = CARTESIAN_POINT('',(-14.58129253263,43.259297280457,
    -6.809198405946));
#94 = CARTESIAN_POINT('',(-14.45777082567,43.36973868682,-6.59525253364)
  );
#95 = CARTESIAN_POINT('',(-14.10860417365,43.59376259882,-5.990478152037
    ));
#96 = CARTESIAN_POINT('',(-13.8352141385,43.647355343081,-5.516952720871
    ));
#97 = CARTESIAN_POINT('',(-13.28287410082,43.698957631537,
    -4.560271712559));
#98 = CARTESIAN_POINT('',(-13.00394076021,43.697678104403,
    -4.077144994703));
#99 = CARTESIAN_POINT('',(-12.75,43.697678104403,-3.637306695895));
#100 = CARTESIAN_POINT('',(-12.49605923978,43.697678104403,
    -3.197468397086));
#101 = CARTESIAN_POINT('',(-12.21712589917,43.698957631537,
    -2.71434167923));
#102 = CARTESIAN_POINT('',(-11.66478586149,43.647355343081,
    -1.757660670918));
#103 = CARTESIAN_POINT('',(-11.39139582634,43.59376259882,
    -1.284135239752));
#104 = CARTESIAN_POINT('',(-11.04222917432,43.36973868682,
    -0.679360858149));
#105 = CARTESIAN_POINT('',(-10.91870746736,43.259297280457,
    -0.465414985843));
#106 = CARTESIAN_POINT('',(-10.77586877055,43.039027306753,
    -0.218011105689));
#107 = CARTESIAN_POINT('',(-10.72019343862,42.920981478963,
    -0.121578602054));
#108 = CARTESIAN_POINT('',(-10.66565683006,42.713663777883,
    -2.711842515074E-02));
#109 = CARTESIAN_POINT('',(-10.65,42.599028937644,-1.665334536938E-15));
#110 = CARTESIAN_POINT('',(-10.65,42.5,-1.665334536938E-15));
#111 = ORIENTED_EDGE('',*,*,#112,.F.);
#112 = EDGE_CURVE('',#113,#85,#115,.T.);
#113 = VERTEX_POINT('',#114);
#114 = CARTESIAN_POINT('',(-23.25,42.5,-7.274613391789));
#115 = B_SPLINE_CURVE_WITH_KNOTS('',3,(#116,#117,#118,#119,#120,#121,
    #122,#123,#124,#125,#126,#127,#128,#129,#130,#131,#132,#133,#134,
    #135,#136,#137,#138),.UNSPECIFIED.,.F.,.F.,(4,2,2,2,2,3,2,2,2,2,4),(
    -0.44265838226,-0.412949700967,-0.372380479412,-0.30472891226,
    -0.15236445613,0.,0.15236445613,0.30472891226,0.372380479412,
    0.412949700967,0.44265838226),.UNSPECIFIED.);
#116 = CARTESIAN_POINT('',(-23.25,42.5,-7.274613391789));
#117 = CARTESIAN_POINT('',(-23.25,42.599028937644,-7.274613391789));
#118 = CARTESIAN_POINT('',(-23.21868633987,42.713663777883,
    -7.274613391789));
#119 = CARTESIAN_POINT('',(-23.10961312275,42.920981478963,
    -7.274613391789));
#120 = CARTESIAN_POINT('',(-22.99826245888,43.039027306753,
    -7.274613391789));
#121 = CARTESIAN_POINT('',(-22.71258506527,43.259297280457,
    -7.274613391789));
#122 = CARTESIAN_POINT('',(-22.46554165134,43.36973868682,
    -7.274613391789));
#123 = CARTESIAN_POINT('',(-21.7672083473,43.59376259882,-7.274613391789
    ));
#124 = CARTESIAN_POINT('',(-21.220428277,43.647355343081,-7.274613391789
    ));
#125 = CARTESIAN_POINT('',(-20.11574820164,43.698957631537,
    -7.274613391789));
#126 = CARTESIAN_POINT('',(-19.55788152043,43.697678104403,
    -7.274613391789));
#127 = CARTESIAN_POINT('',(-19.05,43.697678104403,-7.274613391789));
#128 = CARTESIAN_POINT('',(-18.54211847956,43.697678104403,
    -7.274613391789));
#129 = CARTESIAN_POINT('',(-17.98425179835,43.698957631537,
    -7.274613391789));
#130 = CARTESIAN_POINT('',(-16.87957172299,43.647355343081,
    -7.274613391789));
#131 = CARTESIAN_POINT('',(-16.33279165269,43.59376259882,
    -7.274613391789));
#132 = CARTESIAN_POINT('',(-15.63445834865,43.36973868682,
    -7.274613391789));
#133 = CARTESIAN_POINT('',(-15.38741493472,43.259297280457,
    -7.274613391789));
#134 = CARTESIAN_POINT('',(-15.10173754111,43.039027306753,
    -7.274613391789));
#135 = CARTESIAN_POINT('',(-14.99038687724,42.920981478963,
    -7.274613391789));
#136 = CARTESIAN_POINT('',(-14.88131366012,42.713663777883,
    -7.274613391789));
#137 = CARTESIAN_POINT('',(-14.85,42.599028937644,-7.274613391789));
#138 = CARTESIAN_POINT('',(-14.85,42.5,-7.274613391789));
#139 = ORIENTED_EDGE('',*,*,#140,.F.);
#140 = EDGE_CURVE('',#141,#113,#143,.T.);
#141 = VERTEX_POINT('',#142);
#142 = CARTESIAN_POINT('',(-27.45,42.5,3.495826218035E-15));
#143 = B_SPLINE_CURVE_WITH_KNOTS('',3,(#144,#145,#146,#147,#148,#149,
    #150,#151,#152,#153,#154,#155,#156,#157,#158,#159,#160,#161,#162,
    #163,#164,#165,#166),.UNSPECIFIED.,.F.,.F.,(4,2,2,2,2,3,2,2,2,2,4),(
    -0.44265838226,-0.412949700967,-0.372380479412,-0.30472891226,
    -0.15236445613,0.,0.15236445613,0.30472891226,0.372380479412,
    0.412949700967,0.44265838226),.UNSPECIFIED.);
#144 = CARTESIAN_POINT('',(-27.45,42.5,-1.210121385452E-14));
#145 = CARTESIAN_POINT('',(-27.45,42.599028937644,-1.210121385452E-14));
#146 = CARTESIAN_POINT('',(-27.43434316993,42.713663777883,
    -2.711842515075E-02));
#147 = CARTESIAN_POINT('',(-27.37980656137,42.920981478963,
    -0.121578602054));
#148 = CARTESIAN_POINT('',(-27.32413122944,43.039027306753,
    -0.218011105689));
#149 = CARTESIAN_POINT('',(-27.18129253263,43.259297280457,
    -0.465414985843));
#150 = CARTESIAN_POINT('',(-27.05777082567,43.36973868682,
    -0.679360858149));
#151 = CARTESIAN_POINT('',(-26.70860417365,43.59376259882,
    -1.284135239752));
#152 = CARTESIAN_POINT('',(-26.4352141385,43.647355343081,
    -1.757660670918));
#153 = CARTESIAN_POINT('',(-25.88287410082,43.698957631537,
    -2.71434167923));
#154 = CARTESIAN_POINT('',(-25.60394076021,43.697678104403,
    -3.197468397086));
#155 = CARTESIAN_POINT('',(-25.35,43.697678104403,-3.637306695895));
#156 = CARTESIAN_POINT('',(-25.09605923978,43.697678104403,
    -4.077144994703));
#157 = CARTESIAN_POINT('',(-24.81712589917,43.698957631537,
    -4.560271712559));
#158 = CARTESIAN_POINT('',(-24.26478586149,43.647355343081,
    -5.516952720871));
#159 = CARTESIAN_POINT('',(-23.99139582634,43.59376259882,
    -5.990478152037));
#160 = CARTESIAN_POINT('',(-23.64222917432,43.36973868682,-6.59525253364
    ));
#161 = CARTESIAN_POINT('',(-23.51870746736,43.259297280457,
    -6.809198405946));
#162 = CARTESIAN_POINT('',(-23.37586877055,43.039027306753,-7.0566022861
    ));
#163 = CARTESIAN_POINT('',(-23.32019343862,42.920981478963,
    -7.153034789735));
#164 = CARTESIAN_POINT('',(-23.26565683006,42.713663777883,
    -7.247494966639));
#165 = CARTESIAN_POINT('',(-23.25,42.599028937644,-7.274613391789));
#166 = CARTESIAN_POINT('',(-23.25,42.5,-7.274613391789));
#167 = ORIENTED_EDGE('',*,*,#168,.F.);
#168 = EDGE_CURVE('',#169,#141,#171,.T.);
#169 = VERTEX_POINT('',#170);
#170 = CARTESIAN_POINT('',(-23.25,42.5,7.274613391789));
#171 = B_SPLINE_CURVE_WITH_KNOTS('',3,(#172,#173,#174,#175,#176,#177,
    #178,#179,#180,#181,#182,#183,#184,#185,#186,#187,#188,#189,#190,
    #191,#192,#193,#194),.UNSPECIFIED.,.F.,.F.,(4,2,2,2,2,3,2,2,2,2,4),(
    -0.44265838226,-0.412949700967,-0.372380479412,-0.30472891226,
    -0.15236445613,0.,0.15236445613,0.30472891226,0.372380479412,
    0.412949700967,0.44265838226),.UNSPECIFIED.);
#172 = CARTESIAN_POINT('',(-23.25,42.5,7.274613391789));
#173 = CARTESIAN_POINT('',(-23.25,42.599028937644,7.274613391789));
#174 = CARTESIAN_POINT('',(-23.26565683006,42.713663777883,
    7.247494966639));
#175 = CARTESIAN_POINT('',(-23.32019343862,42.920981478963,
    7.153034789735));
#176 = CARTESIAN_POINT('',(-23.37586877055,43.039027306753,7.0566022861)
  );
#177 = CARTESIAN_POINT('',(-23.51870746736,43.259297280457,
    6.809198405946));
#178 = CARTESIAN_POINT('',(-23.64222917432,43.36973868682,6.59525253364)
  );
#179 = CARTESIAN_POINT('',(-23.99139582634,43.59376259882,5.990478152037
    ));
#180 = CARTESIAN_POINT('',(-24.26478586149,43.647355343081,
    5.516952720871));
#181 = CARTESIAN_POINT('',(-24.81712589917,43.698957631537,
    4.560271712559));
#182 = CARTESIAN_POINT('',(-25.09605923978,43.697678104403,
    4.077144994703));
#183 = CARTESIAN_POINT('',(-25.35,43.697678104403,3.637306695895));
#184 = CARTESIAN_POINT('',(-25.60394076021,43.697678104403,
    3.197468397086));
#185 = CARTESIAN_POINT('',(-25.88287410082,43.698957631537,2.71434167923
    ));
#186 = CARTESIAN_POINT('',(-26.4352141385,43.647355343081,1.757660670918
    ));
#187 = CARTESIAN_POINT('',(-26.70860417365,43.59376259882,1.284135239752
    ));
#188 = CARTESIAN_POINT('',(-27.05777082567,43.36973868682,0.679360858149
    ));
#189 = CARTESIAN_POINT('',(-27.18129253263,43.259297280457,
    0.465414985843));
#190 = CARTESIAN_POINT('',(-27.32413122944,43.039027306753,
    0.218011105689));
#191 = CARTESIAN_POINT('',(-27.37980656137,42.920981478963,
    0.121578602054));
#192 = CARTESIAN_POINT('',(-27.43434316993,42.713663777883,
    2.711842515075E-02));
#193 = CARTESIAN_POINT('',(-27.45,42.599028937644,6.661338147751E-15));
#194 = CARTESIAN_POINT('',(-27.45,42.5,6.661338147751E-15));
#195 = ORIENTED_EDGE('',*,*,#196,.F.);
#196 = EDGE_CURVE('',#31,#169,#197,.T.);
#197 = B_SPLINE_CURVE_WITH_KNOTS('',3,(#198,#199,#200,#201,#202,#203,
    #204,#205,#206,#207,#208,#209),.UNSPECIFIED.,.F.,.F.,(4,2,2,2,2,4),(
    0.,0.15236445613,0.30472891226,0.372380479412,0.412949700967,
    0.44265838226),.UNSPECIFIED.);
#198 = CARTESIAN_POINT('',(-19.05,43.697678104403,7.274613391789));
#199 = CARTESIAN_POINT('',(-19.55788152043,43.697678104403,
    7.274613391789));
#200 = CARTESIAN_POINT('',(-20.11574820164,43.698957631537,
    7.274613391789));
#201 = CARTESIAN_POINT('',(-21.220428277,43.647355343081,7.274613391789)
  );
#202 = CARTESIAN_POINT('',(-21.7672083473,43.59376259882,7.274613391789)
  );
#203 = CARTESIAN_POINT('',(-22.46554165134,43.36973868682,7.274613391789
    ));
#204 = CARTESIAN_POINT('',(-22.71258506527,43.259297280457,
    7.274613391789));
#205 = CARTESIAN_POINT('',(-22.99826245888,43.039027306753,
    7.274613391789));
#206 = CARTESIAN_POINT('',(-23.10961312275,42.920981478963,
    7.274613391789));
#207 = CARTESIAN_POINT('',(-23.21868633987,42.713663777883,
    7.274613391789));
#208 = CARTESIAN_POINT('',(-23.25,42.599028937644,7.274613391789));
#209 = CARTESIAN_POINT('',(-23.25,42.5,7.274613391789));
#210 = ORIENTED_EDGE('',*,*,#30,.F.);
#211 = TOROIDAL_SURFACE('',#212,7.2,1.2);
#212 = AXIS2_PLACEMENT_3D('',#213,#214,#215);
#213 = CARTESIAN_POINT('',(-19.05,42.5,3.495826218035E-15));
#214 = DIRECTION('',(0.,-1.,0.));
#215 = DIRECTION('',(0.,0.,-1.));
#216 = ADVANCED_FACE('',(#217),#242,.T.);
#217 = FACE_BOUND('',#218,.T.);
#218 = EDGE_LOOP('',(#219,#220,#228,#236));
#219 = ORIENTED_EDGE('',*,*,#168,.T.);
#220 = ORIENTED_EDGE('',*,*,#221,.T.);
#221 = EDGE_CURVE('',#141,#222,#224,.T.);
#222 = VERTEX_POINT('',#223);
#223 = CARTESIAN_POINT('',(-27.45,37.7,-2.22044604925E-15));
#224 = LINE('',#225,#226);
#225 = CARTESIAN_POINT('',(-27.45,43.7,-2.4735984142E-15));
#226 = VECTOR('',#227,1.);
#227 = DIRECTION('',(0.,-1.,0.));
#228 = ORIENTED_EDGE('',*,*,#229,.F.);
#229 = EDGE_CURVE('',#230,#222,#232,.T.);
#230 = VERTEX_POINT('',#231);
#231 = CARTESIAN_POINT('',(-23.25,37.7,7.274613391789));
#232 = LINE('',#233,#234);
#233 = CARTESIAN_POINT('',(-23.25,37.7,7.274613391789));
#234 = VECTOR('',#235,1.);
#235 = DIRECTION('',(-0.5,0.,-0.866025403784));
#236 = ORIENTED_EDGE('',*,*,#237,.F.);
#237 = EDGE_CURVE('',#169,#230,#238,.T.);
#238 = LINE('',#239,#240);
#239 = CARTESIAN_POINT('',(-23.25,43.7,7.274613391789));
#240 = VECTOR('',#241,1.);
#241 = DIRECTION('',(0.,-1.,0.));
#242 = PLANE('',#243);
#243 = AXIS2_PLACEMENT_3D('',#244,#245,#246);
#244 = CARTESIAN_POINT('',(-23.25,43.7,7.274613391789));
#245 = DIRECTION('',(-0.866025403784,0.,0.5));
#246 = DIRECTION('',(-0.5,0.,-0.866025403784));
#247 = ADVANCED_FACE('',(#248),#266,.T.);
#248 = FACE_BOUND('',#249,.T.);
#249 = EDGE_LOOP('',(#250,#251,#259,#265));
#250 = ORIENTED_EDGE('',*,*,#140,.T.);
#251 = ORIENTED_EDGE('',*,*,#252,.T.);
#252 = EDGE_CURVE('',#113,#253,#255,.T.);
#253 = VERTEX_POINT('',#254);
#254 = CARTESIAN_POINT('',(-23.25,37.7,-7.274613391789));
#255 = LINE('',#256,#257);
#256 = CARTESIAN_POINT('',(-23.25,43.7,-7.274613391789));
#257 = VECTOR('',#258,1.);
#258 = DIRECTION('',(0.,-1.,0.));
#259 = ORIENTED_EDGE('',*,*,#260,.F.);
#260 = EDGE_CURVE('',#222,#253,#261,.T.);
#261 = LINE('',#262,#263);
#262 = CARTESIAN_POINT('',(-27.45,37.7,-2.22044604925E-15));
#263 = VECTOR('',#264,1.);
#264 = DIRECTION('',(0.5,0.,-0.866025403784));
#265 = ORIENTED_EDGE('',*,*,#221,.F.);
#266 = PLANE('',#267);
#267 = AXIS2_PLACEMENT_3D('',#268,#269,#270);
#268 = CARTESIAN_POINT('',(-27.45,43.7,-2.410310322962E-15));
#269 = DIRECTION('',(-0.866025403784,0.,-0.5));
#270 = DIRECTION('',(0.5,0.,-0.866025403784));
#271 = ADVANCED_FACE('',(#272),#290,.T.);
#272 = FACE_BOUND('',#273,.T.);
#273 = EDGE_LOOP('',(#274,#275,#283,#289));
#274 = ORIENTED_EDGE('',*,*,#112,.T.);
#275 = ORIENTED_EDGE('',*,*,#276,.T.);
#276 = EDGE_CURVE('',#85,#277,#279,.T.);
#277 = VERTEX_POINT('',#278);
#278 = CARTESIAN_POINT('',(-14.85,37.7,-7.274613391789));
#279 = LINE('',#280,#281);
#280 = CARTESIAN_POINT('',(-14.85,43.7,-7.274613391789));
#281 = VECTOR('',#282,1.);
#282 = DIRECTION('',(0.,-1.,0.));
#283 = ORIENTED_EDGE('',*,*,#284,.F.);
#284 = EDGE_CURVE('',#253,#277,#285,.T.);
#285 = LINE('',#286,#287);
#286 = CARTESIAN_POINT('',(-23.25,37.7,-7.274613391789));
#287 = VECTOR('',#288,1.);
#288 = DIRECTION('',(1.,0.,5.286776307739E-16));
#289 = ORIENTED_EDGE('',*,*,#252,.F.);
#290 = PLANE('',#291);
#291 = AXIS2_PLACEMENT_3D('',#292,#293,#294);
#292 = CARTESIAN_POINT('',(-23.25,43.7,-7.274613391789));
#293 = DIRECTION('',(5.286776307739E-16,0.,-1.));
#294 = DIRECTION('',(1.,0.,5.286776307739E-16));
#295 = ADVANCED_FACE('',(#296),#489,.T.);
#296 = FACE_BOUND('',#297,.T.);
#297 = EDGE_LOOP('',(#298,#307,#316,#333,#361,#389,#417,#445,#473,#488)
  );
#298 = ORIENTED_EDGE('',*,*,#299,.F.);
#299 = EDGE_CURVE('',#300,#300,#302,.T.);
#300 = VERTEX_POINT('',#301);
#301 = CARTESIAN_POINT('',(19.05,43.7,7.2));
#302 = CIRCLE('',#303,7.2);
#303 = AXIS2_PLACEMENT_3D('',#304,#305,#306);
#304 = CARTESIAN_POINT('',(19.05,43.7,0.));
#305 = DIRECTION('',(0.,1.,0.));
#306 = DIRECTION('',(0.,0.,-1.));
#307 = ORIENTED_EDGE('',*,*,#308,.T.);
#308 = EDGE_CURVE('',#300,#309,#311,.T.);
#309 = VERTEX_POINT('',#310);
#310 = CARTESIAN_POINT('',(19.05,43.697678104403,7.274613391789));
#311 = CIRCLE('',#312,1.2);
#312 = AXIS2_PLACEMENT_3D('',#313,#314,#315);
#313 = CARTESIAN_POINT('',(19.05,42.5,7.2));
#314 = DIRECTION('',(1.,0.,-0.));
#315 = DIRECTION('',(0.,0.,1.));
#316 = ORIENTED_EDGE('',*,*,#317,.F.);
#317 = EDGE_CURVE('',#318,#309,#320,.T.);
#318 = VERTEX_POINT('',#319);
#319 = CARTESIAN_POINT('',(23.25,42.5,7.274613391789));
#320 = B_SPLINE_CURVE_WITH_KNOTS('',3,(#321,#322,#323,#324,#325,#326,
    #327,#328,#329,#330,#331,#332),.UNSPECIFIED.,.F.,.F.,(4,2,2,2,2,4),(
    -0.44265838226,-0.412949700967,-0.372380479412,-0.30472891226,
    -0.15236445613,0.),.UNSPECIFIED.);
#321 = CARTESIAN_POINT('',(23.25,42.5,7.274613391789));
#322 = CARTESIAN_POINT('',(23.25,42.599028937644,7.274613391789));
#323 = CARTESIAN_POINT('',(23.218686339878,42.713663777883,
    7.274613391789));
#324 = CARTESIAN_POINT('',(23.109613122752,42.920981478963,
    7.274613391789));
#325 = CARTESIAN_POINT('',(22.998262458888,43.039027306753,
    7.274613391789));
#326 = CARTESIAN_POINT('',(22.712585065277,43.259297280457,
    7.274613391789));
#327 = CARTESIAN_POINT('',(22.465541651342,43.36973868682,7.274613391789
    ));
#328 = CARTESIAN_POINT('',(21.767208347306,43.59376259882,7.274613391789
    ));
#329 = CARTESIAN_POINT('',(21.220428277003,43.647355343081,
    7.274613391789));
#330 = CARTESIAN_POINT('',(20.115748201648,43.698957631537,
    7.274613391789));
#331 = CARTESIAN_POINT('',(19.557881520434,43.697678104403,
    7.274613391789));
#332 = CARTESIAN_POINT('',(19.05,43.697678104403,7.274613391789));
#333 = ORIENTED_EDGE('',*,*,#334,.F.);
#334 = EDGE_CURVE('',#335,#318,#337,.T.);
#335 = VERTEX_POINT('',#336);
#336 = CARTESIAN_POINT('',(27.45,42.5,1.720845688169E-14));
#337 = B_SPLINE_CURVE_WITH_KNOTS('',3,(#338,#339,#340,#341,#342,#343,
    #344,#345,#346,#347,#348,#349,#350,#351,#352,#353,#354,#355,#356,
    #357,#358,#359,#360),.UNSPECIFIED.,.F.,.F.,(4,2,2,2,2,3,2,2,2,2,4),(
    -0.44265838226,-0.412949700967,-0.372380479412,-0.30472891226,
    -0.15236445613,0.,0.15236445613,0.30472891226,0.372380479412,
    0.412949700967,0.44265838226),.UNSPECIFIED.);
#338 = CARTESIAN_POINT('',(27.45,42.5,1.31868163021E-14));
#339 = CARTESIAN_POINT('',(27.45,42.599028937644,1.31868163021E-14));
#340 = CARTESIAN_POINT('',(27.434343169939,42.713663777883,
    2.711842515075E-02));
#341 = CARTESIAN_POINT('',(27.379806561376,42.920981478963,
    0.121578602054));
#342 = CARTESIAN_POINT('',(27.324131229444,43.039027306753,
    0.218011105689));
#343 = CARTESIAN_POINT('',(27.181292532639,43.259297280457,
    0.465414985843));
#344 = CARTESIAN_POINT('',(27.057770825671,43.36973868682,0.679360858149
    ));
#345 = CARTESIAN_POINT('',(26.708604173653,43.59376259882,1.284135239752
    ));
#346 = CARTESIAN_POINT('',(26.435214138501,43.647355343081,
    1.757660670918));
#347 = CARTESIAN_POINT('',(25.882874100824,43.698957631537,2.71434167923
    ));
#348 = CARTESIAN_POINT('',(25.603940760217,43.697678104403,
    3.197468397086));
#349 = CARTESIAN_POINT('',(25.35,43.697678104403,3.637306695895));
#350 = CARTESIAN_POINT('',(25.096059239783,43.697678104403,
    4.077144994703));
#351 = CARTESIAN_POINT('',(24.817125899176,43.698957631537,
    4.560271712559));
#352 = CARTESIAN_POINT('',(24.264785861499,43.647355343081,
    5.516952720871));
#353 = CARTESIAN_POINT('',(23.991395826347,43.59376259882,5.990478152037
    ));
#354 = CARTESIAN_POINT('',(23.642229174329,43.36973868682,6.59525253364)
  );
#355 = CARTESIAN_POINT('',(23.518707467361,43.259297280457,
    6.809198405946));
#356 = CARTESIAN_POINT('',(23.375868770556,43.039027306753,7.0566022861)
  );
#357 = CARTESIAN_POINT('',(23.320193438624,42.920981478963,
    7.153034789735));
#358 = CARTESIAN_POINT('',(23.265656830061,42.713663777883,
    7.247494966639));
#359 = CARTESIAN_POINT('',(23.25,42.599028937644,7.274613391789));
#360 = CARTESIAN_POINT('',(23.25,42.5,7.274613391789));
#361 = ORIENTED_EDGE('',*,*,#362,.F.);
#362 = EDGE_CURVE('',#363,#335,#365,.T.);
#363 = VERTEX_POINT('',#364);
#364 = CARTESIAN_POINT('',(23.25,42.5,-7.274613391789));
#365 = B_SPLINE_CURVE_WITH_KNOTS('',3,(#366,#367,#368,#369,#370,#371,
    #372,#373,#374,#375,#376,#377,#378,#379,#380,#381,#382,#383,#384,
    #385,#386,#387,#388),.UNSPECIFIED.,.F.,.F.,(4,2,2,2,2,3,2,2,2,2,4),(
    -0.44265838226,-0.412949700967,-0.372380479412,-0.30472891226,
    -0.15236445613,0.,0.15236445613,0.30472891226,0.372380479412,
    0.412949700967,0.44265838226),.UNSPECIFIED.);
#366 = CARTESIAN_POINT('',(23.25,42.5,-7.274613391789));
#367 = CARTESIAN_POINT('',(23.25,42.599028937644,-7.274613391789));
#368 = CARTESIAN_POINT('',(23.265656830061,42.713663777883,
    -7.247494966639));
#369 = CARTESIAN_POINT('',(23.320193438624,42.920981478963,
    -7.153034789735));
#370 = CARTESIAN_POINT('',(23.375868770556,43.039027306753,-7.0566022861
    ));
#371 = CARTESIAN_POINT('',(23.518707467361,43.259297280457,
    -6.809198405946));
#372 = CARTESIAN_POINT('',(23.642229174329,43.36973868682,-6.59525253364
    ));
#373 = CARTESIAN_POINT('',(23.991395826347,43.59376259882,
    -5.990478152037));
#374 = CARTESIAN_POINT('',(24.264785861499,43.647355343081,
    -5.516952720871));
#375 = CARTESIAN_POINT('',(24.817125899176,43.698957631537,
    -4.560271712559));
#376 = CARTESIAN_POINT('',(25.096059239783,43.697678104403,
    -4.077144994703));
#377 = CARTESIAN_POINT('',(25.35,43.697678104403,-3.637306695895));
#378 = CARTESIAN_POINT('',(25.603940760217,43.697678104403,
    -3.197468397086));
#379 = CARTESIAN_POINT('',(25.882874100824,43.698957631537,
    -2.71434167923));
#380 = CARTESIAN_POINT('',(26.435214138501,43.647355343081,
    -1.757660670918));
#381 = CARTESIAN_POINT('',(26.708604173653,43.59376259882,
    -1.284135239752));
#382 = CARTESIAN_POINT('',(27.057770825671,43.36973868682,
    -0.679360858149));
#383 = CARTESIAN_POINT('',(27.181292532639,43.259297280457,
    -0.465414985843));
#384 = CARTESIAN_POINT('',(27.324131229444,43.039027306753,
    -0.218011105689));
#385 = CARTESIAN_POINT('',(27.379806561376,42.920981478963,
    -0.121578602054));
#386 = CARTESIAN_POINT('',(27.434343169939,42.713663777883,
    -2.711842515075E-02));
#387 = CARTESIAN_POINT('',(27.45,42.599028937644,-1.7763568394E-14));
#388 = CARTESIAN_POINT('',(27.45,42.5,-1.7763568394E-14));
#389 = ORIENTED_EDGE('',*,*,#390,.F.);
#390 = EDGE_CURVE('',#391,#363,#393,.T.);
#391 = VERTEX_POINT('',#392);
#392 = CARTESIAN_POINT('',(14.85,42.5,-7.274613391789));
#393 = B_SPLINE_CURVE_WITH_KNOTS('',3,(#394,#395,#396,#397,#398,#399,
    #400,#401,#402,#403,#404,#405,#406,#407,#408,#409,#410,#411,#412,
    #413,#414,#415,#416),.UNSPECIFIED.,.F.,.F.,(4,2,2,2,2,3,2,2,2,2,4),(
    -0.44265838226,-0.412949700967,-0.372380479412,-0.30472891226,
    -0.15236445613,0.,0.15236445613,0.30472891226,0.372380479412,
    0.412949700967,0.44265838226),.UNSPECIFIED.);
#394 = CARTESIAN_POINT('',(14.85,42.5,-7.274613391789));
#395 = CARTESIAN_POINT('',(14.85,42.599028937644,-7.274613391789));
#396 = CARTESIAN_POINT('',(14.881313660122,42.713663777883,
    -7.274613391789));
#397 = CARTESIAN_POINT('',(14.990386877248,42.920981478963,
    -7.274613391789));
#398 = CARTESIAN_POINT('',(15.101737541112,43.039027306753,
    -7.274613391789));
#399 = CARTESIAN_POINT('',(15.387414934723,43.259297280457,
    -7.274613391789));
#400 = CARTESIAN_POINT('',(15.634458348658,43.36973868682,
    -7.274613391789));
#401 = CARTESIAN_POINT('',(16.332791652694,43.59376259882,
    -7.274613391789));
#402 = CARTESIAN_POINT('',(16.879571722998,43.647355343081,
    -7.274613391789));
#403 = CARTESIAN_POINT('',(17.984251798352,43.698957631537,
    -7.274613391789));
#404 = CARTESIAN_POINT('',(18.542118479566,43.697678104403,
    -7.274613391789));
#405 = CARTESIAN_POINT('',(19.05,43.697678104403,-7.274613391789));
#406 = CARTESIAN_POINT('',(19.557881520434,43.697678104403,
    -7.274613391789));
#407 = CARTESIAN_POINT('',(20.115748201648,43.698957631537,
    -7.274613391789));
#408 = CARTESIAN_POINT('',(21.220428277003,43.647355343081,
    -7.274613391789));
#409 = CARTESIAN_POINT('',(21.767208347306,43.59376259882,
    -7.274613391789));
#410 = CARTESIAN_POINT('',(22.465541651342,43.36973868682,
    -7.274613391789));
#411 = CARTESIAN_POINT('',(22.712585065277,43.259297280457,
    -7.274613391789));
#412 = CARTESIAN_POINT('',(22.998262458888,43.039027306753,
    -7.274613391789));
#413 = CARTESIAN_POINT('',(23.109613122752,42.920981478963,
    -7.274613391789));
#414 = CARTESIAN_POINT('',(23.218686339878,42.713663777883,
    -7.274613391789));
#415 = CARTESIAN_POINT('',(23.25,42.599028937644,-7.274613391789));
#416 = CARTESIAN_POINT('',(23.25,42.5,-7.274613391789));
#417 = ORIENTED_EDGE('',*,*,#418,.F.);
#418 = EDGE_CURVE('',#419,#391,#421,.T.);
#419 = VERTEX_POINT('',#420);
#420 = CARTESIAN_POINT('',(10.65,42.5,0.));
#421 = B_SPLINE_CURVE_WITH_KNOTS('',3,(#422,#423,#424,#425,#426,#427,
    #428,#429,#430,#431,#432,#433,#434,#435,#436,#437,#438,#439,#440,
    #441,#442,#443,#444),.UNSPECIFIED.,.F.,.F.,(4,2,2,2,2,3,2,2,2,2,4),(
    -0.44265838226,-0.412949700967,-0.372380479412,-0.30472891226,
    -0.15236445613,0.,0.15236445613,0.30472891226,0.372380479412,
    0.412949700967,0.44265838226),.UNSPECIFIED.);
#422 = CARTESIAN_POINT('',(10.65,42.5,-1.446474445297E-15));
#423 = CARTESIAN_POINT('',(10.65,42.599028937644,-1.446474445297E-15));
#424 = CARTESIAN_POINT('',(10.665656830061,42.713663777883,
    -2.711842515074E-02));
#425 = CARTESIAN_POINT('',(10.720193438624,42.920981478963,
    -0.121578602054));
#426 = CARTESIAN_POINT('',(10.775868770556,43.039027306753,
    -0.218011105689));
#427 = CARTESIAN_POINT('',(10.918707467361,43.259297280457,
    -0.465414985843));
#428 = CARTESIAN_POINT('',(11.042229174329,43.36973868682,
    -0.679360858149));
#429 = CARTESIAN_POINT('',(11.391395826347,43.59376259882,
    -1.284135239752));
#430 = CARTESIAN_POINT('',(11.664785861499,43.647355343081,
    -1.757660670918));
#431 = CARTESIAN_POINT('',(12.217125899176,43.698957631537,
    -2.71434167923));
#432 = CARTESIAN_POINT('',(12.496059239783,43.697678104403,
    -3.197468397086));
#433 = CARTESIAN_POINT('',(12.75,43.697678104403,-3.637306695895));
#434 = CARTESIAN_POINT('',(13.003940760217,43.697678104403,
    -4.077144994703));
#435 = CARTESIAN_POINT('',(13.282874100824,43.698957631537,
    -4.560271712559));
#436 = CARTESIAN_POINT('',(13.835214138501,43.647355343081,
    -5.516952720871));
#437 = CARTESIAN_POINT('',(14.108604173653,43.59376259882,
    -5.990478152037));
#438 = CARTESIAN_POINT('',(14.457770825671,43.36973868682,-6.59525253364
    ));
#439 = CARTESIAN_POINT('',(14.581292532639,43.259297280457,
    -6.809198405946));
#440 = CARTESIAN_POINT('',(14.724131229444,43.039027306753,-7.0566022861
    ));
#441 = CARTESIAN_POINT('',(14.779806561376,42.920981478963,
    -7.153034789735));
#442 = CARTESIAN_POINT('',(14.834343169939,42.713663777883,
    -7.247494966639));
#443 = CARTESIAN_POINT('',(14.85,42.599028937644,-7.274613391789));
#444 = CARTESIAN_POINT('',(14.85,42.5,-7.274613391789));
#445 = ORIENTED_EDGE('',*,*,#446,.F.);
#446 = EDGE_CURVE('',#447,#419,#449,.T.);
#447 = VERTEX_POINT('',#448);
#448 = CARTESIAN_POINT('',(14.85,42.5,7.274613391789));
#449 = B_SPLINE_CURVE_WITH_KNOTS('',3,(#450,#451,#452,#453,#454,#455,
    #456,#457,#458,#459,#460,#461,#462,#463,#464,#465,#466,#467,#468,
    #469,#470,#471,#472),.UNSPECIFIED.,.F.,.F.,(4,2,2,2,2,3,2,2,2,2,4),(
    -0.44265838226,-0.412949700967,-0.372380479412,-0.30472891226,
    -0.15236445613,0.,0.15236445613,0.30472891226,0.372380479412,
    0.412949700967,0.44265838226),.UNSPECIFIED.);
#450 = CARTESIAN_POINT('',(14.85,42.5,7.274613391789));
#451 = CARTESIAN_POINT('',(14.85,42.599028937644,7.274613391789));
#452 = CARTESIAN_POINT('',(14.834343169939,42.713663777883,
    7.247494966639));
#453 = CARTESIAN_POINT('',(14.779806561376,42.920981478963,
    7.153034789735));
#454 = CARTESIAN_POINT('',(14.724131229444,43.039027306753,7.0566022861)
  );
#455 = CARTESIAN_POINT('',(14.581292532639,43.259297280457,
    6.809198405946));
#456 = CARTESIAN_POINT('',(14.457770825671,43.36973868682,6.59525253364)
  );
#457 = CARTESIAN_POINT('',(14.108604173653,43.59376259882,5.990478152037
    ));
#458 = CARTESIAN_POINT('',(13.835214138501,43.647355343081,
    5.516952720871));
#459 = CARTESIAN_POINT('',(13.282874100824,43.698957631537,
    4.560271712559));
#460 = CARTESIAN_POINT('',(13.003940760217,43.697678104403,
    4.077144994703));
#461 = CARTESIAN_POINT('',(12.75,43.697678104403,3.637306695895));
#462 = CARTESIAN_POINT('',(12.496059239783,43.697678104403,
    3.197468397086));
#463 = CARTESIAN_POINT('',(12.217125899176,43.698957631537,2.71434167923
    ));
#464 = CARTESIAN_POINT('',(11.664785861499,43.647355343081,
    1.757660670918));
#465 = CARTESIAN_POINT('',(11.391395826347,43.59376259882,1.284135239752
    ));
#466 = CARTESIAN_POINT('',(11.042229174329,43.36973868682,0.679360858149
    ));
#467 = CARTESIAN_POINT('',(10.918707467361,43.259297280457,
    0.465414985843));
#468 = CARTESIAN_POINT('',(10.775868770556,43.039027306753,
    0.218011105689));
#469 = CARTESIAN_POINT('',(10.720193438624,42.920981478963,
    0.121578602054));
#470 = CARTESIAN_POINT('',(10.665656830061,42.713663777883,
    2.711842515074E-02));
#471 = CARTESIAN_POINT('',(10.65,42.599028937644,-8.326672684689E-16));
#472 = CARTESIAN_POINT('',(10.65,42.5,-8.326672684689E-16));
#473 = ORIENTED_EDGE('',*,*,#474,.F.);
#474 = EDGE_CURVE('',#309,#447,#475,.T.);
#475 = B_SPLINE_CURVE_WITH_KNOTS('',3,(#476,#477,#478,#479,#480,#481,
    #482,#483,#484,#485,#486,#487),.UNSPECIFIED.,.F.,.F.,(4,2,2,2,2,4),(
    0.,0.15236445613,0.30472891226,0.372380479412,0.412949700967,
    0.44265838226),.UNSPECIFIED.);
#476 = CARTESIAN_POINT('',(19.05,43.697678104403,7.274613391789));
#477 = CARTESIAN_POINT('',(18.542118479566,43.697678104403,
    7.274613391789));
#478 = CARTESIAN_POINT('',(17.984251798352,43.698957631537,
    7.274613391789));
#479 = CARTESIAN_POINT('',(16.879571722998,43.647355343081,
    7.274613391789));
#480 = CARTESIAN_POINT('',(16.332791652694,43.59376259882,7.274613391789
    ));
#481 = CARTESIAN_POINT('',(15.634458348658,43.36973868682,7.274613391789
    ));
#482 = CARTESIAN_POINT('',(15.387414934723,43.259297280457,
    7.274613391789));
#483 = CARTESIAN_POINT('',(15.101737541112,43.039027306753,
    7.274613391789));
#484 = CARTESIAN_POINT('',(14.990386877248,42.920981478963,
    7.274613391789));
#485 = CARTESIAN_POINT('',(14.881313660122,42.713663777883,
    7.274613391789));
#486 = CARTESIAN_POINT('',(14.85,42.599028937644,7.274613391789));
#487 = CARTESIAN_POINT('',(14.85,42.5,7.274613391789));
#488 = ORIENTED_EDGE('',*,*,#308,.F.);
#489 = TOROIDAL_SURFACE('',#490,7.2,1.2);
#490 = AXIS2_PLACEMENT_3D('',#491,#492,#493);
#491 = CARTESIAN_POINT('',(19.05,42.5,0.));
#492 = DIRECTION('',(0.,-1.,0.));
#493 = DIRECTION('',(0.,0.,-1.));
#494 = ADVANCED_FACE('',(#495),#520,.T.);
#495 = FACE_BOUND('',#496,.T.);
#496 = EDGE_LOOP('',(#497,#498,#506,#514));
#497 = ORIENTED_EDGE('',*,*,#446,.T.);
#498 = ORIENTED_EDGE('',*,*,#499,.T.);
#499 = EDGE_CURVE('',#419,#500,#502,.T.);
#500 = VERTEX_POINT('',#501);
#501 = CARTESIAN_POINT('',(10.65,37.7,-1.110223024625E-15));
#502 = LINE('',#503,#504);
#503 = CARTESIAN_POINT('',(10.65,43.7,-6.831178856266E-16));
#504 = VECTOR('',#505,1.);
#505 = DIRECTION('',(0.,-1.,0.));
#506 = ORIENTED_EDGE('',*,*,#507,.F.);
#507 = EDGE_CURVE('',#508,#500,#510,.T.);
#508 = VERTEX_POINT('',#509);
#509 = CARTESIAN_POINT('',(14.85,37.7,7.274613391789));
#510 = LINE('',#511,#512);
#511 = CARTESIAN_POINT('',(14.85,37.7,7.274613391789));
#512 = VECTOR('',#513,1.);
#513 = DIRECTION('',(-0.5,0.,-0.866025403784));
#514 = ORIENTED_EDGE('',*,*,#515,.F.);
#515 = EDGE_CURVE('',#447,#508,#516,.T.);
#516 = LINE('',#517,#518);
#517 = CARTESIAN_POINT('',(14.85,43.7,7.274613391789));
#518 = VECTOR('',#519,1.);
#519 = DIRECTION('',(0.,-1.,0.));
#520 = PLANE('',#521);
#521 = AXIS2_PLACEMENT_3D('',#522,#523,#524);
#522 = CARTESIAN_POINT('',(14.85,43.7,7.274613391789));
#523 = DIRECTION('',(-0.866025403784,0.,0.5));
#524 = DIRECTION('',(-0.5,0.,-0.866025403784));
#525 = ADVANCED_FACE('',(#526),#544,.T.);
#526 = FACE_BOUND('',#527,.T.);
#527 = EDGE_LOOP('',(#528,#529,#537,#543));
#528 = ORIENTED_EDGE('',*,*,#418,.T.);
#529 = ORIENTED_EDGE('',*,*,#530,.T.);
#530 = EDGE_CURVE('',#391,#531,#533,.T.);
#531 = VERTEX_POINT('',#532);
#532 = CARTESIAN_POINT('',(14.85,37.7,-7.274613391789));
#533 = LINE('',#534,#535);
#534 = CARTESIAN_POINT('',(14.85,43.7,-7.274613391789));
#535 = VECTOR('',#536,1.);
#536 = DIRECTION('',(0.,-1.,0.));
#537 = ORIENTED_EDGE('',*,*,#538,.F.);
#538 = EDGE_CURVE('',#500,#531,#539,.T.);
#539 = LINE('',#540,#541);
#540 = CARTESIAN_POINT('',(10.65,37.7,-1.110223024625E-15));
#541 = VECTOR('',#542,1.);
#542 = DIRECTION('',(0.5,0.,-0.866025403784));
#543 = ORIENTED_EDGE('',*,*,#499,.F.);
#544 = PLANE('',#545);
#545 = AXIS2_PLACEMENT_3D('',#546,#547,#548);
#546 = CARTESIAN_POINT('',(10.65,43.7,-7.898941703762E-16));
#547 = DIRECTION('',(-0.866025403784,0.,-0.5));
#548 = DIRECTION('',(0.5,0.,-0.866025403784));
#549 = ADVANCED_FACE('',(#550),#568,.T.);
#550 = FACE_BOUND('',#551,.T.);
#551 = EDGE_LOOP('',(#552,#553,#561,#567));
#552 = ORIENTED_EDGE('',*,*,#390,.T.);
#553 = ORIENTED_EDGE('',*,*,#554,.T.);
#554 = EDGE_CURVE('',#363,#555,#557,.T.);
#555 = VERTEX_POINT('',#556);
#556 = CARTESIAN_POINT('',(23.25,37.7,-7.274613391789));
#557 = LINE('',#558,#559);
#558 = CARTESIAN_POINT('',(23.25,43.7,-7.274613391789));
#559 = VECTOR('',#560,1.);
#560 = DIRECTION('',(0.,-1.,0.));
#561 = ORIENTED_EDGE('',*,*,#562,.F.);
#562 = EDGE_CURVE('',#531,#555,#563,.T.);
#563 = LINE('',#564,#565);
#564 = CARTESIAN_POINT('',(14.85,37.7,-7.274613391789));
#565 = VECTOR('',#566,1.);
#566 = DIRECTION('',(1.,0.,-3.965082230804E-16));
#567 = ORIENTED_EDGE('',*,*,#530,.F.);
#568 = PLANE('',#569);
#569 = AXIS2_PLACEMENT_3D('',#570,#571,#572);
#570 = CARTESIAN_POINT('',(14.85,43.7,-7.274613391789));
#571 = DIRECTION('',(-3.965082230804E-16,0.,-1.));
#572 = DIRECTION('',(1.,0.,-3.965082230804E-16));
#573 = ADVANCED_FACE('',(#574),#601,.F.);
#574 = FACE_BOUND('',#575,.F.);
#575 = EDGE_LOOP('',(#576,#586,#593,#594));
#576 = ORIENTED_EDGE('',*,*,#577,.T.);
#577 = EDGE_CURVE('',#578,#580,#582,.T.);
#578 = VERTEX_POINT('',#579);
#579 = CARTESIAN_POINT('',(-2.55,8.,15.9));
#580 = VERTEX_POINT('',#581);
#581 = CARTESIAN_POINT('',(-2.55,0.,15.9));
#582 = LINE('',#583,#584);
#583 = CARTESIAN_POINT('',(-2.55,4.,15.9));
#584 = VECTOR('',#585,1.);
#585 = DIRECTION('',(0.,-1.,0.));
#586 = ORIENTED_EDGE('',*,*,#587,.T.);
#587 = EDGE_CURVE('',#580,#580,#588,.T.);
#588 = CIRCLE('',#589,2.55);
#589 = AXIS2_PLACEMENT_3D('',#590,#591,#592);
#590 = CARTESIAN_POINT('',(0.,0.,15.9));
#591 = DIRECTION('',(-0.,1.,0.));
#592 = DIRECTION('',(1.,0.,0.));
#593 = ORIENTED_EDGE('',*,*,#577,.F.);
#594 = ORIENTED_EDGE('',*,*,#595,.T.);
#595 = EDGE_CURVE('',#578,#578,#596,.T.);
#596 = CIRCLE('',#597,2.55);
#597 = AXIS2_PLACEMENT_3D('',#598,#599,#600);
#598 = CARTESIAN_POINT('',(0.,8.,15.9));
#599 = DIRECTION('',(0.,-1.,0.));
#600 = DIRECTION('',(1.,0.,0.));
#601 = CYLINDRICAL_SURFACE('',#602,2.55);
#602 = AXIS2_PLACEMENT_3D('',#603,#604,#605);
#603 = CARTESIAN_POINT('',(0.,4.,15.9));
#604 = DIRECTION('',(0.,1.,0.));
#605 = DIRECTION('',(1.,0.,0.));
#606 = ADVANCED_FACE('',(#607),#634,.F.);
#607 = FACE_BOUND('',#608,.F.);
#608 = EDGE_LOOP('',(#609,#619,#626,#627));
#609 = ORIENTED_EDGE('',*,*,#610,.T.);
#610 = EDGE_CURVE('',#611,#613,#615,.T.);
#611 = VERTEX_POINT('',#612);
#612 = CARTESIAN_POINT('',(-2.55,8.,-15.9));
#613 = VERTEX_POINT('',#614);
#614 = CARTESIAN_POINT('',(-2.55,0.,-15.9));
#615 = LINE('',#616,#617);
#616 = CARTESIAN_POINT('',(-2.55,4.,-15.9));
#617 = VECTOR('',#618,1.);
#618 = DIRECTION('',(0.,-1.,0.));
#619 = ORIENTED_EDGE('',*,*,#620,.T.);
#620 = EDGE_CURVE('',#613,#613,#621,.T.);
#621 = CIRCLE('',#622,2.55);
#622 = AXIS2_PLACEMENT_3D('',#623,#624,#625);
#623 = CARTESIAN_POINT('',(0.,0.,-15.9));
#624 = DIRECTION('',(-0.,1.,0.));
#625 = DIRECTION('',(1.,0.,0.));
#626 = ORIENTED_EDGE('',*,*,#610,.F.);
#627 = ORIENTED_EDGE('',*,*,#628,.T.);
#628 = EDGE_CURVE('',#611,#611,#629,.T.);
#629 = CIRCLE('',#630,2.55);
#630 = AXIS2_PLACEMENT_3D('',#631,#632,#633);
#631 = CARTESIAN_POINT('',(0.,8.,-15.9));
#632 = DIRECTION('',(0.,-1.,0.));
#633 = DIRECTION('',(1.,0.,0.));
#634 = CYLINDRICAL_SURFACE('',#635,2.55);
#635 = AXIS2_PLACEMENT_3D('',#636,#637,#638);
#636 = CARTESIAN_POINT('',(0.,4.,-15.9));
#637 = DIRECTION('',(0.,1.,0.));
#638 = DIRECTION('',(1.,0.,0.));
#639 = ADVANCED_FACE('',(#640),#773,.T.);
#640 = FACE_BOUND('',#641,.T.);
#641 = EDGE_LOOP('',(#642,#701,#710,#767));
#642 = ORIENTED_EDGE('',*,*,#643,.T.);
#643 = EDGE_CURVE('',#644,#646,#648,.T.);
#644 = VERTEX_POINT('',#645);
#645 = CARTESIAN_POINT('',(-38.73501858891,13.2,22.25));
#646 = VERTEX_POINT('',#647);
#647 = CARTESIAN_POINT('',(-38.79579374354,13.261252290574,
    22.249061819179));
#648 = B_SPLINE_CURVE_WITH_KNOTS('',3,(#649,#650,#651,#652,#653,#654,
    #655,#656,#657,#658,#659,#660,#661,#662,#663,#664,#665,#666,#667,
    #668,#669,#670,#671,#672,#673,#674,#675,#676,#677,#678,#679,#680,
    #681,#682,#683,#684,#685,#686,#687,#688,#689,#690,#691,#692,#693,
    #694,#695,#696,#697,#698,#699,#700),.UNSPECIFIED.,.F.,.F.,(4,3,3,3,3
    ,3,3,3,3,3,3,3,3,3,3,3,3,4),(0.,4.770351031114E-02,
    9.787350494279E-02,0.154316184719,0.21503662432,0.307444203616,
    0.373280790825,0.429389789714,0.481692642888,0.539093860965,
    0.593271571449,0.65442422341,0.741367613904,0.806025710428,
    0.861537650473,0.913471935257,0.961738540243,1.),.UNSPECIFIED.);
#649 = CARTESIAN_POINT('',(-38.73501858891,13.2,22.25));
#650 = CARTESIAN_POINT('',(-38.73530192326,13.200285326522,22.25));
#651 = CARTESIAN_POINT('',(-38.73558847255,13.200573894026,
    22.249999950305));
#652 = CARTESIAN_POINT('',(-38.73594720081,13.20093524374,22.24999978133
    ));
#653 = CARTESIAN_POINT('',(-38.73632447692,13.201315276848,
    22.249999603618));
#654 = CARTESIAN_POINT('',(-38.73678136632,13.201775588818,
    22.249999295997));
#655 = CARTESIAN_POINT('',(-38.73735720009,13.202355849586,
    22.249998612493));
#656 = CARTESIAN_POINT('',(-38.73800502956,13.203008659556,
    22.249997843531));
#657 = CARTESIAN_POINT('',(-38.73880340986,13.203813292052,
    22.249996596568));
#658 = CARTESIAN_POINT('',(-38.73975886519,13.204776347184,
    22.249994296619));
#659 = CARTESIAN_POINT('',(-38.74078673396,13.205812391737,
    22.249991822358));
#660 = CARTESIAN_POINT('',(-38.74199553902,13.207030925809,
    22.249988105196));
#661 = CARTESIAN_POINT('',(-38.74334647031,13.208392840374,
    22.24998238998));
#662 = CARTESIAN_POINT('',(-38.74540238906,13.210465474053,
    22.249973692262));
#663 = CARTESIAN_POINT('',(-38.74778583751,13.212868534335,
    22.249960158254));
#664 = CARTESIAN_POINT('',(-38.7502619376,13.215365214602,
    22.249940976674));
#665 = CARTESIAN_POINT('',(-38.75202605674,13.217143996271,
    22.24992731059));
#666 = CARTESIAN_POINT('',(-38.75383390811,13.218966973093,
    22.249910865215));
#667 = CARTESIAN_POINT('',(-38.75561186919,13.220759883323,
    22.249892253909));
#668 = CARTESIAN_POINT('',(-38.75712713023,13.222287884734,
    22.249876392489));
#669 = CARTESIAN_POINT('',(-38.75862011374,13.223793475855,
    22.249858998904));
#670 = CARTESIAN_POINT('',(-38.76007229777,13.225257938034,
    22.249840502782));
#671 = CARTESIAN_POINT('',(-38.76142597311,13.226623058636,
    22.249823261341));
#672 = CARTESIAN_POINT('',(-38.76274376345,13.227952004734,
    22.249805091017));
#673 = CARTESIAN_POINT('',(-38.76404287646,13.229262064702,
    22.249785921435));
#674 = CARTESIAN_POINT('',(-38.7654686241,13.23069982638,22.249764883245
    ));
#675 = CARTESIAN_POINT('',(-38.7668768924,13.232119893647,
    22.249742592206));
#676 = CARTESIAN_POINT('',(-38.76832169219,13.233576619619,
    22.249718132791));
#677 = CARTESIAN_POINT('',(-38.76968535566,13.234951539536,
    22.249695046956));
#678 = CARTESIAN_POINT('',(-38.77108113446,13.236358684718,
    22.249670004703));
#679 = CARTESIAN_POINT('',(-38.77251220713,13.237801223961,
    22.249642734957));
#680 = CARTESIAN_POINT('',(-38.77412751882,13.23942947845,
    22.249611954453));
#681 = CARTESIAN_POINT('',(-38.77578731441,13.241102339975,
    22.249578307326));
#682 = CARTESIAN_POINT('',(-38.7774502172,13.242778106484,
    22.249542456065));
#683 = CARTESIAN_POINT('',(-38.77981443858,13.245160616764,
    22.249491484765));
#684 = CARTESIAN_POINT('',(-38.78218296137,13.247546998556,
    22.249435943815));
#685 = CARTESIAN_POINT('',(-38.78435952124,13.249739603542,
    22.249381397292));
#686 = CARTESIAN_POINT('',(-38.78597818618,13.251370200923,
    22.249340832112));
#687 = CARTESIAN_POINT('',(-38.78748779115,13.252890717978,
    22.249300969279));
#688 = CARTESIAN_POINT('',(-38.78881719279,13.254229556268,
    22.249264653623));
#689 = CARTESIAN_POINT('',(-38.78995854505,13.255379010318,
    22.249233474968));
#690 = CARTESIAN_POINT('',(-38.79096648638,13.256393963065,
    22.24920495732));
#691 = CARTESIAN_POINT('',(-38.79182080062,13.257254099921,
    22.249180324043));
#692 = CARTESIAN_POINT('',(-38.79262005569,13.25805880234,
    22.249157278342));
#693 = CARTESIAN_POINT('',(-38.79328440543,13.258727556388,
    22.249137657422));
#694 = CARTESIAN_POINT('',(-38.79382766333,13.259274310839,
    22.249121446054));
#695 = CARTESIAN_POINT('',(-38.79433255552,13.259782452642,
    22.249106379558));
#696 = CARTESIAN_POINT('',(-38.79473269428,13.260185055983,
    22.249094263512));
#697 = CARTESIAN_POINT('',(-38.79507019643,13.260524561706,
    22.249083984586));
#698 = CARTESIAN_POINT('',(-38.79533773803,13.260793691565,
    22.249075836371));
#699 = CARTESIAN_POINT('',(-38.7955664158,13.261023671343,
    22.249068824191));
#700 = CARTESIAN_POINT('',(-38.79579374354,13.261252290574,
    22.249061819179));
#701 = ORIENTED_EDGE('',*,*,#702,.F.);
#702 = EDGE_CURVE('',#703,#646,#705,.T.);
#703 = VERTEX_POINT('',#704);
#704 = CARTESIAN_POINT('',(-39.36125229057,12.695793743547,
    22.249061819179));
#705 = B_SPLINE_CURVE_WITH_KNOTS('',3,(#706,#707,#708,#709),
  .UNSPECIFIED.,.F.,.F.,(4,4),(0.,1.),.PIECEWISE_BEZIER_KNOTS.);
#706 = CARTESIAN_POINT('',(-39.36125229057,12.695793743547,
    22.249061819179));
#707 = CARTESIAN_POINT('',(-39.17276610823,12.88427992589,
    22.249061819179));
#708 = CARTESIAN_POINT('',(-38.98427992589,13.072766108232,
    22.249061819179));
#709 = CARTESIAN_POINT('',(-38.79579374354,13.261252290574,
    22.249061819179));
#710 = ORIENTED_EDGE('',*,*,#711,.T.);
#711 = EDGE_CURVE('',#703,#712,#714,.T.);
#712 = VERTEX_POINT('',#713);
#713 = CARTESIAN_POINT('',(-39.3,12.635018588911,22.25));
#714 = B_SPLINE_CURVE_WITH_KNOTS('',3,(#715,#716,#717,#718,#719,#720,
    #721,#722,#723,#724,#725,#726,#727,#728,#729,#730,#731,#732,#733,
    #734,#735,#736,#737,#738,#739,#740,#741,#742,#743,#744,#745,#746,
    #747,#748,#749,#750,#751,#752,#753,#754,#755,#756,#757,#758,#759,
    #760,#761,#762,#763,#764,#765,#766),.UNSPECIFIED.,.F.,.F.,(4,3,3,3,3
    ,3,3,3,3,3,3,3,3,3,3,3,3,4),(0.,4.770372895099E-02,
    9.787396951106E-02,0.154316970445,0.215037879256,0.30744779834,
    0.373283808371,0.429392719438,0.481694896965,0.539093836706,
    0.593271333315,0.654423699391,0.741366807355,0.806025105516,
    0.861536825092,0.913470911415,0.961737320458,1.),.UNSPECIFIED.);
#715 = CARTESIAN_POINT('',(-39.36125229057,12.695793743547,
    22.249061819179));
#716 = CARTESIAN_POINT('',(-39.36096725205,12.695510315233,
    22.249070552907));
#717 = CARTESIAN_POINT('',(-39.36067897353,12.695223670999,
    22.249079336249));
#718 = CARTESIAN_POINT('',(-39.36031796323,12.694864827712,
    22.249090228907));
#719 = CARTESIAN_POINT('',(-39.35993828696,12.694487430506,
    22.249101684768));
#720 = CARTESIAN_POINT('',(-39.35947838746,12.694030397809,
    22.249115468864));
#721 = CARTESIAN_POINT('',(-39.35889861525,12.693454388967,
    22.249132550163));
#722 = CARTESIAN_POINT('',(-39.35824635441,12.692806362025,
    22.249151767128));
#723 = CARTESIAN_POINT('',(-39.35744236708,12.692007743753,
    22.249175155229));
#724 = CARTESIAN_POINT('',(-39.35648003621,12.691052012081,
    22.249202342313));
#725 = CARTESIAN_POINT('',(-39.3554447687,12.690023843934,
    22.249231589951));
#726 = CARTESIAN_POINT('',(-39.35422710112,12.688814694546,
    22.249265183804));
#727 = CARTESIAN_POINT('',(-39.35286608242,12.68746339262,
    22.249301172242));
#728 = CARTESIAN_POINT('',(-39.35079477568,12.685406873637,
    22.249355942316));
#729 = CARTESIAN_POINT('',(-39.34839309201,12.683022752385,
    22.249415999578));
#730 = CARTESIAN_POINT('',(-39.34589760794,12.680546023972,
    22.249473283039));
#731 = CARTESIAN_POINT('',(-39.34411973912,12.678781517324,
    22.249514093749));
#732 = CARTESIAN_POINT('',(-39.3422975865,12.676973305259,
    22.249553482057));
#733 = CARTESIAN_POINT('',(-39.34050534982,12.67519504404,22.24958978709
    ));
#734 = CARTESIAN_POINT('',(-39.33897791143,12.673679516284,
    22.24962072815));
#735 = CARTESIAN_POINT('',(-39.33747277497,12.672186310556,
    22.249649453159));
#736 = CARTESIAN_POINT('',(-39.33600864091,12.67073396509,
    22.249675818171));
#737 = CARTESIAN_POINT('',(-39.33464384167,12.669380154636,
    22.249700394438));
#738 = CARTESIAN_POINT('',(-39.33331510662,12.668062281236,
    22.249722935837));
#739 = CARTESIAN_POINT('',(-39.33200514324,12.666763143932,
    22.249743901305));
#740 = CARTESIAN_POINT('',(-39.33056752606,12.665337407807,
    22.249766909823));
#741 = CARTESIAN_POINT('',(-39.3291474647,12.663929221008,
    22.249788125809));
#742 = CARTESIAN_POINT('',(-39.3276906132,12.662484576811,
    22.249808298298));
#743 = CARTESIAN_POINT('',(-39.32631552567,12.661121011448,
    22.249827338631));
#744 = CARTESIAN_POINT('',(-39.3249080928,12.659725394029,
    22.249845411344));
#745 = CARTESIAN_POINT('',(-39.32346515281,12.658294533734,
    22.249862341913));
#746 = CARTESIAN_POINT('',(-39.32183644716,12.656679462937,
    22.249881452142));
#747 = CARTESIAN_POINT('',(-39.32016298956,12.655019973104,
    22.24989906362));
#748 = CARTESIAN_POINT('',(-39.31848651258,12.653357413234,
    22.249914560388));
#749 = CARTESIAN_POINT('',(-39.3161029888,12.650993676038,22.24993659285
    ));
#750 = CARTESIAN_POINT('',(-39.3137153588,12.64862571144,22.249954175061
    ));
#751 = CARTESIAN_POINT('',(-39.31152144655,12.64644969411,
    22.249966813792));
#752 = CARTESIAN_POINT('',(-39.3098898666,12.644831422338,
    22.249976213028));
#753 = CARTESIAN_POINT('',(-39.30836833963,12.643322202761,
    22.249982941413));
#754 = CARTESIAN_POINT('',(-39.30702855251,12.641993150391,
    22.249987649824));
#755 = CARTESIAN_POINT('',(-39.305878292,12.640852106092,22.249991692182
    ));
#756 = CARTESIAN_POINT('',(-39.30486257715,12.639844444086,
    22.249994274079));
#757 = CARTESIAN_POINT('',(-39.30400176259,12.638990370737,
    22.24999599647));
#758 = CARTESIAN_POINT('',(-39.30319642602,12.638191340921,
    22.249997607856));
#759 = CARTESIAN_POINT('',(-39.30252711239,12.637527182731,
    22.249998478291));
#760 = CARTESIAN_POINT('',(-39.30197987901,12.636984084779,
    22.24999902002));
#761 = CARTESIAN_POINT('',(-39.30147129222,12.636479341367,
    22.24999952349));
#762 = CARTESIAN_POINT('',(-39.30106831362,12.636079324005,
    22.249999743548));
#763 = CARTESIAN_POINT('',(-39.30072847852,12.635741927511,
    22.24999986733));
#764 = CARTESIAN_POINT('',(-39.30045907788,12.635474460048,
    22.249999965456));
#765 = CARTESIAN_POINT('',(-39.30022885857,12.635245849578,22.25));
#766 = CARTESIAN_POINT('',(-39.3,12.635018588911,22.25));
#767 = ORIENTED_EDGE('',*,*,#768,.T.);
#768 = EDGE_CURVE('',#712,#644,#769,.T.);
#769 = LINE('',#770,#771);
#770 = CARTESIAN_POINT('',(-39.01750929445,12.917509294456,22.25));
#771 = VECTOR('',#772,1.);
#772 = DIRECTION('',(0.707106781187,0.707106781187,0.));
#773 = B_SPLINE_SURFACE_WITH_KNOTS('',3,3,(
    (#774,#775,#776,#777)
    ,(#778,#779,#780,#781)
    ,(#782,#783,#784,#785)
    ,(#786,#787,#788,#789
    )),.UNSPECIFIED.,.F.,.F.,.F.,(4,4),(4,4),(0.,1.),(0.,1.),
  .PIECEWISE_BEZIER_KNOTS.);
#774 = CARTESIAN_POINT('',(-38.79579374354,13.261252290574,
    22.249061819179));
#775 = CARTESIAN_POINT('',(-38.78985231464,13.255277107381,
    22.24924490189));
#776 = CARTESIAN_POINT('',(-38.74095807536,13.205981247931,22.25));
#777 = CARTESIAN_POINT('',(-38.73501858891,13.2,22.25));
#778 = CARTESIAN_POINT('',(-38.98427992589,13.072766108232,
    22.249061819179));
#779 = CARTESIAN_POINT('',(-38.97832724555,13.066802176468,
    22.24924490189));
#780 = CARTESIAN_POINT('',(-38.92929913289,13.01764019041,22.25));
#781 = CARTESIAN_POINT('',(-38.92334572594,13.01167286297,22.25));
#782 = CARTESIAN_POINT('',(-39.17276610823,12.88427992589,
    22.249061819179));
#783 = CARTESIAN_POINT('',(-39.16680217646,12.878327245554,
    22.24924490189));
#784 = CARTESIAN_POINT('',(-39.11764019041,12.82929913289,22.25));
#785 = CARTESIAN_POINT('',(-39.11167286297,12.823345725941,22.25));
#786 = CARTESIAN_POINT('',(-39.36125229057,12.695793743547,
    22.249061819179));
#787 = CARTESIAN_POINT('',(-39.35527710738,12.689852314641,
    22.24924490189));
#788 = CARTESIAN_POINT('',(-39.30598124793,12.640958075369,22.25));
#789 = CARTESIAN_POINT('',(-39.3,12.635018588911,22.25));
#790 = ADVANCED_FACE('',(#791),#822,.T.);
#791 = FACE_BOUND('',#792,.T.);
#792 = EDGE_LOOP('',(#793,#794,#805,#813));
#793 = ORIENTED_EDGE('',*,*,#702,.T.);
#794 = ORIENTED_EDGE('',*,*,#795,.T.);
#795 = EDGE_CURVE('',#646,#796,#798,.T.);
#796 = VERTEX_POINT('',#797);
#797 = CARTESIAN_POINT('',(-40.9,15.2,20.25));
#798 = B_SPLINE_CURVE_WITH_KNOTS('',3,(#799,#800,#801,#802,#803,#804),
  .UNSPECIFIED.,.F.,.F.,(4,1,1,4),(1.460145852754,2.180765910255,
    2.661179281922,3.14159265359),.UNSPECIFIED.);
#799 = CARTESIAN_POINT('',(-38.79579374354,13.261252290574,
    22.249061819179));
#800 = CARTESIAN_POINT('',(-39.27704598373,13.745238608078,
    22.234232227483));
#801 = CARTESIAN_POINT('',(-40.08951309673,14.516095278286,
    21.903475014197));
#802 = CARTESIAN_POINT('',(-40.77938975708,15.106065186636,
    21.02741605306));
#803 = CARTESIAN_POINT('',(-40.9,15.2,20.506220464889));
#804 = CARTESIAN_POINT('',(-40.9,15.2,20.25));
#805 = ORIENTED_EDGE('',*,*,#806,.T.);
#806 = EDGE_CURVE('',#796,#807,#809,.T.);
#807 = VERTEX_POINT('',#808);
#808 = CARTESIAN_POINT('',(-41.3,14.8,20.25));
#809 = LINE('',#810,#811);
#810 = CARTESIAN_POINT('',(-40.9,15.2,20.25));
#811 = VECTOR('',#812,1.);
#812 = DIRECTION('',(-0.707106781187,-0.707106781187,0.));
#813 = ORIENTED_EDGE('',*,*,#814,.T.);
#814 = EDGE_CURVE('',#807,#703,#815,.T.);
#815 = B_SPLINE_CURVE_WITH_KNOTS('',3,(#816,#817,#818,#819,#820,#821),
  .UNSPECIFIED.,.F.,.F.,(4,1,1,4),(-3.14159265359,-2.661179281922,
    -2.180765910255,-1.460145852754),.UNSPECIFIED.);
#816 = CARTESIAN_POINT('',(-41.3,14.8,20.25));
#817 = CARTESIAN_POINT('',(-41.3,14.8,20.506220464889));
#818 = CARTESIAN_POINT('',(-41.20606518663,14.679389757082,
    21.02741605306));
#819 = CARTESIAN_POINT('',(-40.61609527828,13.989513096736,
    21.903475014197));
#820 = CARTESIAN_POINT('',(-39.84523860807,13.177045983736,
    22.234232227483));
#821 = CARTESIAN_POINT('',(-39.36125229057,12.695793743547,
    22.249061819179));
#822 = B_SPLINE_SURFACE_WITH_KNOTS('',3,3,(
    (#823,#824,#825,#826,#827,#828)
    ,(#829,#830,#831,#832,#833,#834)
    ,(#835,#836,#837,#838,#839,#840)
    ,(#841,#842,#843,#844,#845,#846
    )),.UNSPECIFIED.,.F.,.F.,.F.,(4,4),(4,1,1,4),(0.,1.),(1.460145852754
    ,2.180765910255,2.661179281922,3.14159265359),.UNSPECIFIED.);
#823 = CARTESIAN_POINT('',(-39.36125229057,12.695793743547,
    22.249061819179));
#824 = CARTESIAN_POINT('',(-39.84523860807,13.177045983736,
    22.234232227483));
#825 = CARTESIAN_POINT('',(-40.61609527828,13.989513096736,
    21.903475014197));
#826 = CARTESIAN_POINT('',(-41.20606518663,14.679389757082,
    21.02741605306));
#827 = CARTESIAN_POINT('',(-41.3,14.8,20.506220464889));
#828 = CARTESIAN_POINT('',(-41.3,14.8,20.25));
#829 = CARTESIAN_POINT('',(-39.17276610823,12.88427992589,
    22.249061819179));
#830 = CARTESIAN_POINT('',(-39.65584106663,13.366443525183,
    22.234232227483));
#831 = CARTESIAN_POINT('',(-40.44056788443,14.165040490586,
    21.903475014197));
#832 = CARTESIAN_POINT('',(-41.06384004345,14.821614900266,
    21.02741605306));
#833 = CARTESIAN_POINT('',(-41.16666666666,14.933333333333,
    20.506220464889));
#834 = CARTESIAN_POINT('',(-41.16666666666,14.933333333333,20.25));
#835 = CARTESIAN_POINT('',(-38.98427992589,13.072766108232,
    22.249061819179));
#836 = CARTESIAN_POINT('',(-39.46644352518,13.555841066631,
    22.234232227483));
#837 = CARTESIAN_POINT('',(-40.26504049058,14.340567884436,
    21.903475014197));
#838 = CARTESIAN_POINT('',(-40.92161490026,14.963840043451,
    21.02741605306));
#839 = CARTESIAN_POINT('',(-41.03333333333,15.066666666667,
    20.506220464889));
#840 = CARTESIAN_POINT('',(-41.03333333333,15.066666666667,20.25));
#841 = CARTESIAN_POINT('',(-38.79579374354,13.261252290574,
    22.249061819179));
#842 = CARTESIAN_POINT('',(-39.27704598373,13.745238608078,
    22.234232227483));
#843 = CARTESIAN_POINT('',(-40.08951309673,14.516095278286,
    21.903475014197));
#844 = CARTESIAN_POINT('',(-40.77938975708,15.106065186636,
    21.02741605306));
#845 = CARTESIAN_POINT('',(-40.9,15.2,20.506220464889));
#846 = CARTESIAN_POINT('',(-40.9,15.2,20.25));
#847 = ADVANCED_FACE('',(#848),#873,.T.);
#848 = FACE_BOUND('',#849,.T.);
#849 = EDGE_LOOP('',(#850,#851,#859,#867));
#850 = ORIENTED_EDGE('',*,*,#806,.F.);
#851 = ORIENTED_EDGE('',*,*,#852,.T.);
#852 = EDGE_CURVE('',#796,#853,#855,.T.);
#853 = VERTEX_POINT('',#854);
#854 = CARTESIAN_POINT('',(-40.9,15.2,14.5));
#855 = LINE('',#856,#857);
#856 = CARTESIAN_POINT('',(-40.9,15.2,-11.125));
#857 = VECTOR('',#858,1.);
#858 = DIRECTION('',(0.,0.,-1.));
#859 = ORIENTED_EDGE('',*,*,#860,.T.);
#860 = EDGE_CURVE('',#853,#861,#863,.T.);
#861 = VERTEX_POINT('',#862);
#862 = CARTESIAN_POINT('',(-41.3,14.8,14.5));
#863 = LINE('',#864,#865);
#864 = CARTESIAN_POINT('',(-40.9,15.2,14.5));
#865 = VECTOR('',#866,1.);
#866 = DIRECTION('',(-0.707106781187,-0.707106781187,0.));
#867 = ORIENTED_EDGE('',*,*,#868,.T.);
#868 = EDGE_CURVE('',#861,#807,#869,.T.);
#869 = LINE('',#870,#871);
#870 = CARTESIAN_POINT('',(-41.3,14.8,-11.125));
#871 = VECTOR('',#872,1.);
#872 = DIRECTION('',(0.,0.,1.));
#873 = PLANE('',#874);
#874 = AXIS2_PLACEMENT_3D('',#875,#876,#877);
#875 = CARTESIAN_POINT('',(-41.1,15.,-11.125));
#876 = DIRECTION('',(-0.707106781187,0.707106781187,0.));
#877 = DIRECTION('',(0.,0.,1.));
#878 = ADVANCED_FACE('',(#879),#906,.T.);
#879 = FACE_BOUND('',#880,.T.);
#880 = EDGE_LOOP('',(#881,#891,#898,#899));
#881 = ORIENTED_EDGE('',*,*,#882,.T.);
#882 = EDGE_CURVE('',#883,#885,#887,.T.);
#883 = VERTEX_POINT('',#884);
#884 = CARTESIAN_POINT('',(-39.3,15.2,12.9));
#885 = VERTEX_POINT('',#886);
#886 = CARTESIAN_POINT('',(-39.3,14.8,12.5));
#887 = LINE('',#888,#889);
#888 = CARTESIAN_POINT('',(-39.3,15.2,12.9));
#889 = VECTOR('',#890,1.);
#890 = DIRECTION('',(0.,-0.707106781187,-0.707106781187));
#891 = ORIENTED_EDGE('',*,*,#892,.T.);
#892 = EDGE_CURVE('',#885,#861,#893,.T.);
#893 = CIRCLE('',#894,2.);
#894 = AXIS2_PLACEMENT_3D('',#895,#896,#897);
#895 = CARTESIAN_POINT('',(-39.3,14.8,14.5));
#896 = DIRECTION('',(0.,1.,0.));
#897 = DIRECTION('',(-0.707106781187,0.,-0.707106781187));
#898 = ORIENTED_EDGE('',*,*,#860,.F.);
#899 = ORIENTED_EDGE('',*,*,#900,.T.);
#900 = EDGE_CURVE('',#853,#883,#901,.T.);
#901 = CIRCLE('',#902,1.6);
#902 = AXIS2_PLACEMENT_3D('',#903,#904,#905);
#903 = CARTESIAN_POINT('',(-39.3,15.2,14.5));
#904 = DIRECTION('',(0.,-1.,0.));
#905 = DIRECTION('',(-0.707106781187,-0.,-0.707106781187));
#906 = CONICAL_SURFACE('',#907,1.8,0.785398163397);
#907 = AXIS2_PLACEMENT_3D('',#908,#909,#910);
#908 = CARTESIAN_POINT('',(-39.3,15.,14.5));
#909 = DIRECTION('',(0.,-1.,0.));
#910 = DIRECTION('',(-0.707106781187,-0.,-0.707106781187));
#911 = ADVANCED_FACE('',(#912),#937,.T.);
#912 = FACE_BOUND('',#913,.T.);
#913 = EDGE_LOOP('',(#914,#924,#930,#931));
#914 = ORIENTED_EDGE('',*,*,#915,.F.);
#915 = EDGE_CURVE('',#916,#918,#920,.T.);
#916 = VERTEX_POINT('',#917);
#917 = CARTESIAN_POINT('',(-31.55,14.8,12.5));
#918 = VERTEX_POINT('',#919);
#919 = CARTESIAN_POINT('',(-31.55,15.2,12.9));
#920 = LINE('',#921,#922);
#921 = CARTESIAN_POINT('',(-31.55,19.575,17.275));
#922 = VECTOR('',#923,1.);
#923 = DIRECTION('',(1.256073966947E-16,0.707106781187,0.707106781187));
#924 = ORIENTED_EDGE('',*,*,#925,.T.);
#925 = EDGE_CURVE('',#916,#885,#926,.T.);
#926 = LINE('',#927,#928);
#927 = CARTESIAN_POINT('',(-15.775,14.8,12.5));
#928 = VECTOR('',#929,1.);
#929 = DIRECTION('',(-1.,0.,0.));
#930 = ORIENTED_EDGE('',*,*,#882,.F.);
#931 = ORIENTED_EDGE('',*,*,#932,.T.);
#932 = EDGE_CURVE('',#883,#918,#933,.T.);
#933 = LINE('',#934,#935);
#934 = CARTESIAN_POINT('',(-15.775,15.2,12.9));
#935 = VECTOR('',#936,1.);
#936 = DIRECTION('',(1.,0.,0.));
#937 = PLANE('',#938);
#938 = AXIS2_PLACEMENT_3D('',#939,#940,#941);
#939 = CARTESIAN_POINT('',(-15.775,15.,12.7));
#940 = DIRECTION('',(0.,0.707106781187,-0.707106781187));
#941 = DIRECTION('',(-1.,0.,0.));
#942 = ADVANCED_FACE('',(#943),#970,.T.);
#943 = FACE_BOUND('',#944,.T.);
#944 = EDGE_LOOP('',(#945,#946,#947,#955,#964));
#945 = ORIENTED_EDGE('',*,*,#711,.F.);
#946 = ORIENTED_EDGE('',*,*,#814,.F.);
#947 = ORIENTED_EDGE('',*,*,#948,.T.);
#948 = EDGE_CURVE('',#807,#949,#951,.T.);
#949 = VERTEX_POINT('',#950);
#950 = CARTESIAN_POINT('',(-41.3,2.,20.25));
#951 = LINE('',#952,#953);
#952 = CARTESIAN_POINT('',(-41.3,0.,20.25));
#953 = VECTOR('',#954,1.);
#954 = DIRECTION('',(0.,-1.,0.));
#955 = ORIENTED_EDGE('',*,*,#956,.F.);
#956 = EDGE_CURVE('',#957,#949,#959,.T.);
#957 = VERTEX_POINT('',#958);
#958 = CARTESIAN_POINT('',(-39.3,2.,22.25));
#959 = CIRCLE('',#960,2.);
#960 = AXIS2_PLACEMENT_3D('',#961,#962,#963);
#961 = CARTESIAN_POINT('',(-39.3,2.,20.25));
#962 = DIRECTION('',(0.,-1.,0.));
#963 = DIRECTION('',(-1.,0.,0.));
#964 = ORIENTED_EDGE('',*,*,#965,.T.);
#965 = EDGE_CURVE('',#957,#712,#966,.T.);
#966 = LINE('',#967,#968);
#967 = CARTESIAN_POINT('',(-39.3,0.,22.25));
#968 = VECTOR('',#969,1.);
#969 = DIRECTION('',(0.,1.,0.));
#970 = CYLINDRICAL_SURFACE('',#971,2.);
#971 = AXIS2_PLACEMENT_3D('',#972,#973,#974);
#972 = CARTESIAN_POINT('',(-39.3,0.,20.25));
#973 = DIRECTION('',(0.,1.,0.));
#974 = DIRECTION('',(-0.707106781187,0.,0.707106781187));
#975 = ADVANCED_FACE('',(#976),#1026,.T.);
#976 = FACE_BOUND('',#977,.T.);
#977 = EDGE_LOOP('',(#978,#979,#987,#995,#1003,#1011,#1019,#1025));
#978 = ORIENTED_EDGE('',*,*,#868,.F.);
#979 = ORIENTED_EDGE('',*,*,#980,.F.);
#980 = EDGE_CURVE('',#981,#861,#983,.T.);
#981 = VERTEX_POINT('',#982);
#982 = CARTESIAN_POINT('',(-41.3,13.8,14.5));
#983 = LINE('',#984,#985);
#984 = CARTESIAN_POINT('',(-41.3,7.6,14.5));
#985 = VECTOR('',#986,1.);
#986 = DIRECTION('',(0.,1.,0.));
#987 = ORIENTED_EDGE('',*,*,#988,.F.);
#988 = EDGE_CURVE('',#989,#981,#991,.T.);
#989 = VERTEX_POINT('',#990);
#990 = CARTESIAN_POINT('',(-41.3,13.8,-14.5));
#991 = LINE('',#992,#993);
#992 = CARTESIAN_POINT('',(-41.3,13.8,-11.125));
#993 = VECTOR('',#994,1.);
#994 = DIRECTION('',(0.,0.,1.));
#995 = ORIENTED_EDGE('',*,*,#996,.F.);
#996 = EDGE_CURVE('',#997,#989,#999,.T.);
#997 = VERTEX_POINT('',#998);
#998 = CARTESIAN_POINT('',(-41.3,14.8,-14.5));
#999 = LINE('',#1000,#1001);
#1000 = CARTESIAN_POINT('',(-41.3,7.6,-14.5));
#1001 = VECTOR('',#1002,1.);
#1002 = DIRECTION('',(0.,-1.,0.));
#1003 = ORIENTED_EDGE('',*,*,#1004,.F.);
#1004 = EDGE_CURVE('',#1005,#997,#1007,.T.);
#1005 = VERTEX_POINT('',#1006);
#1006 = CARTESIAN_POINT('',(-41.3,14.8,-20.25));
#1007 = LINE('',#1008,#1009);
#1008 = CARTESIAN_POINT('',(-41.3,14.8,-11.125));
#1009 = VECTOR('',#1010,1.);
#1010 = DIRECTION('',(0.,0.,1.));
#1011 = ORIENTED_EDGE('',*,*,#1012,.F.);
#1012 = EDGE_CURVE('',#1013,#1005,#1015,.T.);
#1013 = VERTEX_POINT('',#1014);
#1014 = CARTESIAN_POINT('',(-41.3,2.,-20.25));
#1015 = LINE('',#1016,#1017);
#1016 = CARTESIAN_POINT('',(-41.3,0.,-20.25));
#1017 = VECTOR('',#1018,1.);
#1018 = DIRECTION('',(0.,1.,0.));
#1019 = ORIENTED_EDGE('',*,*,#1020,.F.);
#1020 = EDGE_CURVE('',#949,#1013,#1021,.T.);
#1021 = LINE('',#1022,#1023);
#1022 = CARTESIAN_POINT('',(-41.3,2.,-11.125));
#1023 = VECTOR('',#1024,1.);
#1024 = DIRECTION('',(0.,0.,-1.));
#1025 = ORIENTED_EDGE('',*,*,#948,.F.);
#1026 = PLANE('',#1027);
#1027 = AXIS2_PLACEMENT_3D('',#1028,#1029,#1030);
#1028 = CARTESIAN_POINT('',(-41.3,0.,-22.25));
#1029 = DIRECTION('',(-1.,0.,0.));
#1030 = DIRECTION('',(0.,0.,1.));
#1031 = ADVANCED_FACE('',(#1032),#1060,.T.);
#1032 = FACE_BOUND('',#1033,.T.);
#1033 = EDGE_LOOP('',(#1034,#1035,#1043,#1052,#1059));
#1034 = ORIENTED_EDGE('',*,*,#892,.F.);
#1035 = ORIENTED_EDGE('',*,*,#1036,.T.);
#1036 = EDGE_CURVE('',#885,#1037,#1039,.T.);
#1037 = VERTEX_POINT('',#1038);
#1038 = CARTESIAN_POINT('',(-39.3,14.2,12.5));
#1039 = LINE('',#1040,#1041);
#1040 = CARTESIAN_POINT('',(-39.3,7.6,12.5));
#1041 = VECTOR('',#1042,1.);
#1042 = DIRECTION('',(0.,-1.,0.));
#1043 = ORIENTED_EDGE('',*,*,#1044,.F.);
#1044 = EDGE_CURVE('',#1045,#1037,#1047,.T.);
#1045 = VERTEX_POINT('',#1046);
#1046 = CARTESIAN_POINT('',(-40.9,14.2,13.3));
#1047 = CIRCLE('',#1048,2.);
#1048 = AXIS2_PLACEMENT_3D('',#1049,#1050,#1051);
#1049 = CARTESIAN_POINT('',(-39.3,14.2,14.5));
#1050 = DIRECTION('',(0.,-1.,0.));
#1051 = DIRECTION('',(-0.707106781187,-0.,-0.707106781187));
#1052 = ORIENTED_EDGE('',*,*,#1053,.T.);
#1053 = EDGE_CURVE('',#1045,#981,#1054,.T.);
#1054 = ELLIPSE('',#1055,2.828427124746,2.);
#1055 = AXIS2_PLACEMENT_3D('',#1056,#1057,#1058);
#1056 = CARTESIAN_POINT('',(-39.3,15.8,14.5));
#1057 = DIRECTION('',(-0.707106781187,0.707106781187,0.));
#1058 = DIRECTION('',(-0.707106781187,-0.707106781187,0.));
#1059 = ORIENTED_EDGE('',*,*,#980,.T.);
#1060 = CYLINDRICAL_SURFACE('',#1061,2.);
#1061 = AXIS2_PLACEMENT_3D('',#1062,#1063,#1064);
#1062 = CARTESIAN_POINT('',(-39.3,7.6,14.5));
#1063 = DIRECTION('',(0.,-1.,0.));
#1064 = DIRECTION('',(-0.707106781187,-0.,-0.707106781187));
#1065 = ADVANCED_FACE('',(#1066),#1092,.F.);
#1066 = FACE_BOUND('',#1067,.T.);
#1067 = EDGE_LOOP('',(#1068,#1069,#1077,#1085,#1091));
#1068 = ORIENTED_EDGE('',*,*,#925,.F.);
#1069 = ORIENTED_EDGE('',*,*,#1070,.T.);
#1070 = EDGE_CURVE('',#916,#1071,#1073,.T.);
#1071 = VERTEX_POINT('',#1072);
#1072 = CARTESIAN_POINT('',(-31.55,14.6,12.5));
#1073 = LINE('',#1074,#1075);
#1074 = CARTESIAN_POINT('',(-31.55,15.2,12.5));
#1075 = VECTOR('',#1076,1.);
#1076 = DIRECTION('',(0.,-1.,0.));
#1077 = ORIENTED_EDGE('',*,*,#1078,.T.);
#1078 = EDGE_CURVE('',#1071,#1079,#1081,.T.);
#1079 = VERTEX_POINT('',#1080);
#1080 = CARTESIAN_POINT('',(-31.95,14.2,12.5));
#1081 = LINE('',#1082,#1083);
#1082 = CARTESIAN_POINT('',(-31.5,14.65,12.5));
#1083 = VECTOR('',#1084,1.);
#1084 = DIRECTION('',(-0.707106781187,-0.707106781187,0.));
#1085 = ORIENTED_EDGE('',*,*,#1086,.T.);
#1086 = EDGE_CURVE('',#1079,#1037,#1087,.T.);
#1087 = LINE('',#1088,#1089);
#1088 = CARTESIAN_POINT('',(-51.93606208614,14.2,12.5));
#1089 = VECTOR('',#1090,1.);
#1090 = DIRECTION('',(-1.,0.,0.));
#1091 = ORIENTED_EDGE('',*,*,#1036,.F.);
#1092 = PLANE('',#1093);
#1093 = AXIS2_PLACEMENT_3D('',#1094,#1095,#1096);
#1094 = CARTESIAN_POINT('',(-31.55,15.2,12.5));
#1095 = DIRECTION('',(0.,0.,1.));
#1096 = DIRECTION('',(-1.,0.,0.));
#1097 = ADVANCED_FACE('',(#1098),#1231,.T.);
#1098 = FACE_BOUND('',#1099,.T.);
#1099 = EDGE_LOOP('',(#1100,#1159,#1168,#1225));
#1100 = ORIENTED_EDGE('',*,*,#1101,.T.);
#1101 = EDGE_CURVE('',#1102,#1104,#1106,.T.);
#1102 = VERTEX_POINT('',#1103);
#1103 = CARTESIAN_POINT('',(-39.3,12.635018588911,-22.25));
#1104 = VERTEX_POINT('',#1105);
#1105 = CARTESIAN_POINT('',(-39.36125229057,12.695793743547,
    -22.24906181917));
#1106 = B_SPLINE_CURVE_WITH_KNOTS('',3,(#1107,#1108,#1109,#1110,#1111,
    #1112,#1113,#1114,#1115,#1116,#1117,#1118,#1119,#1120,#1121,#1122,
    #1123,#1124,#1125,#1126,#1127,#1128,#1129,#1130,#1131,#1132,#1133,
    #1134,#1135,#1136,#1137,#1138,#1139,#1140,#1141,#1142,#1143,#1144,
    #1145,#1146,#1147,#1148,#1149,#1150,#1151,#1152,#1153,#1154,#1155,
    #1156,#1157,#1158),.UNSPECIFIED.,.F.,.F.,(4,3,3,3,3,3,3,3,3,3,3,3,3,
    3,3,3,3,4),(0.,4.770351031151E-02,9.787350494278E-02,0.154316184719,
    0.215036624323,0.307444203621,0.37328079083,0.429389789717,
    0.481692642895,0.539093860964,0.593271571448,0.654424223411,
    0.741367613904,0.806025710428,0.861537650474,0.913471935257,
    0.961738540243,1.),.UNSPECIFIED.);
#1107 = CARTESIAN_POINT('',(-39.3,12.635018588911,-22.25));
#1108 = CARTESIAN_POINT('',(-39.30028532652,12.635301923265,-22.25));
#1109 = CARTESIAN_POINT('',(-39.30057389402,12.635588472552,
    -22.2499999503));
#1110 = CARTESIAN_POINT('',(-39.30093524374,12.635947200814,
    -22.24999978133));
#1111 = CARTESIAN_POINT('',(-39.30131527684,12.636324476927,
    -22.24999960361));
#1112 = CARTESIAN_POINT('',(-39.30177558881,12.636781366327,
    -22.24999929599));
#1113 = CARTESIAN_POINT('',(-39.30235584958,12.637357200095,
    -22.24999861249));
#1114 = CARTESIAN_POINT('',(-39.30300865955,12.638005029563,
    -22.24999784353));
#1115 = CARTESIAN_POINT('',(-39.30381329205,12.638803409869,
    -22.24999659656));
#1116 = CARTESIAN_POINT('',(-39.30477634718,12.639758865197,
    -22.24999429661));
#1117 = CARTESIAN_POINT('',(-39.30581239173,12.640786733962,
    -22.24999182235));
#1118 = CARTESIAN_POINT('',(-39.3070309258,12.641995539024,
    -22.24998810519));
#1119 = CARTESIAN_POINT('',(-39.30839284037,12.643346470314,
    -22.24998238998));
#1120 = CARTESIAN_POINT('',(-39.31046547405,12.645402389065,
    -22.24997369226));
#1121 = CARTESIAN_POINT('',(-39.31286853433,12.647785837517,
    -22.24996015825));
#1122 = CARTESIAN_POINT('',(-39.3153652146,12.650261937603,
    -22.24994097667));
#1123 = CARTESIAN_POINT('',(-39.31714399627,12.652026056742,
    -22.24992731059));
#1124 = CARTESIAN_POINT('',(-39.31896697309,12.653833908119,
    -22.24991086521));
#1125 = CARTESIAN_POINT('',(-39.32075988332,12.655611869192,
    -22.2498922539));
#1126 = CARTESIAN_POINT('',(-39.32228788473,12.657127130237,
    -22.24987639248));
#1127 = CARTESIAN_POINT('',(-39.32379347585,12.658620113744,
    -22.2498589989));
#1128 = CARTESIAN_POINT('',(-39.32525793803,12.660072297775,
    -22.24984050278));
#1129 = CARTESIAN_POINT('',(-39.32662305863,12.661425973115,
    -22.24982326134));
#1130 = CARTESIAN_POINT('',(-39.32795200473,12.662743763452,
    -22.24980509101));
#1131 = CARTESIAN_POINT('',(-39.3292620647,12.664042876464,
    -22.24978592143));
#1132 = CARTESIAN_POINT('',(-39.33069982638,12.665468624101,
    -22.24976488324));
#1133 = CARTESIAN_POINT('',(-39.33211989364,12.666876892403,
    -22.2497425922));
#1134 = CARTESIAN_POINT('',(-39.33357661961,12.66832169219,
    -22.24971813279));
#1135 = CARTESIAN_POINT('',(-39.33495153953,12.669685355666,
    -22.24969504695));
#1136 = CARTESIAN_POINT('',(-39.33635868471,12.671081134461,
    -22.2496700047));
#1137 = CARTESIAN_POINT('',(-39.33780122396,12.672512207136,
    -22.24964273495));
#1138 = CARTESIAN_POINT('',(-39.33942947845,12.674127518828,
    -22.24961195445));
#1139 = CARTESIAN_POINT('',(-39.34110233997,12.675787314414,
    -22.24957830732));
#1140 = CARTESIAN_POINT('',(-39.34277810648,12.677450217209,
    -22.24954245606));
#1141 = CARTESIAN_POINT('',(-39.34516061676,12.679814438587,
    -22.24949148476));
#1142 = CARTESIAN_POINT('',(-39.34754699855,12.682182961375,
    -22.24943594381));
#1143 = CARTESIAN_POINT('',(-39.34973960354,12.684359521243,
    -22.24938139729));
#1144 = CARTESIAN_POINT('',(-39.35137020092,12.685978186183,
    -22.24934083211));
#1145 = CARTESIAN_POINT('',(-39.35289071797,12.687487791154,
    -22.24930096927));
#1146 = CARTESIAN_POINT('',(-39.35422955626,12.688817192798,
    -22.24926465362));
#1147 = CARTESIAN_POINT('',(-39.35537901031,12.689958545054,
    -22.24923347496));
#1148 = CARTESIAN_POINT('',(-39.35639396306,12.690966486384,
    -22.24920495732));
#1149 = CARTESIAN_POINT('',(-39.35725409992,12.691820800628,
    -22.24918032404));
#1150 = CARTESIAN_POINT('',(-39.35805880234,12.692620055692,
    -22.24915727834));
#1151 = CARTESIAN_POINT('',(-39.35872755638,12.693284405431,
    -22.24913765742));
#1152 = CARTESIAN_POINT('',(-39.35927431083,12.693827663335,
    -22.24912144605));
#1153 = CARTESIAN_POINT('',(-39.35978245264,12.694332555523,
    -22.24910637955));
#1154 = CARTESIAN_POINT('',(-39.36018505598,12.694732694288,
    -22.24909426351));
#1155 = CARTESIAN_POINT('',(-39.3605245617,12.695070196436,
    -22.24908398458));
#1156 = CARTESIAN_POINT('',(-39.36079369156,12.695337738038,
    -22.24907583637));
#1157 = CARTESIAN_POINT('',(-39.36102367134,12.695566415804,
    -22.24906882419));
#1158 = CARTESIAN_POINT('',(-39.36125229057,12.695793743547,
    -22.24906181917));
#1159 = ORIENTED_EDGE('',*,*,#1160,.F.);
#1160 = EDGE_CURVE('',#1161,#1104,#1163,.T.);
#1161 = VERTEX_POINT('',#1162);
#1162 = CARTESIAN_POINT('',(-38.79579374354,13.261252290574,
    -22.24906181917));
#1163 = B_SPLINE_CURVE_WITH_KNOTS('',3,(#1164,#1165,#1166,#1167),
  .UNSPECIFIED.,.F.,.F.,(4,4),(-1.,0.),.PIECEWISE_BEZIER_KNOTS.);
#1164 = CARTESIAN_POINT('',(-38.79579374354,13.261252290574,
    -22.24906181917));
#1165 = CARTESIAN_POINT('',(-38.98427992589,13.072766108232,
    -22.24906181917));
#1166 = CARTESIAN_POINT('',(-39.17276610823,12.88427992589,
    -22.24906181917));
#1167 = CARTESIAN_POINT('',(-39.36125229057,12.695793743547,
    -22.24906181917));
#1168 = ORIENTED_EDGE('',*,*,#1169,.T.);
#1169 = EDGE_CURVE('',#1161,#1170,#1172,.T.);
#1170 = VERTEX_POINT('',#1171);
#1171 = CARTESIAN_POINT('',(-38.73501858891,13.2,-22.25));
#1172 = B_SPLINE_CURVE_WITH_KNOTS('',3,(#1173,#1174,#1175,#1176,#1177,
    #1178,#1179,#1180,#1181,#1182,#1183,#1184,#1185,#1186,#1187,#1188,
    #1189,#1190,#1191,#1192,#1193,#1194,#1195,#1196,#1197,#1198,#1199,
    #1200,#1201,#1202,#1203,#1204,#1205,#1206,#1207,#1208,#1209,#1210,
    #1211,#1212,#1213,#1214,#1215,#1216,#1217,#1218,#1219,#1220,#1221,
    #1222,#1223,#1224),.UNSPECIFIED.,.F.,.F.,(4,3,3,3,3,3,3,3,3,3,3,3,3,
    3,3,3,3,4),(0.,4.770372895124E-02,9.78739695123E-02,0.154316970446,
    0.21503787926,0.307447798353,0.37328380838,0.429392719446,
    0.481694896969,0.539093836704,0.593271333312,0.654423699395,
    0.741366807355,0.806025105517,0.861536825092,0.913470911416,
    0.961737320459,1.),.UNSPECIFIED.);
#1173 = CARTESIAN_POINT('',(-38.79579374354,13.261252290574,
    -22.24906181917));
#1174 = CARTESIAN_POINT('',(-38.79551031523,13.260967252055,
    -22.2490705529));
#1175 = CARTESIAN_POINT('',(-38.79522367099,13.260678973535,
    -22.24907933624));
#1176 = CARTESIAN_POINT('',(-38.79486482771,13.260317963232,
    -22.2490902289));
#1177 = CARTESIAN_POINT('',(-38.7944874305,13.259938286964,
    -22.24910168476));
#1178 = CARTESIAN_POINT('',(-38.7940303978,13.259478387467,
    -22.24911546886));
#1179 = CARTESIAN_POINT('',(-38.79345438896,13.258898615257,
    -22.24913255016));
#1180 = CARTESIAN_POINT('',(-38.79280636202,13.258246354415,
    -22.24915176712));
#1181 = CARTESIAN_POINT('',(-38.79200774375,13.257442367083,
    -22.24917515522));
#1182 = CARTESIAN_POINT('',(-38.79105201208,13.256480036211,
    -22.24920234231));
#1183 = CARTESIAN_POINT('',(-38.79002384393,13.2554447687,
    -22.24923158995));
#1184 = CARTESIAN_POINT('',(-38.78881469454,13.254227101126,
    -22.2492651838));
#1185 = CARTESIAN_POINT('',(-38.78746339262,13.252866082429,
    -22.24930117224));
#1186 = CARTESIAN_POINT('',(-38.78540687363,13.250794775688,
    -22.24935594231));
#1187 = CARTESIAN_POINT('',(-38.78302275238,13.248393092013,
    -22.24941599957));
#1188 = CARTESIAN_POINT('',(-38.78054602397,13.245897607948,
    -22.24947328303));
#1189 = CARTESIAN_POINT('',(-38.77878151732,13.244119739127,
    -22.24951409374));
#1190 = CARTESIAN_POINT('',(-38.77697330525,13.242297586508,
    -22.24955348205));
#1191 = CARTESIAN_POINT('',(-38.77519504403,13.240505349823,
    -22.24958978709));
#1192 = CARTESIAN_POINT('',(-38.77367951628,13.238977911438,
    -22.24962072815));
#1193 = CARTESIAN_POINT('',(-38.77218631055,13.237472774973,
    -22.24964945315));
#1194 = CARTESIAN_POINT('',(-38.77073396508,13.236008640917,
    -22.24967581817));
#1195 = CARTESIAN_POINT('',(-38.76938015463,13.234643841675,
    -22.24970039443));
#1196 = CARTESIAN_POINT('',(-38.76806228123,13.233315106626,
    -22.24972293583));
#1197 = CARTESIAN_POINT('',(-38.76676314393,13.232005143245,
    -22.2497439013));
#1198 = CARTESIAN_POINT('',(-38.7653374078,13.23056752606,
    -22.24976690982));
#1199 = CARTESIAN_POINT('',(-38.763929221,13.229147464701,-22.2497881258
    ));
#1200 = CARTESIAN_POINT('',(-38.76248457681,13.227690613209,
    -22.24980829829));
#1201 = CARTESIAN_POINT('',(-38.76112101144,13.22631552567,
    -22.24982733863));
#1202 = CARTESIAN_POINT('',(-38.75972539403,13.224908092804,
    -22.24984541134));
#1203 = CARTESIAN_POINT('',(-38.75829453373,13.22346515281,
    -22.24986234191));
#1204 = CARTESIAN_POINT('',(-38.75667946293,13.221836447161,
    -22.24988145214));
#1205 = CARTESIAN_POINT('',(-38.7550199731,13.220162989568,
    -22.24989906362));
#1206 = CARTESIAN_POINT('',(-38.75335741323,13.218486512588,
    -22.24991456038));
#1207 = CARTESIAN_POINT('',(-38.75099367603,13.216102988803,
    -22.24993659285));
#1208 = CARTESIAN_POINT('',(-38.74862571144,13.2137153588,
    -22.24995417506));
#1209 = CARTESIAN_POINT('',(-38.74644969411,13.211521446557,
    -22.24996681379));
#1210 = CARTESIAN_POINT('',(-38.74483142233,13.209889866606,
    -22.24997621302));
#1211 = CARTESIAN_POINT('',(-38.74332220276,13.208368339634,
    -22.24998294141));
#1212 = CARTESIAN_POINT('',(-38.74199315039,13.207028552514,
    -22.24998764982));
#1213 = CARTESIAN_POINT('',(-38.74085210609,13.205878292005,
    -22.24999169218));
#1214 = CARTESIAN_POINT('',(-38.73984444408,13.204862577153,
    -22.24999427407));
#1215 = CARTESIAN_POINT('',(-38.73899037073,13.20400176259,
    -22.24999599647));
#1216 = CARTESIAN_POINT('',(-38.73819134092,13.20319642602,
    -22.24999760785));
#1217 = CARTESIAN_POINT('',(-38.73752718273,13.202527112391,
    -22.24999847829));
#1218 = CARTESIAN_POINT('',(-38.73698408477,13.20197987901,
    -22.24999902002));
#1219 = CARTESIAN_POINT('',(-38.73647934136,13.201471292221,
    -22.24999952349));
#1220 = CARTESIAN_POINT('',(-38.736079324,13.201068313627,
    -22.24999974354));
#1221 = CARTESIAN_POINT('',(-38.73574192751,13.200728478524,
    -22.24999986733));
#1222 = CARTESIAN_POINT('',(-38.73547446004,13.20045907788,
    -22.24999996545));
#1223 = CARTESIAN_POINT('',(-38.73524584957,13.200228858573,-22.25));
#1224 = CARTESIAN_POINT('',(-38.73501858891,13.2,-22.25));
#1225 = ORIENTED_EDGE('',*,*,#1226,.T.);
#1226 = EDGE_CURVE('',#1170,#1102,#1227,.T.);
#1227 = LINE('',#1228,#1229);
#1228 = CARTESIAN_POINT('',(-39.01750929445,12.917509294456,-22.25));
#1229 = VECTOR('',#1230,1.);
#1230 = DIRECTION('',(-0.707106781187,-0.707106781187,0.));
#1231 = B_SPLINE_SURFACE_WITH_KNOTS('',3,3,(
    (#1232,#1233,#1234,#1235)
    ,(#1236,#1237,#1238,#1239)
    ,(#1240,#1241,#1242,#1243)
    ,(#1244,#1245,#1246,#1247
    )),.UNSPECIFIED.,.F.,.F.,.F.,(4,4),(4,4),(0.,1.),(0.,1.),
  .PIECEWISE_BEZIER_KNOTS.);
#1232 = CARTESIAN_POINT('',(-39.36125229057,12.695793743547,
    -22.24906181917));
#1233 = CARTESIAN_POINT('',(-39.35527710738,12.689852314641,
    -22.24924490189));
#1234 = CARTESIAN_POINT('',(-39.30598124793,12.640958075369,-22.25));
#1235 = CARTESIAN_POINT('',(-39.3,12.635018588911,-22.25));
#1236 = CARTESIAN_POINT('',(-39.17276610823,12.88427992589,
    -22.24906181917));
#1237 = CARTESIAN_POINT('',(-39.16680217646,12.878327245554,
    -22.24924490189));
#1238 = CARTESIAN_POINT('',(-39.11764019041,12.82929913289,-22.25));
#1239 = CARTESIAN_POINT('',(-39.11167286297,12.823345725941,-22.25));
#1240 = CARTESIAN_POINT('',(-38.98427992589,13.072766108232,
    -22.24906181917));
#1241 = CARTESIAN_POINT('',(-38.97832724555,13.066802176468,
    -22.24924490189));
#1242 = CARTESIAN_POINT('',(-38.92929913289,13.01764019041,-22.25));
#1243 = CARTESIAN_POINT('',(-38.92334572594,13.01167286297,-22.25));
#1244 = CARTESIAN_POINT('',(-38.79579374354,13.261252290574,
    -22.24906181917));
#1245 = CARTESIAN_POINT('',(-38.78985231464,13.255277107381,
    -22.24924490189));
#1246 = CARTESIAN_POINT('',(-38.74095807536,13.205981247931,-22.25));
#1247 = CARTESIAN_POINT('',(-38.73501858891,13.2,-22.25));
#1248 = ADVANCED_FACE('',(#1249),#1278,.T.);
#1249 = FACE_BOUND('',#1250,.T.);
#1250 = EDGE_LOOP('',(#1251,#1252,#1261,#1269));
#1251 = ORIENTED_EDGE('',*,*,#1160,.T.);
#1252 = ORIENTED_EDGE('',*,*,#1253,.T.);
#1253 = EDGE_CURVE('',#1104,#1005,#1254,.T.);
#1254 = B_SPLINE_CURVE_WITH_KNOTS('',3,(#1255,#1256,#1257,#1258,#1259,
    #1260),.UNSPECIFIED.,.F.,.F.,(4,1,1,4),(1.460145852754,
    2.180765910255,2.661179281922,3.14159265359),.UNSPECIFIED.);
#1255 = CARTESIAN_POINT('',(-39.36125229057,12.695793743547,
    -22.24906181917));
#1256 = CARTESIAN_POINT('',(-39.84523860807,13.177045983736,
    -22.23423222748));
#1257 = CARTESIAN_POINT('',(-40.61609527828,13.989513096736,
    -21.90347501419));
#1258 = CARTESIAN_POINT('',(-41.20606518663,14.679389757082,
    -21.02741605306));
#1259 = CARTESIAN_POINT('',(-41.3,14.8,-20.50622046488));
#1260 = CARTESIAN_POINT('',(-41.3,14.8,-20.25));
#1261 = ORIENTED_EDGE('',*,*,#1262,.T.);
#1262 = EDGE_CURVE('',#1005,#1263,#1265,.T.);
#1263 = VERTEX_POINT('',#1264);
#1264 = CARTESIAN_POINT('',(-40.9,15.2,-20.25));
#1265 = LINE('',#1266,#1267);
#1266 = CARTESIAN_POINT('',(-41.3,14.8,-20.25));
#1267 = VECTOR('',#1268,1.);
#1268 = DIRECTION('',(0.707106781187,0.707106781187,0.));
#1269 = ORIENTED_EDGE('',*,*,#1270,.T.);
#1270 = EDGE_CURVE('',#1263,#1161,#1271,.T.);
#1271 = B_SPLINE_CURVE_WITH_KNOTS('',3,(#1272,#1273,#1274,#1275,#1276,
    #1277),.UNSPECIFIED.,.F.,.F.,(4,1,1,4),(-3.14159265359,
    -2.661179281922,-2.180765910255,-1.460145852754),.UNSPECIFIED.);
#1272 = CARTESIAN_POINT('',(-40.9,15.2,-20.25));
#1273 = CARTESIAN_POINT('',(-40.9,15.2,-20.50622046488));
#1274 = CARTESIAN_POINT('',(-40.77938975708,15.106065186636,
    -21.02741605306));
#1275 = CARTESIAN_POINT('',(-40.08951309673,14.516095278286,
    -21.90347501419));
#1276 = CARTESIAN_POINT('',(-39.27704598373,13.745238608078,
    -22.23423222748));
#1277 = CARTESIAN_POINT('',(-38.79579374354,13.261252290574,
    -22.24906181917));
#1278 = B_SPLINE_SURFACE_WITH_KNOTS('',3,3,(
    (#1279,#1280,#1281,#1282,#1283,#1284)
    ,(#1285,#1286,#1287,#1288,#1289,#1290)
    ,(#1291,#1292,#1293,#1294,#1295,#1296)
    ,(#1297,#1298,#1299,#1300,#1301,#1302
    )),.UNSPECIFIED.,.F.,.F.,.F.,(4,4),(4,1,1,4),(0.,1.),(-3.14159265359
    ,-2.661179281922,-2.180765910255,-1.460145852754),.UNSPECIFIED.);
#1279 = CARTESIAN_POINT('',(-41.3,14.8,-20.25));
#1280 = CARTESIAN_POINT('',(-41.3,14.8,-20.50622046488));
#1281 = CARTESIAN_POINT('',(-41.20606518663,14.679389757082,
    -21.02741605306));
#1282 = CARTESIAN_POINT('',(-40.61609527828,13.989513096736,
    -21.90347501419));
#1283 = CARTESIAN_POINT('',(-39.84523860807,13.177045983736,
    -22.23423222748));
#1284 = CARTESIAN_POINT('',(-39.36125229057,12.695793743547,
    -22.24906181917));
#1285 = CARTESIAN_POINT('',(-41.16666666666,14.933333333333,-20.25));
#1286 = CARTESIAN_POINT('',(-41.16666666666,14.933333333333,
    -20.50622046488));
#1287 = CARTESIAN_POINT('',(-41.06384004345,14.821614900266,
    -21.02741605306));
#1288 = CARTESIAN_POINT('',(-40.44056788443,14.165040490586,
    -21.90347501419));
#1289 = CARTESIAN_POINT('',(-39.65584106663,13.366443525183,
    -22.23423222748));
#1290 = CARTESIAN_POINT('',(-39.17276610823,12.88427992589,
    -22.24906181917));
#1291 = CARTESIAN_POINT('',(-41.03333333333,15.066666666667,-20.25));
#1292 = CARTESIAN_POINT('',(-41.03333333333,15.066666666667,
    -20.50622046488));
#1293 = CARTESIAN_POINT('',(-40.92161490026,14.963840043451,
    -21.02741605306));
#1294 = CARTESIAN_POINT('',(-40.26504049058,14.340567884436,
    -21.90347501419));
#1295 = CARTESIAN_POINT('',(-39.46644352518,13.555841066631,
    -22.23423222748));
#1296 = CARTESIAN_POINT('',(-38.98427992589,13.072766108232,
    -22.24906181917));
#1297 = CARTESIAN_POINT('',(-40.9,15.2,-20.25));
#1298 = CARTESIAN_POINT('',(-40.9,15.2,-20.50622046488));
#1299 = CARTESIAN_POINT('',(-40.77938975708,15.106065186636,
    -21.02741605306));
#1300 = CARTESIAN_POINT('',(-40.08951309673,14.516095278286,
    -21.90347501419));
#1301 = CARTESIAN_POINT('',(-39.27704598373,13.745238608078,
    -22.23423222748));
#1302 = CARTESIAN_POINT('',(-38.79579374354,13.261252290574,
    -22.24906181917));
#1303 = ADVANCED_FACE('',(#1304),#1322,.T.);
#1304 = FACE_BOUND('',#1305,.T.);
#1305 = EDGE_LOOP('',(#1306,#1314,#1320,#1321));
#1306 = ORIENTED_EDGE('',*,*,#1307,.T.);
#1307 = EDGE_CURVE('',#997,#1308,#1310,.T.);
#1308 = VERTEX_POINT('',#1309);
#1309 = CARTESIAN_POINT('',(-40.9,15.2,-14.5));
#1310 = LINE('',#1311,#1312);
#1311 = CARTESIAN_POINT('',(-41.3,14.8,-14.5));
#1312 = VECTOR('',#1313,1.);
#1313 = DIRECTION('',(0.707106781187,0.707106781187,0.));
#1314 = ORIENTED_EDGE('',*,*,#1315,.T.);
#1315 = EDGE_CURVE('',#1308,#1263,#1316,.T.);
#1316 = LINE('',#1317,#1318);
#1317 = CARTESIAN_POINT('',(-40.9,15.2,-11.125));
#1318 = VECTOR('',#1319,1.);
#1319 = DIRECTION('',(0.,0.,-1.));
#1320 = ORIENTED_EDGE('',*,*,#1262,.F.);
#1321 = ORIENTED_EDGE('',*,*,#1004,.T.);
#1322 = PLANE('',#1323);
#1323 = AXIS2_PLACEMENT_3D('',#1324,#1325,#1326);
#1324 = CARTESIAN_POINT('',(-41.1,15.,-11.125));
#1325 = DIRECTION('',(-0.707106781187,0.707106781187,0.));
#1326 = DIRECTION('',(0.,0.,1.));
#1327 = ADVANCED_FACE('',(#1328),#1355,.T.);
#1328 = FACE_BOUND('',#1329,.T.);
#1329 = EDGE_LOOP('',(#1330,#1331,#1340,#1348));
#1330 = ORIENTED_EDGE('',*,*,#1307,.F.);
#1331 = ORIENTED_EDGE('',*,*,#1332,.T.);
#1332 = EDGE_CURVE('',#997,#1333,#1335,.T.);
#1333 = VERTEX_POINT('',#1334);
#1334 = CARTESIAN_POINT('',(-39.3,14.8,-12.5));
#1335 = CIRCLE('',#1336,2.);
#1336 = AXIS2_PLACEMENT_3D('',#1337,#1338,#1339);
#1337 = CARTESIAN_POINT('',(-39.3,14.8,-14.5));
#1338 = DIRECTION('',(0.,1.,0.));
#1339 = DIRECTION('',(-0.707106781187,0.,0.707106781187));
#1340 = ORIENTED_EDGE('',*,*,#1341,.T.);
#1341 = EDGE_CURVE('',#1333,#1342,#1344,.T.);
#1342 = VERTEX_POINT('',#1343);
#1343 = CARTESIAN_POINT('',(-39.3,15.2,-12.9));
#1344 = LINE('',#1345,#1346);
#1345 = CARTESIAN_POINT('',(-39.3,14.8,-12.5));
#1346 = VECTOR('',#1347,1.);
#1347 = DIRECTION('',(0.,0.707106781187,-0.707106781187));
#1348 = ORIENTED_EDGE('',*,*,#1349,.T.);
#1349 = EDGE_CURVE('',#1342,#1308,#1350,.T.);
#1350 = CIRCLE('',#1351,1.6);
#1351 = AXIS2_PLACEMENT_3D('',#1352,#1353,#1354);
#1352 = CARTESIAN_POINT('',(-39.3,15.2,-14.5));
#1353 = DIRECTION('',(0.,-1.,0.));
#1354 = DIRECTION('',(-0.707106781187,0.,0.707106781187));
#1355 = CONICAL_SURFACE('',#1356,1.8,0.785398163397);
#1356 = AXIS2_PLACEMENT_3D('',#1357,#1358,#1359);
#1357 = CARTESIAN_POINT('',(-39.3,15.,-14.5));
#1358 = DIRECTION('',(0.,-1.,0.));
#1359 = DIRECTION('',(-0.707106781187,0.,0.707106781187));
#1360 = ADVANCED_FACE('',(#1361),#1386,.T.);
#1361 = FACE_BOUND('',#1362,.T.);
#1362 = EDGE_LOOP('',(#1363,#1373,#1379,#1380));
#1363 = ORIENTED_EDGE('',*,*,#1364,.F.);
#1364 = EDGE_CURVE('',#1365,#1367,#1369,.T.);
#1365 = VERTEX_POINT('',#1366);
#1366 = CARTESIAN_POINT('',(-31.55,15.2,-12.9));
#1367 = VERTEX_POINT('',#1368);
#1368 = CARTESIAN_POINT('',(-31.55,14.8,-12.5));
#1369 = LINE('',#1370,#1371);
#1370 = CARTESIAN_POINT('',(-31.55,13.325,-11.025));
#1371 = VECTOR('',#1372,1.);
#1372 = DIRECTION('',(1.256073966947E-16,-0.707106781187,0.707106781187)
  );
#1373 = ORIENTED_EDGE('',*,*,#1374,.T.);
#1374 = EDGE_CURVE('',#1365,#1342,#1375,.T.);
#1375 = LINE('',#1376,#1377);
#1376 = CARTESIAN_POINT('',(-25.96803104307,15.2,-12.9));
#1377 = VECTOR('',#1378,1.);
#1378 = DIRECTION('',(-1.,0.,0.));
#1379 = ORIENTED_EDGE('',*,*,#1341,.F.);
#1380 = ORIENTED_EDGE('',*,*,#1381,.T.);
#1381 = EDGE_CURVE('',#1333,#1367,#1382,.T.);
#1382 = LINE('',#1383,#1384);
#1383 = CARTESIAN_POINT('',(-25.96803104307,14.8,-12.5));
#1384 = VECTOR('',#1385,1.);
#1385 = DIRECTION('',(1.,0.,0.));
#1386 = PLANE('',#1387);
#1387 = AXIS2_PLACEMENT_3D('',#1388,#1389,#1390);
#1388 = CARTESIAN_POINT('',(-25.96803104307,15.,-12.7));
#1389 = DIRECTION('',(0.,0.707106781187,0.707106781187));
#1390 = DIRECTION('',(1.,0.,-0.));
#1391 = ADVANCED_FACE('',(#1392),#1465,.T.);
#1392 = FACE_BOUND('',#1393,.T.);
#1393 = EDGE_LOOP('',(#1394,#1395,#1403,#1411,#1419,#1427,#1435,#1443,
    #1451,#1459));
#1394 = ORIENTED_EDGE('',*,*,#1226,.F.);
#1395 = ORIENTED_EDGE('',*,*,#1396,.F.);
#1396 = EDGE_CURVE('',#1397,#1170,#1399,.T.);
#1397 = VERTEX_POINT('',#1398);
#1398 = CARTESIAN_POINT('',(-5.073496761871,13.2,-22.25));
#1399 = LINE('',#1400,#1401);
#1400 = CARTESIAN_POINT('',(20.65,13.2,-22.25));
#1401 = VECTOR('',#1402,1.);
#1402 = DIRECTION('',(-1.,0.,2.150553074334E-16));
#1403 = ORIENTED_EDGE('',*,*,#1404,.F.);
#1404 = EDGE_CURVE('',#1405,#1397,#1407,.T.);
#1405 = VERTEX_POINT('',#1406);
#1406 = CARTESIAN_POINT('',(-5.073496761871,7.6,-22.25));
#1407 = LINE('',#1408,#1409);
#1408 = CARTESIAN_POINT('',(-5.073496761871,7.6,-22.25));
#1409 = VECTOR('',#1410,1.);
#1410 = DIRECTION('',(0.,1.,0.));
#1411 = ORIENTED_EDGE('',*,*,#1412,.F.);
#1412 = EDGE_CURVE('',#1413,#1405,#1415,.T.);
#1413 = VERTEX_POINT('',#1414);
#1414 = CARTESIAN_POINT('',(4.969757048779,7.6,-22.25));
#1415 = LINE('',#1416,#1417);
#1416 = CARTESIAN_POINT('',(20.624065071727,7.6,-22.25));
#1417 = VECTOR('',#1418,1.);
#1418 = DIRECTION('',(-1.,0.,2.150553074334E-16));
#1419 = ORIENTED_EDGE('',*,*,#1420,.F.);
#1420 = EDGE_CURVE('',#1421,#1413,#1423,.T.);
#1421 = VERTEX_POINT('',#1422);
#1422 = CARTESIAN_POINT('',(4.969757048779,13.2,-22.25));
#1423 = LINE('',#1424,#1425);
#1424 = CARTESIAN_POINT('',(4.969757048779,7.6,-22.25));
#1425 = VECTOR('',#1426,1.);
#1426 = DIRECTION('',(0.,-1.,0.));
#1427 = ORIENTED_EDGE('',*,*,#1428,.F.);
#1428 = EDGE_CURVE('',#1429,#1421,#1431,.T.);
#1429 = VERTEX_POINT('',#1430);
#1430 = CARTESIAN_POINT('',(38.735018588911,13.2,-22.25));
#1431 = LINE('',#1432,#1433);
#1432 = CARTESIAN_POINT('',(20.65,13.2,-22.25));
#1433 = VECTOR('',#1434,1.);
#1434 = DIRECTION('',(-1.,0.,2.150553074334E-16));
#1435 = ORIENTED_EDGE('',*,*,#1436,.F.);
#1436 = EDGE_CURVE('',#1437,#1429,#1439,.T.);
#1437 = VERTEX_POINT('',#1438);
#1438 = CARTESIAN_POINT('',(39.3,12.635018588911,-22.25));
#1439 = LINE('',#1440,#1441);
#1440 = CARTESIAN_POINT('',(39.017509294456,12.917509294456,-22.25));
#1441 = VECTOR('',#1442,1.);
#1442 = DIRECTION('',(-0.707106781187,0.707106781187,0.));
#1443 = ORIENTED_EDGE('',*,*,#1444,.F.);
#1444 = EDGE_CURVE('',#1445,#1437,#1447,.T.);
#1445 = VERTEX_POINT('',#1446);
#1446 = CARTESIAN_POINT('',(39.3,2.,-22.25));
#1447 = LINE('',#1448,#1449);
#1448 = CARTESIAN_POINT('',(39.3,0.,-22.25));
#1449 = VECTOR('',#1450,1.);
#1450 = DIRECTION('',(0.,1.,0.));
#1451 = ORIENTED_EDGE('',*,*,#1452,.F.);
#1452 = EDGE_CURVE('',#1453,#1445,#1455,.T.);
#1453 = VERTEX_POINT('',#1454);
#1454 = CARTESIAN_POINT('',(-39.3,2.,-22.25));
#1455 = LINE('',#1456,#1457);
#1456 = CARTESIAN_POINT('',(20.65,2.,-22.25));
#1457 = VECTOR('',#1458,1.);
#1458 = DIRECTION('',(1.,0.,-2.150553074334E-16));
#1459 = ORIENTED_EDGE('',*,*,#1460,.F.);
#1460 = EDGE_CURVE('',#1102,#1453,#1461,.T.);
#1461 = LINE('',#1462,#1463);
#1462 = CARTESIAN_POINT('',(-39.3,0.,-22.25));
#1463 = VECTOR('',#1464,1.);
#1464 = DIRECTION('',(0.,-1.,0.));
#1465 = PLANE('',#1466);
#1466 = AXIS2_PLACEMENT_3D('',#1467,#1468,#1469);
#1467 = CARTESIAN_POINT('',(41.3,0.,-22.25));
#1468 = DIRECTION('',(-2.150553074334E-16,0.,-1.));
#1469 = DIRECTION('',(-1.,0.,2.150553074334E-16));
#1470 = ADVANCED_FACE('',(#1471),#1491,.T.);
#1471 = FACE_BOUND('',#1472,.T.);
#1472 = EDGE_LOOP('',(#1473,#1474,#1475,#1483,#1490));
#1473 = ORIENTED_EDGE('',*,*,#1169,.F.);
#1474 = ORIENTED_EDGE('',*,*,#1270,.F.);
#1475 = ORIENTED_EDGE('',*,*,#1476,.T.);
#1476 = EDGE_CURVE('',#1263,#1477,#1479,.T.);
#1477 = VERTEX_POINT('',#1478);
#1478 = CARTESIAN_POINT('',(-5.073496761871,15.2,-20.25));
#1479 = LINE('',#1480,#1481);
#1480 = CARTESIAN_POINT('',(20.65,15.2,-20.25));
#1481 = VECTOR('',#1482,1.);
#1482 = DIRECTION('',(1.,0.,-2.150553074334E-16));
#1483 = ORIENTED_EDGE('',*,*,#1484,.F.);
#1484 = EDGE_CURVE('',#1397,#1477,#1485,.T.);
#1485 = CIRCLE('',#1486,2.);
#1486 = AXIS2_PLACEMENT_3D('',#1487,#1488,#1489);
#1487 = CARTESIAN_POINT('',(-5.073496761871,13.2,-20.25));
#1488 = DIRECTION('',(1.,0.,0.));
#1489 = DIRECTION('',(0.,0.707106781187,-0.707106781187));
#1490 = ORIENTED_EDGE('',*,*,#1396,.T.);
#1491 = CYLINDRICAL_SURFACE('',#1492,2.);
#1492 = AXIS2_PLACEMENT_3D('',#1493,#1494,#1495);
#1493 = CARTESIAN_POINT('',(20.65,13.2,-20.25));
#1494 = DIRECTION('',(-1.,0.,2.150553074334E-16));
#1495 = DIRECTION('',(-1.520670662163E-16,0.707106781187,-0.707106781187
    ));
#1496 = ADVANCED_FACE('',(#1497,#1692),#1726,.T.);
#1497 = FACE_BOUND('',#1498,.T.);
#1498 = EDGE_LOOP('',(#1499,#1510,#1518,#1526,#1534,#1543,#1551,#1559,
    #1567,#1575,#1583,#1592,#1600,#1608,#1616,#1625,#1634,#1640,#1641,
    #1642,#1643,#1644,#1652,#1660,#1666,#1667,#1668,#1669,#1677,#1685));
#1499 = ORIENTED_EDGE('',*,*,#1500,.F.);
#1500 = EDGE_CURVE('',#1501,#1503,#1505,.T.);
#1501 = VERTEX_POINT('',#1502);
#1502 = CARTESIAN_POINT('',(4.969757048779,15.2,15.637724534505));
#1503 = VERTEX_POINT('',#1504);
#1504 = CARTESIAN_POINT('',(-5.186985654607E-02,15.200000000401,
    10.616224534906));
#1505 = CIRCLE('',#1506,5.0215);
#1506 = AXIS2_PLACEMENT_3D('',#1507,#1508,#1509);
#1507 = CARTESIAN_POINT('',(-5.174295122091E-02,15.2,15.637724534505));
#1508 = DIRECTION('',(0.,1.,0.));
#1509 = DIRECTION('',(0.707106781187,0.,-0.707106781187));
#1510 = ORIENTED_EDGE('',*,*,#1511,.F.);
#1511 = EDGE_CURVE('',#1512,#1501,#1514,.T.);
#1512 = VERTEX_POINT('',#1513);
#1513 = CARTESIAN_POINT('',(4.969757048779,15.2,20.25));
#1514 = LINE('',#1515,#1516);
#1515 = CARTESIAN_POINT('',(4.969757048779,15.2,5.508112267253));
#1516 = VECTOR('',#1517,1.);
#1517 = DIRECTION('',(0.,0.,-1.));
#1518 = ORIENTED_EDGE('',*,*,#1519,.F.);
#1519 = EDGE_CURVE('',#1520,#1512,#1522,.T.);
#1520 = VERTEX_POINT('',#1521);
#1521 = CARTESIAN_POINT('',(40.9,15.2,20.25));
#1522 = LINE('',#1523,#1524);
#1523 = CARTESIAN_POINT('',(-20.65,15.2,20.25));
#1524 = VECTOR('',#1525,1.);
#1525 = DIRECTION('',(-1.,0.,5.376382685836E-17));
#1526 = ORIENTED_EDGE('',*,*,#1527,.F.);
#1527 = EDGE_CURVE('',#1528,#1520,#1530,.T.);
#1528 = VERTEX_POINT('',#1529);
#1529 = CARTESIAN_POINT('',(40.9,15.2,14.5));
#1530 = LINE('',#1531,#1532);
#1531 = CARTESIAN_POINT('',(40.9,15.2,11.125));
#1532 = VECTOR('',#1533,1.);
#1533 = DIRECTION('',(0.,0.,1.));
#1534 = ORIENTED_EDGE('',*,*,#1535,.F.);
#1535 = EDGE_CURVE('',#1536,#1528,#1538,.T.);
#1536 = VERTEX_POINT('',#1537);
#1537 = CARTESIAN_POINT('',(39.3,15.2,12.9));
#1538 = CIRCLE('',#1539,1.6);
#1539 = AXIS2_PLACEMENT_3D('',#1540,#1541,#1542);
#1540 = CARTESIAN_POINT('',(39.3,15.2,14.5));
#1541 = DIRECTION('',(0.,-1.,0.));
#1542 = DIRECTION('',(0.707106781187,0.,-0.707106781187));
#1543 = ORIENTED_EDGE('',*,*,#1544,.F.);
#1544 = EDGE_CURVE('',#1545,#1536,#1547,.T.);
#1545 = VERTEX_POINT('',#1546);
#1546 = CARTESIAN_POINT('',(31.55,15.2,12.9));
#1547 = LINE('',#1548,#1549);
#1548 = CARTESIAN_POINT('',(23.351318166881,15.2,12.9));
#1549 = VECTOR('',#1550,1.);
#1550 = DIRECTION('',(1.,0.,0.));
#1551 = ORIENTED_EDGE('',*,*,#1552,.F.);
#1552 = EDGE_CURVE('',#1553,#1545,#1555,.T.);
#1553 = VERTEX_POINT('',#1554);
#1554 = CARTESIAN_POINT('',(6.15,15.2,12.9));
#1555 = LINE('',#1556,#1557);
#1556 = CARTESIAN_POINT('',(15.775,15.2,12.9));
#1557 = VECTOR('',#1558,1.);
#1558 = DIRECTION('',(1.,0.,0.));
#1559 = ORIENTED_EDGE('',*,*,#1560,.F.);
#1560 = EDGE_CURVE('',#1561,#1553,#1563,.T.);
#1561 = VERTEX_POINT('',#1562);
#1562 = CARTESIAN_POINT('',(6.15,15.2,-12.9));
#1563 = LINE('',#1564,#1565);
#1564 = CARTESIAN_POINT('',(6.15,15.2,6.25));
#1565 = VECTOR('',#1566,1.);
#1566 = DIRECTION('',(-1.7763568394E-16,0.,1.));
#1567 = ORIENTED_EDGE('',*,*,#1568,.F.);
#1568 = EDGE_CURVE('',#1569,#1561,#1571,.T.);
#1569 = VERTEX_POINT('',#1570);
#1570 = CARTESIAN_POINT('',(31.55,15.2,-12.9));
#1571 = LINE('',#1572,#1573);
#1572 = CARTESIAN_POINT('',(3.275,15.2,-12.9));
#1573 = VECTOR('',#1574,1.);
#1574 = DIRECTION('',(-1.,0.,8.881784197001E-17));
#1575 = ORIENTED_EDGE('',*,*,#1576,.F.);
#1576 = EDGE_CURVE('',#1577,#1569,#1579,.T.);
#1577 = VERTEX_POINT('',#1578);
#1578 = CARTESIAN_POINT('',(39.3,15.2,-12.9));
#1579 = LINE('',#1580,#1581);
#1580 = CARTESIAN_POINT('',(15.775,15.2,-12.9));
#1581 = VECTOR('',#1582,1.);
#1582 = DIRECTION('',(-1.,0.,0.));
#1583 = ORIENTED_EDGE('',*,*,#1584,.F.);
#1584 = EDGE_CURVE('',#1585,#1577,#1587,.T.);
#1585 = VERTEX_POINT('',#1586);
#1586 = CARTESIAN_POINT('',(40.9,15.2,-14.5));
#1587 = CIRCLE('',#1588,1.6);
#1588 = AXIS2_PLACEMENT_3D('',#1589,#1590,#1591);
#1589 = CARTESIAN_POINT('',(39.3,15.2,-14.5));
#1590 = DIRECTION('',(0.,-1.,0.));
#1591 = DIRECTION('',(0.707106781187,0.,0.707106781187));
#1592 = ORIENTED_EDGE('',*,*,#1593,.F.);
#1593 = EDGE_CURVE('',#1594,#1585,#1596,.T.);
#1594 = VERTEX_POINT('',#1595);
#1595 = CARTESIAN_POINT('',(40.9,15.2,-20.25));
#1596 = LINE('',#1597,#1598);
#1597 = CARTESIAN_POINT('',(40.9,15.2,11.125));
#1598 = VECTOR('',#1599,1.);
#1599 = DIRECTION('',(0.,0.,1.));
#1600 = ORIENTED_EDGE('',*,*,#1601,.F.);
#1601 = EDGE_CURVE('',#1602,#1594,#1604,.T.);
#1602 = VERTEX_POINT('',#1603);
#1603 = CARTESIAN_POINT('',(4.969757048779,15.2,-20.25));
#1604 = LINE('',#1605,#1606);
#1605 = CARTESIAN_POINT('',(20.65,15.2,-20.25));
#1606 = VECTOR('',#1607,1.);
#1607 = DIRECTION('',(1.,0.,-2.150553074334E-16));
#1608 = ORIENTED_EDGE('',*,*,#1609,.F.);
#1609 = EDGE_CURVE('',#1610,#1602,#1612,.T.);
#1610 = VERTEX_POINT('',#1611);
#1611 = CARTESIAN_POINT('',(4.969757048779,15.2,-15.8589227625));
#1612 = LINE('',#1613,#1614);
#1613 = CARTESIAN_POINT('',(4.969757048779,15.2,-11.125));
#1614 = VECTOR('',#1615,1.);
#1615 = DIRECTION('',(0.,0.,-1.));
#1616 = ORIENTED_EDGE('',*,*,#1617,.F.);
#1617 = EDGE_CURVE('',#1618,#1610,#1620,.T.);
#1618 = VERTEX_POINT('',#1619);
#1619 = CARTESIAN_POINT('',(-5.186985654607E-02,15.200000000401,
    -10.8374227629));
#1620 = CIRCLE('',#1621,5.0215);
#1621 = AXIS2_PLACEMENT_3D('',#1622,#1623,#1624);
#1622 = CARTESIAN_POINT('',(-5.174295122091E-02,15.2,-15.8589227625));
#1623 = DIRECTION('',(0.,1.,0.));
#1624 = DIRECTION('',(0.707106781187,-0.,0.707106781187));
#1625 = ORIENTED_EDGE('',*,*,#1626,.F.);
#1626 = EDGE_CURVE('',#1627,#1618,#1629,.T.);
#1627 = VERTEX_POINT('',#1628);
#1628 = CARTESIAN_POINT('',(-5.073496761871,15.2,-15.8589227625));
#1629 = CIRCLE('',#1630,5.0215);
#1630 = AXIS2_PLACEMENT_3D('',#1631,#1632,#1633);
#1631 = CARTESIAN_POINT('',(-5.199676187123E-02,15.2,-15.8589227625));
#1632 = DIRECTION('',(0.,1.,0.));
#1633 = DIRECTION('',(-0.707106781187,0.,0.707106781187));
#1634 = ORIENTED_EDGE('',*,*,#1635,.F.);
#1635 = EDGE_CURVE('',#1477,#1627,#1636,.T.);
#1636 = LINE('',#1637,#1638);
#1637 = CARTESIAN_POINT('',(-5.073496761871,15.2,-5.61871138125));
#1638 = VECTOR('',#1639,1.);
#1639 = DIRECTION('',(0.,0.,1.));
#1640 = ORIENTED_EDGE('',*,*,#1476,.F.);
#1641 = ORIENTED_EDGE('',*,*,#1315,.F.);
#1642 = ORIENTED_EDGE('',*,*,#1349,.F.);
#1643 = ORIENTED_EDGE('',*,*,#1374,.F.);
#1644 = ORIENTED_EDGE('',*,*,#1645,.F.);
#1645 = EDGE_CURVE('',#1646,#1365,#1648,.T.);
#1646 = VERTEX_POINT('',#1647);
#1647 = CARTESIAN_POINT('',(-6.15,15.2,-12.9));
#1648 = LINE('',#1649,#1650);
#1649 = CARTESIAN_POINT('',(-15.775,15.2,-12.9));
#1650 = VECTOR('',#1651,1.);
#1651 = DIRECTION('',(-1.,0.,-8.881784197001E-17));
#1652 = ORIENTED_EDGE('',*,*,#1653,.F.);
#1653 = EDGE_CURVE('',#1654,#1646,#1656,.T.);
#1654 = VERTEX_POINT('',#1655);
#1655 = CARTESIAN_POINT('',(-6.15,15.2,12.9));
#1656 = LINE('',#1657,#1658);
#1657 = CARTESIAN_POINT('',(-6.15,15.2,-6.25));
#1658 = VECTOR('',#1659,1.);
#1659 = DIRECTION('',(-2.6645352591E-16,0.,-1.));
#1660 = ORIENTED_EDGE('',*,*,#1661,.F.);
#1661 = EDGE_CURVE('',#918,#1654,#1662,.T.);
#1662 = LINE('',#1663,#1664);
#1663 = CARTESIAN_POINT('',(-3.275,15.2,12.9));
#1664 = VECTOR('',#1665,1.);
#1665 = DIRECTION('',(1.,0.,0.));
#1666 = ORIENTED_EDGE('',*,*,#932,.F.);
#1667 = ORIENTED_EDGE('',*,*,#900,.F.);
#1668 = ORIENTED_EDGE('',*,*,#852,.F.);
#1669 = ORIENTED_EDGE('',*,*,#1670,.F.);
#1670 = EDGE_CURVE('',#1671,#796,#1673,.T.);
#1671 = VERTEX_POINT('',#1672);
#1672 = CARTESIAN_POINT('',(-5.073496761871,15.2,20.25));
#1673 = LINE('',#1674,#1675);
#1674 = CARTESIAN_POINT('',(-20.65,15.2,20.25));
#1675 = VECTOR('',#1676,1.);
#1676 = DIRECTION('',(-1.,0.,5.376382685836E-17));
#1677 = ORIENTED_EDGE('',*,*,#1678,.F.);
#1678 = EDGE_CURVE('',#1679,#1671,#1681,.T.);
#1679 = VERTEX_POINT('',#1680);
#1680 = CARTESIAN_POINT('',(-5.073496761871,15.2,15.637724534505));
#1681 = LINE('',#1682,#1683);
#1682 = CARTESIAN_POINT('',(-5.073496761871,15.2,11.125));
#1683 = VECTOR('',#1684,1.);
#1684 = DIRECTION('',(0.,0.,1.));
#1685 = ORIENTED_EDGE('',*,*,#1686,.F.);
#1686 = EDGE_CURVE('',#1503,#1679,#1687,.T.);
#1687 = CIRCLE('',#1688,5.0215);
#1688 = AXIS2_PLACEMENT_3D('',#1689,#1690,#1691);
#1689 = CARTESIAN_POINT('',(-5.199676187123E-02,15.2,15.637724534505));
#1690 = DIRECTION('',(0.,1.,0.));
#1691 = DIRECTION('',(-0.707106781187,0.,-0.707106781187));
#1692 = FACE_BOUND('',#1693,.T.);
#1693 = EDGE_LOOP('',(#1694,#1704,#1712,#1720));
#1694 = ORIENTED_EDGE('',*,*,#1695,.T.);
#1695 = EDGE_CURVE('',#1696,#1698,#1700,.T.);
#1696 = VERTEX_POINT('',#1697);
#1697 = CARTESIAN_POINT('',(5.799354110401,15.2,-9.365471530728));
#1698 = VERTEX_POINT('',#1699);
#1699 = CARTESIAN_POINT('',(5.799354110401,15.2,9.098587732399));
#1700 = LINE('',#1701,#1702);
#1701 = CARTESIAN_POINT('',(5.799354110401,15.2,-4.682735765364));
#1702 = VECTOR('',#1703,1.);
#1703 = DIRECTION('',(0.,0.,1.));
#1704 = ORIENTED_EDGE('',*,*,#1705,.T.);
#1705 = EDGE_CURVE('',#1698,#1706,#1708,.T.);
#1706 = VERTEX_POINT('',#1707);
#1707 = CARTESIAN_POINT('',(-6.050962955896,15.2,9.098587732399));
#1708 = LINE('',#1709,#1710);
#1709 = CARTESIAN_POINT('',(2.8996770552,15.2,9.098587732399));
#1710 = VECTOR('',#1711,1.);
#1711 = DIRECTION('',(-1.,0.,0.));
#1712 = ORIENTED_EDGE('',*,*,#1713,.T.);
#1713 = EDGE_CURVE('',#1706,#1714,#1716,.T.);
#1714 = VERTEX_POINT('',#1715);
#1715 = CARTESIAN_POINT('',(-6.050962955896,15.2,-9.365471530728));
#1716 = LINE('',#1717,#1718);
#1717 = CARTESIAN_POINT('',(-6.050962955896,15.2,4.549293866199));
#1718 = VECTOR('',#1719,1.);
#1719 = DIRECTION('',(0.,0.,-1.));
#1720 = ORIENTED_EDGE('',*,*,#1721,.T.);
#1721 = EDGE_CURVE('',#1714,#1696,#1722,.T.);
#1722 = LINE('',#1723,#1724);
#1723 = CARTESIAN_POINT('',(-3.025481477948,15.2,-9.365471530728));
#1724 = VECTOR('',#1725,1.);
#1725 = DIRECTION('',(1.,0.,0.));
#1726 = PLANE('',#1727);
#1727 = AXIS2_PLACEMENT_3D('',#1728,#1729,#1730);
#1728 = CARTESIAN_POINT('',(0.,15.2,0.));
#1729 = DIRECTION('',(0.,1.,0.));
#1730 = DIRECTION('',(0.,-0.,1.));
#1731 = ADVANCED_FACE('',(#1732),#1758,.T.);
#1732 = FACE_BOUND('',#1733,.T.);
#1733 = EDGE_LOOP('',(#1734,#1744,#1752));
#1734 = ORIENTED_EDGE('',*,*,#1735,.F.);
#1735 = EDGE_CURVE('',#1736,#1738,#1740,.T.);
#1736 = VERTEX_POINT('',#1737);
#1737 = CARTESIAN_POINT('',(-31.15,33.5,-12.1));
#1738 = VERTEX_POINT('',#1739);
#1739 = CARTESIAN_POINT('',(-31.55,33.1,-12.1));
#1740 = LINE('',#1741,#1742);
#1741 = CARTESIAN_POINT('',(-31.15,33.5,-12.1));
#1742 = VECTOR('',#1743,1.);
#1743 = DIRECTION('',(-0.707106781187,-0.707106781187,0.));
#1744 = ORIENTED_EDGE('',*,*,#1745,.F.);
#1745 = EDGE_CURVE('',#1746,#1736,#1748,.T.);
#1746 = VERTEX_POINT('',#1747);
#1747 = CARTESIAN_POINT('',(-31.15,33.1,-12.5));
#1748 = LINE('',#1749,#1750);
#1749 = CARTESIAN_POINT('',(-31.15,33.1,-12.5));
#1750 = VECTOR('',#1751,1.);
#1751 = DIRECTION('',(0.,0.707106781187,0.707106781187));
#1752 = ORIENTED_EDGE('',*,*,#1753,.F.);
#1753 = EDGE_CURVE('',#1738,#1746,#1754,.T.);
#1754 = LINE('',#1755,#1756);
#1755 = CARTESIAN_POINT('',(-31.55,33.1,-12.1));
#1756 = VECTOR('',#1757,1.);
#1757 = DIRECTION('',(0.707106781187,0.,-0.707106781187));
#1758 = PLANE('',#1759);
#1759 = AXIS2_PLACEMENT_3D('',#1760,#1761,#1762);
#1760 = CARTESIAN_POINT('',(-31.15,33.1,-12.5));
#1761 = DIRECTION('',(-0.57735026919,0.57735026919,-0.57735026919));
#1762 = DIRECTION('',(-0.707106781187,0.,0.707106781187));
#1763 = ADVANCED_FACE('',(#1764),#1797,.T.);
#1764 = FACE_BOUND('',#1765,.T.);
#1765 = EDGE_LOOP('',(#1766,#1776,#1782,#1783,#1791));
#1766 = ORIENTED_EDGE('',*,*,#1767,.T.);
#1767 = EDGE_CURVE('',#1768,#1770,#1772,.T.);
#1768 = VERTEX_POINT('',#1769);
#1769 = CARTESIAN_POINT('',(-6.75,33.3,-12.3));
#1770 = VERTEX_POINT('',#1771);
#1771 = CARTESIAN_POINT('',(-6.95,33.1,-12.5));
#1772 = LINE('',#1773,#1774);
#1773 = CARTESIAN_POINT('',(-9.808333333333,30.241666666667,
    -15.35833333333));
#1774 = VECTOR('',#1775,1.);
#1775 = DIRECTION('',(-0.57735026919,-0.57735026919,-0.57735026919));
#1776 = ORIENTED_EDGE('',*,*,#1777,.T.);
#1777 = EDGE_CURVE('',#1770,#1746,#1778,.T.);
#1778 = LINE('',#1779,#1780);
#1779 = CARTESIAN_POINT('',(-25.3,33.1,-12.5));
#1780 = VECTOR('',#1781,1.);
#1781 = DIRECTION('',(-1.,0.,-8.881784197001E-17));
#1782 = ORIENTED_EDGE('',*,*,#1745,.T.);
#1783 = ORIENTED_EDGE('',*,*,#1784,.T.);
#1784 = EDGE_CURVE('',#1736,#1785,#1787,.T.);
#1785 = VERTEX_POINT('',#1786);
#1786 = CARTESIAN_POINT('',(-6.95,33.5,-12.1));
#1787 = LINE('',#1788,#1789);
#1788 = CARTESIAN_POINT('',(-25.3,33.5,-12.1));
#1789 = VECTOR('',#1790,1.);
#1790 = DIRECTION('',(1.,0.,8.881784197001E-17));
#1791 = ORIENTED_EDGE('',*,*,#1792,.T.);
#1792 = EDGE_CURVE('',#1785,#1768,#1793,.T.);
#1793 = LINE('',#1794,#1795);
#1794 = CARTESIAN_POINT('',(-10.85,37.4,-8.2));
#1795 = VECTOR('',#1796,1.);
#1796 = DIRECTION('',(0.57735026919,-0.57735026919,-0.57735026919));
#1797 = PLANE('',#1798);
#1798 = AXIS2_PLACEMENT_3D('',#1799,#1800,#1801);
#1799 = CARTESIAN_POINT('',(-25.3,33.3,-12.3));
#1800 = DIRECTION('',(6.280369834735E-17,0.707106781187,-0.707106781187)
  );
#1801 = DIRECTION('',(-1.,-1.848892746612E-32,-8.881784197001E-17));
#1802 = ADVANCED_FACE('',(#1803),#1828,.T.);
#1803 = FACE_BOUND('',#1804,.T.);
#1804 = EDGE_LOOP('',(#1805,#1815,#1821,#1822));
#1805 = ORIENTED_EDGE('',*,*,#1806,.F.);
#1806 = EDGE_CURVE('',#1807,#1809,#1811,.T.);
#1807 = VERTEX_POINT('',#1808);
#1808 = CARTESIAN_POINT('',(-31.55,16.,-12.1));
#1809 = VERTEX_POINT('',#1810);
#1810 = CARTESIAN_POINT('',(-31.15,15.6,-12.5));
#1811 = LINE('',#1812,#1813);
#1812 = CARTESIAN_POINT('',(-31.57083333333,16.020833333333,
    -12.07916666666));
#1813 = VECTOR('',#1814,1.);
#1814 = DIRECTION('',(0.57735026919,-0.57735026919,-0.57735026919));
#1815 = ORIENTED_EDGE('',*,*,#1816,.T.);
#1816 = EDGE_CURVE('',#1807,#1738,#1817,.T.);
#1817 = LINE('',#1818,#1819);
#1818 = CARTESIAN_POINT('',(-31.55,33.5,-12.1));
#1819 = VECTOR('',#1820,1.);
#1820 = DIRECTION('',(0.,1.,0.));
#1821 = ORIENTED_EDGE('',*,*,#1753,.T.);
#1822 = ORIENTED_EDGE('',*,*,#1823,.T.);
#1823 = EDGE_CURVE('',#1746,#1809,#1824,.T.);
#1824 = LINE('',#1825,#1826);
#1825 = CARTESIAN_POINT('',(-31.15,33.5,-12.5));
#1826 = VECTOR('',#1827,1.);
#1827 = DIRECTION('',(0.,-1.,0.));
#1828 = PLANE('',#1829);
#1829 = AXIS2_PLACEMENT_3D('',#1830,#1831,#1832);
#1830 = CARTESIAN_POINT('',(-31.35,33.5,-12.3));
#1831 = DIRECTION('',(-0.707106781187,0.,-0.707106781187));
#1832 = DIRECTION('',(-0.707106781187,0.,0.707106781187));
#1833 = ADVANCED_FACE('',(#1834),#1860,.T.);
#1834 = FACE_BOUND('',#1835,.T.);
#1835 = EDGE_LOOP('',(#1836,#1846,#1854));
#1836 = ORIENTED_EDGE('',*,*,#1837,.F.);
#1837 = EDGE_CURVE('',#1838,#1840,#1842,.T.);
#1838 = VERTEX_POINT('',#1839);
#1839 = CARTESIAN_POINT('',(-31.15,33.1,12.5));
#1840 = VERTEX_POINT('',#1841);
#1841 = CARTESIAN_POINT('',(-31.55,33.1,12.1));
#1842 = LINE('',#1843,#1844);
#1843 = CARTESIAN_POINT('',(-31.15,33.1,12.5));
#1844 = VECTOR('',#1845,1.);
#1845 = DIRECTION('',(-0.707106781187,0.,-0.707106781187));
#1846 = ORIENTED_EDGE('',*,*,#1847,.F.);
#1847 = EDGE_CURVE('',#1848,#1838,#1850,.T.);
#1848 = VERTEX_POINT('',#1849);
#1849 = CARTESIAN_POINT('',(-31.15,33.5,12.1));
#1850 = LINE('',#1851,#1852);
#1851 = CARTESIAN_POINT('',(-31.15,33.5,12.1));
#1852 = VECTOR('',#1853,1.);
#1853 = DIRECTION('',(0.,-0.707106781187,0.707106781187));
#1854 = ORIENTED_EDGE('',*,*,#1855,.F.);
#1855 = EDGE_CURVE('',#1840,#1848,#1856,.T.);
#1856 = LINE('',#1857,#1858);
#1857 = CARTESIAN_POINT('',(-31.55,33.1,12.1));
#1858 = VECTOR('',#1859,1.);
#1859 = DIRECTION('',(0.707106781187,0.707106781187,0.));
#1860 = PLANE('',#1861);
#1861 = AXIS2_PLACEMENT_3D('',#1862,#1863,#1864);
#1862 = CARTESIAN_POINT('',(-31.15,33.5,12.1));
#1863 = DIRECTION('',(-0.57735026919,0.57735026919,0.57735026919));
#1864 = DIRECTION('',(0.707106781187,0.,0.707106781187));
#1865 = ADVANCED_FACE('',(#1866),#1899,.T.);
#1866 = FACE_BOUND('',#1867,.T.);
#1867 = EDGE_LOOP('',(#1868,#1878,#1884,#1885,#1893));
#1868 = ORIENTED_EDGE('',*,*,#1869,.T.);
#1869 = EDGE_CURVE('',#1870,#1872,#1874,.T.);
#1870 = VERTEX_POINT('',#1871);
#1871 = CARTESIAN_POINT('',(-6.75,33.3,12.3));
#1872 = VERTEX_POINT('',#1873);
#1873 = CARTESIAN_POINT('',(-6.95,33.5,12.1));
#1874 = LINE('',#1875,#1876);
#1875 = CARTESIAN_POINT('',(-10.85,37.4,8.2));
#1876 = VECTOR('',#1877,1.);
#1877 = DIRECTION('',(-0.57735026919,0.57735026919,-0.57735026919));
#1878 = ORIENTED_EDGE('',*,*,#1879,.T.);
#1879 = EDGE_CURVE('',#1872,#1848,#1880,.T.);
#1880 = LINE('',#1881,#1882);
#1881 = CARTESIAN_POINT('',(-12.8,33.5,12.1));
#1882 = VECTOR('',#1883,1.);
#1883 = DIRECTION('',(-1.,0.,0.));
#1884 = ORIENTED_EDGE('',*,*,#1847,.T.);
#1885 = ORIENTED_EDGE('',*,*,#1886,.T.);
#1886 = EDGE_CURVE('',#1838,#1887,#1889,.T.);
#1887 = VERTEX_POINT('',#1888);
#1888 = CARTESIAN_POINT('',(-6.95,33.1,12.5));
#1889 = LINE('',#1890,#1891);
#1890 = CARTESIAN_POINT('',(-12.8,33.1,12.5));
#1891 = VECTOR('',#1892,1.);
#1892 = DIRECTION('',(1.,0.,0.));
#1893 = ORIENTED_EDGE('',*,*,#1894,.T.);
#1894 = EDGE_CURVE('',#1887,#1870,#1895,.T.);
#1895 = LINE('',#1896,#1897);
#1896 = CARTESIAN_POINT('',(-7.725,32.325,13.275));
#1897 = VECTOR('',#1898,1.);
#1898 = DIRECTION('',(0.57735026919,0.57735026919,-0.57735026919));
#1899 = PLANE('',#1900);
#1900 = AXIS2_PLACEMENT_3D('',#1901,#1902,#1903);
#1901 = CARTESIAN_POINT('',(-12.8,33.3,12.3));
#1902 = DIRECTION('',(0.,0.707106781187,0.707106781187));
#1903 = DIRECTION('',(1.,0.,-0.));
#1904 = ADVANCED_FACE('',(#1905),#1921,.T.);
#1905 = FACE_BOUND('',#1906,.T.);
#1906 = EDGE_LOOP('',(#1907,#1908,#1914,#1915));
#1907 = ORIENTED_EDGE('',*,*,#1735,.T.);
#1908 = ORIENTED_EDGE('',*,*,#1909,.T.);
#1909 = EDGE_CURVE('',#1738,#1840,#1910,.T.);
#1910 = LINE('',#1911,#1912);
#1911 = CARTESIAN_POINT('',(-31.55,33.1,6.25));
#1912 = VECTOR('',#1913,1.);
#1913 = DIRECTION('',(1.7763568394E-16,0.,1.));
#1914 = ORIENTED_EDGE('',*,*,#1855,.T.);
#1915 = ORIENTED_EDGE('',*,*,#1916,.T.);
#1916 = EDGE_CURVE('',#1848,#1736,#1917,.T.);
#1917 = LINE('',#1918,#1919);
#1918 = CARTESIAN_POINT('',(-31.15,33.5,6.25));
#1919 = VECTOR('',#1920,1.);
#1920 = DIRECTION('',(-1.7763568394E-16,0.,-1.));
#1921 = PLANE('',#1922);
#1922 = AXIS2_PLACEMENT_3D('',#1923,#1924,#1925);
#1923 = CARTESIAN_POINT('',(-31.35,33.3,6.25));
#1924 = DIRECTION('',(-0.707106781187,0.707106781187,1.256073966947E-16)
  );
#1925 = DIRECTION('',(1.7763568394E-16,3.697785493223E-32,1.));
#1926 = ADVANCED_FACE('',(#1927),#1952,.T.);
#1927 = FACE_BOUND('',#1928,.T.);
#1928 = EDGE_LOOP('',(#1929,#1939,#1945,#1946));
#1929 = ORIENTED_EDGE('',*,*,#1930,.F.);
#1930 = EDGE_CURVE('',#1931,#1933,#1935,.T.);
#1931 = VERTEX_POINT('',#1932);
#1932 = CARTESIAN_POINT('',(-31.15,15.6,12.5));
#1933 = VERTEX_POINT('',#1934);
#1934 = CARTESIAN_POINT('',(-31.55,16.,12.1));
#1935 = LINE('',#1936,#1937);
#1936 = CARTESIAN_POINT('',(-29.4875,13.9375,14.1625));
#1937 = VECTOR('',#1938,1.);
#1938 = DIRECTION('',(-0.57735026919,0.57735026919,-0.57735026919));
#1939 = ORIENTED_EDGE('',*,*,#1940,.T.);
#1940 = EDGE_CURVE('',#1931,#1838,#1941,.T.);
#1941 = LINE('',#1942,#1943);
#1942 = CARTESIAN_POINT('',(-31.15,33.5,12.5));
#1943 = VECTOR('',#1944,1.);
#1944 = DIRECTION('',(0.,1.,0.));
#1945 = ORIENTED_EDGE('',*,*,#1837,.T.);
#1946 = ORIENTED_EDGE('',*,*,#1947,.T.);
#1947 = EDGE_CURVE('',#1840,#1933,#1948,.T.);
#1948 = LINE('',#1949,#1950);
#1949 = CARTESIAN_POINT('',(-31.55,33.5,12.1));
#1950 = VECTOR('',#1951,1.);
#1951 = DIRECTION('',(0.,-1.,0.));
#1952 = PLANE('',#1953);
#1953 = AXIS2_PLACEMENT_3D('',#1954,#1955,#1956);
#1954 = CARTESIAN_POINT('',(-31.35,33.5,12.3));
#1955 = DIRECTION('',(-0.707106781187,0.,0.707106781187));
#1956 = DIRECTION('',(0.707106781187,0.,0.707106781187));
#1957 = ADVANCED_FACE('',(#1958,#1969),#1980,.F.);
#1958 = FACE_BOUND('',#1959,.T.);
#1959 = EDGE_LOOP('',(#1960,#1961,#1962,#1963));
#1960 = ORIENTED_EDGE('',*,*,#1784,.F.);
#1961 = ORIENTED_EDGE('',*,*,#1916,.F.);
#1962 = ORIENTED_EDGE('',*,*,#1879,.F.);
#1963 = ORIENTED_EDGE('',*,*,#1964,.F.);
#1964 = EDGE_CURVE('',#1785,#1872,#1965,.T.);
#1965 = LINE('',#1966,#1967);
#1966 = CARTESIAN_POINT('',(-6.95,33.5,-6.25));
#1967 = VECTOR('',#1968,1.);
#1968 = DIRECTION('',(2.6645352591E-16,0.,1.));
#1969 = FACE_BOUND('',#1970,.T.);
#1970 = EDGE_LOOP('',(#1971));
#1971 = ORIENTED_EDGE('',*,*,#1972,.T.);
#1972 = EDGE_CURVE('',#1973,#1973,#1975,.T.);
#1973 = VERTEX_POINT('',#1974);
#1974 = CARTESIAN_POINT('',(-28.55,33.5,1.16341445919E-15));
#1975 = CIRCLE('',#1976,9.5);
#1976 = AXIS2_PLACEMENT_3D('',#1977,#1978,#1979);
#1977 = CARTESIAN_POINT('',(-19.05,33.5,0.));
#1978 = DIRECTION('',(0.,-1.,0.));
#1979 = DIRECTION('',(1.,0.,0.));
#1980 = PLANE('',#1981);
#1981 = AXIS2_PLACEMENT_3D('',#1982,#1983,#1984);
#1982 = CARTESIAN_POINT('',(-19.05,33.5,0.));
#1983 = DIRECTION('',(0.,-1.,0.));
#1984 = DIRECTION('',(0.,0.,-1.));
#1985 = ADVANCED_FACE('',(#1986),#2013,.T.);
#1986 = FACE_BOUND('',#1987,.T.);
#1987 = EDGE_LOOP('',(#1988,#1989,#1990,#1991,#1999,#2007));
#1988 = ORIENTED_EDGE('',*,*,#1792,.F.);
#1989 = ORIENTED_EDGE('',*,*,#1964,.T.);
#1990 = ORIENTED_EDGE('',*,*,#1869,.F.);
#1991 = ORIENTED_EDGE('',*,*,#1992,.T.);
#1992 = EDGE_CURVE('',#1870,#1993,#1995,.T.);
#1993 = VERTEX_POINT('',#1994);
#1994 = CARTESIAN_POINT('',(-6.55,33.1,12.1));
#1995 = LINE('',#1996,#1997);
#1996 = CARTESIAN_POINT('',(-6.95,33.5,12.5));
#1997 = VECTOR('',#1998,1.);
#1998 = DIRECTION('',(0.57735026919,-0.57735026919,-0.57735026919));
#1999 = ORIENTED_EDGE('',*,*,#2000,.T.);
#2000 = EDGE_CURVE('',#1993,#2001,#2003,.T.);
#2001 = VERTEX_POINT('',#2002);
#2002 = CARTESIAN_POINT('',(-6.55,33.1,-12.1));
#2003 = LINE('',#2004,#2005);
#2004 = CARTESIAN_POINT('',(-6.55,33.1,-6.25));
#2005 = VECTOR('',#2006,1.);
#2006 = DIRECTION('',(-2.6645352591E-16,0.,-1.));
#2007 = ORIENTED_EDGE('',*,*,#2008,.T.);
#2008 = EDGE_CURVE('',#2001,#1768,#2009,.T.);
#2009 = LINE('',#2010,#2011);
#2010 = CARTESIAN_POINT('',(-6.55,33.1,-12.1));
#2011 = VECTOR('',#2012,1.);
#2012 = DIRECTION('',(-0.57735026919,0.57735026919,-0.57735026919));
#2013 = PLANE('',#2014);
#2014 = AXIS2_PLACEMENT_3D('',#2015,#2016,#2017);
#2015 = CARTESIAN_POINT('',(-6.75,33.3,-6.25));
#2016 = DIRECTION('',(0.707106781187,0.707106781187,-1.884110950421E-16)
  );
#2017 = DIRECTION('',(-2.6645352591E-16,2.958228394579E-31,-1.));
#2018 = ADVANCED_FACE('',(#2019),#2045,.T.);
#2019 = FACE_BOUND('',#2020,.T.);
#2020 = EDGE_LOOP('',(#2021,#2022,#2030,#2038,#2044));
#2021 = ORIENTED_EDGE('',*,*,#1894,.F.);
#2022 = ORIENTED_EDGE('',*,*,#2023,.T.);
#2023 = EDGE_CURVE('',#1887,#2024,#2026,.T.);
#2024 = VERTEX_POINT('',#2025);
#2025 = CARTESIAN_POINT('',(-6.95,15.6,12.5));
#2026 = LINE('',#2027,#2028);
#2027 = CARTESIAN_POINT('',(-6.95,33.5,12.5));
#2028 = VECTOR('',#2029,1.);
#2029 = DIRECTION('',(0.,-1.,0.));
#2030 = ORIENTED_EDGE('',*,*,#2031,.T.);
#2031 = EDGE_CURVE('',#2024,#2032,#2034,.T.);
#2032 = VERTEX_POINT('',#2033);
#2033 = CARTESIAN_POINT('',(-6.55,15.6,12.1));
#2034 = LINE('',#2035,#2036);
#2035 = CARTESIAN_POINT('',(-6.95,15.6,12.5));
#2036 = VECTOR('',#2037,1.);
#2037 = DIRECTION('',(0.707106781187,0.,-0.707106781187));
#2038 = ORIENTED_EDGE('',*,*,#2039,.T.);
#2039 = EDGE_CURVE('',#2032,#1993,#2040,.T.);
#2040 = LINE('',#2041,#2042);
#2041 = CARTESIAN_POINT('',(-6.55,33.5,12.1));
#2042 = VECTOR('',#2043,1.);
#2043 = DIRECTION('',(0.,1.,0.));
#2044 = ORIENTED_EDGE('',*,*,#1992,.F.);
#2045 = PLANE('',#2046);
#2046 = AXIS2_PLACEMENT_3D('',#2047,#2048,#2049);
#2047 = CARTESIAN_POINT('',(-6.75,33.5,12.3));
#2048 = DIRECTION('',(0.707106781187,0.,0.707106781187));
#2049 = DIRECTION('',(0.707106781187,0.,-0.707106781187));
#2050 = ADVANCED_FACE('',(#2051),#2062,.T.);
#2051 = FACE_BOUND('',#2052,.T.);
#2052 = EDGE_LOOP('',(#2053,#2054,#2055,#2061));
#2053 = ORIENTED_EDGE('',*,*,#1886,.F.);
#2054 = ORIENTED_EDGE('',*,*,#1940,.F.);
#2055 = ORIENTED_EDGE('',*,*,#2056,.F.);
#2056 = EDGE_CURVE('',#2024,#1931,#2057,.T.);
#2057 = LINE('',#2058,#2059);
#2058 = CARTESIAN_POINT('',(-3.275,15.6,12.5));
#2059 = VECTOR('',#2060,1.);
#2060 = DIRECTION('',(-1.,0.,0.));
#2061 = ORIENTED_EDGE('',*,*,#2023,.F.);
#2062 = PLANE('',#2063);
#2063 = AXIS2_PLACEMENT_3D('',#2064,#2065,#2066);
#2064 = CARTESIAN_POINT('',(-6.55,33.5,12.5));
#2065 = DIRECTION('',(0.,0.,1.));
#2066 = DIRECTION('',(-1.,0.,0.));
#2067 = ADVANCED_FACE('',(#2068),#2201,.T.);
#2068 = FACE_BOUND('',#2069,.T.);
#2069 = EDGE_LOOP('',(#2070,#2129,#2138,#2195));
#2070 = ORIENTED_EDGE('',*,*,#2071,.T.);
#2071 = EDGE_CURVE('',#2072,#2074,#2076,.T.);
#2072 = VERTEX_POINT('',#2073);
#2073 = CARTESIAN_POINT('',(39.3,12.635018588911,22.25));
#2074 = VERTEX_POINT('',#2075);
#2075 = CARTESIAN_POINT('',(39.361252290574,12.695793743547,
    22.249061819179));
#2076 = B_SPLINE_CURVE_WITH_KNOTS('',3,(#2077,#2078,#2079,#2080,#2081,
    #2082,#2083,#2084,#2085,#2086,#2087,#2088,#2089,#2090,#2091,#2092,
    #2093,#2094,#2095,#2096,#2097,#2098,#2099,#2100,#2101,#2102,#2103,
    #2104,#2105,#2106,#2107,#2108,#2109,#2110,#2111,#2112,#2113,#2114,
    #2115,#2116,#2117,#2118,#2119,#2120,#2121,#2122,#2123,#2124,#2125,
    #2126,#2127,#2128),.UNSPECIFIED.,.F.,.F.,(4,3,3,3,3,3,3,3,3,3,3,3,3,
    3,3,3,3,4),(0.,4.770351031163E-02,9.7873504943E-02,0.15431618472,
    0.215036624322,0.307444203621,0.37328079083,0.429389789717,
    0.481692642895,0.539093860966,0.59327157145,0.654424223413,
    0.741367613904,0.806025710428,0.861537650474,0.913471935257,
    0.961738540243,1.),.UNSPECIFIED.);
#2077 = CARTESIAN_POINT('',(39.3,12.635018588911,22.25));
#2078 = CARTESIAN_POINT('',(39.300285326522,12.635301923265,22.25));
#2079 = CARTESIAN_POINT('',(39.300573894026,12.635588472552,
    22.249999950305));
#2080 = CARTESIAN_POINT('',(39.30093524374,12.635947200814,
    22.24999978133));
#2081 = CARTESIAN_POINT('',(39.301315276847,12.636324476927,
    22.249999603618));
#2082 = CARTESIAN_POINT('',(39.301775588818,12.636781366327,
    22.249999295997));
#2083 = CARTESIAN_POINT('',(39.302355849586,12.637357200095,
    22.249998612493));
#2084 = CARTESIAN_POINT('',(39.303008659556,12.638005029563,
    22.249997843531));
#2085 = CARTESIAN_POINT('',(39.303813292052,12.638803409869,
    22.249996596568));
#2086 = CARTESIAN_POINT('',(39.304776347184,12.639758865197,
    22.249994296619));
#2087 = CARTESIAN_POINT('',(39.305812391737,12.640786733962,
    22.249991822358));
#2088 = CARTESIAN_POINT('',(39.307030925809,12.641995539024,
    22.249988105196));
#2089 = CARTESIAN_POINT('',(39.308392840374,12.643346470314,
    22.24998238998));
#2090 = CARTESIAN_POINT('',(39.310465474053,12.645402389065,
    22.249973692262));
#2091 = CARTESIAN_POINT('',(39.312868534336,12.647785837517,
    22.249960158254));
#2092 = CARTESIAN_POINT('',(39.315365214603,12.650261937603,
    22.249940976674));
#2093 = CARTESIAN_POINT('',(39.317143996271,12.652026056742,
    22.24992731059));
#2094 = CARTESIAN_POINT('',(39.318966973093,12.653833908119,
    22.249910865215));
#2095 = CARTESIAN_POINT('',(39.320759883324,12.655611869192,
    22.249892253909));
#2096 = CARTESIAN_POINT('',(39.322287884734,12.657127130237,
    22.249876392489));
#2097 = CARTESIAN_POINT('',(39.323793475856,12.658620113744,
    22.249858998904));
#2098 = CARTESIAN_POINT('',(39.325257938035,12.660072297775,
    22.249840502782));
#2099 = CARTESIAN_POINT('',(39.326623058637,12.661425973115,
    22.249823261341));
#2100 = CARTESIAN_POINT('',(39.327952004734,12.662743763452,
    22.249805091017));
#2101 = CARTESIAN_POINT('',(39.329262064703,12.664042876464,
    22.249785921435));
#2102 = CARTESIAN_POINT('',(39.330699826381,12.665468624101,
    22.249764883245));
#2103 = CARTESIAN_POINT('',(39.332119893647,12.666876892403,
    22.249742592206));
#2104 = CARTESIAN_POINT('',(39.333576619619,12.66832169219,
    22.249718132792));
#2105 = CARTESIAN_POINT('',(39.334951539536,12.669685355667,
    22.249695046956));
#2106 = CARTESIAN_POINT('',(39.336358684718,12.671081134461,
    22.249670004703));
#2107 = CARTESIAN_POINT('',(39.337801223961,12.672512207136,
    22.249642734957));
#2108 = CARTESIAN_POINT('',(39.33942947845,12.674127518828,
    22.249611954453));
#2109 = CARTESIAN_POINT('',(39.341102339975,12.675787314414,
    22.249578307326));
#2110 = CARTESIAN_POINT('',(39.342778106484,12.67745021721,
    22.249542456065));
#2111 = CARTESIAN_POINT('',(39.345160616764,12.679814438587,
    22.249491484765));
#2112 = CARTESIAN_POINT('',(39.347546998556,12.682182961376,
    22.249435943815));
#2113 = CARTESIAN_POINT('',(39.349739603542,12.684359521243,
    22.249381397292));
#2114 = CARTESIAN_POINT('',(39.351370200923,12.685978186183,
    22.249340832112));
#2115 = CARTESIAN_POINT('',(39.352890717978,12.687487791154,
    22.249300969279));
#2116 = CARTESIAN_POINT('',(39.354229556268,12.688817192798,
    22.249264653623));
#2117 = CARTESIAN_POINT('',(39.355379010319,12.689958545054,
    22.249233474968));
#2118 = CARTESIAN_POINT('',(39.356393963065,12.690966486384,
    22.24920495732));
#2119 = CARTESIAN_POINT('',(39.357254099921,12.691820800628,
    22.249180324043));
#2120 = CARTESIAN_POINT('',(39.35805880234,12.692620055692,
    22.249157278342));
#2121 = CARTESIAN_POINT('',(39.358727556388,12.693284405431,
    22.249137657422));
#2122 = CARTESIAN_POINT('',(39.359274310839,12.693827663335,
    22.249121446054));
#2123 = CARTESIAN_POINT('',(39.359782452642,12.694332555523,
    22.249106379558));
#2124 = CARTESIAN_POINT('',(39.360185055982,12.694732694288,
    22.249094263512));
#2125 = CARTESIAN_POINT('',(39.360524561706,12.695070196436,
    22.249083984586));
#2126 = CARTESIAN_POINT('',(39.360793691565,12.695337738038,
    22.249075836371));
#2127 = CARTESIAN_POINT('',(39.361023671343,12.695566415804,
    22.249068824191));
#2128 = CARTESIAN_POINT('',(39.361252290574,12.695793743547,
    22.249061819179));
#2129 = ORIENTED_EDGE('',*,*,#2130,.F.);
#2130 = EDGE_CURVE('',#2131,#2074,#2133,.T.);
#2131 = VERTEX_POINT('',#2132);
#2132 = CARTESIAN_POINT('',(38.795793743547,13.261252290574,
    22.249061819179));
#2133 = B_SPLINE_CURVE_WITH_KNOTS('',3,(#2134,#2135,#2136,#2137),
  .UNSPECIFIED.,.F.,.F.,(4,4),(-1.,0.),.PIECEWISE_BEZIER_KNOTS.);
#2134 = CARTESIAN_POINT('',(38.795793743547,13.261252290574,
    22.249061819179));
#2135 = CARTESIAN_POINT('',(38.98427992589,13.072766108232,
    22.249061819179));
#2136 = CARTESIAN_POINT('',(39.172766108232,12.88427992589,
    22.249061819179));
#2137 = CARTESIAN_POINT('',(39.361252290574,12.695793743547,
    22.249061819179));
#2138 = ORIENTED_EDGE('',*,*,#2139,.T.);
#2139 = EDGE_CURVE('',#2131,#2140,#2142,.T.);
#2140 = VERTEX_POINT('',#2141);
#2141 = CARTESIAN_POINT('',(38.735018588911,13.2,22.25));
#2142 = B_SPLINE_CURVE_WITH_KNOTS('',3,(#2143,#2144,#2145,#2146,#2147,
    #2148,#2149,#2150,#2151,#2152,#2153,#2154,#2155,#2156,#2157,#2158,
    #2159,#2160,#2161,#2162,#2163,#2164,#2165,#2166,#2167,#2168,#2169,
    #2170,#2171,#2172,#2173,#2174,#2175,#2176,#2177,#2178,#2179,#2180,
    #2181,#2182,#2183,#2184,#2185,#2186,#2187,#2188,#2189,#2190,#2191,
    #2192,#2193,#2194),.UNSPECIFIED.,.F.,.F.,(4,3,3,3,3,3,3,3,3,3,3,3,3,
    3,3,3,3,4),(0.,4.770372895127E-02,9.787396950792E-02,0.15431697044,
    0.215037879252,0.307447798328,0.373283808364,0.429392719431,
    0.481694896964,0.539093836705,0.593271333312,0.654423699387,
    0.741366807353,0.806025105515,0.861536825091,0.913470911413,
    0.961737320457,1.),.UNSPECIFIED.);
#2143 = CARTESIAN_POINT('',(38.795793743547,13.261252290574,
    22.249061819179));
#2144 = CARTESIAN_POINT('',(38.795510315233,13.260967252055,
    22.249070552907));
#2145 = CARTESIAN_POINT('',(38.795223670999,13.260678973535,
    22.249079336249));
#2146 = CARTESIAN_POINT('',(38.794864827712,13.260317963232,
    22.249090228907));
#2147 = CARTESIAN_POINT('',(38.794487430506,13.259938286964,
    22.249101684768));
#2148 = CARTESIAN_POINT('',(38.794030397809,13.259478387467,
    22.249115468864));
#2149 = CARTESIAN_POINT('',(38.793454388967,13.258898615257,
    22.249132550163));
#2150 = CARTESIAN_POINT('',(38.792806362025,13.258246354415,
    22.249151767128));
#2151 = CARTESIAN_POINT('',(38.792007743753,13.257442367083,
    22.249175155229));
#2152 = CARTESIAN_POINT('',(38.791052012081,13.256480036212,
    22.249202342313));
#2153 = CARTESIAN_POINT('',(38.790023843934,13.255444768701,
    22.249231589951));
#2154 = CARTESIAN_POINT('',(38.788814694546,13.254227101127,
    22.249265183804));
#2155 = CARTESIAN_POINT('',(38.78746339262,13.252866082429,
    22.249301172242));
#2156 = CARTESIAN_POINT('',(38.785406873638,13.250794775688,
    22.249355942316));
#2157 = CARTESIAN_POINT('',(38.783022752385,13.248393092014,
    22.249415999578));
#2158 = CARTESIAN_POINT('',(38.780546023973,13.24589760795,
    22.249473283038));
#2159 = CARTESIAN_POINT('',(38.778781517324,13.244119739128,
    22.249514093749));
#2160 = CARTESIAN_POINT('',(38.776973305259,13.24229758651,
    22.249553482057));
#2161 = CARTESIAN_POINT('',(38.775195044041,13.240505349824,
    22.24958978709));
#2162 = CARTESIAN_POINT('',(38.773679516284,13.238977911439,
    22.24962072815));
#2163 = CARTESIAN_POINT('',(38.772186310556,13.237472774974,
    22.249649453159));
#2164 = CARTESIAN_POINT('',(38.770733965091,13.236008640919,
    22.249675818171));
#2165 = CARTESIAN_POINT('',(38.769380154636,13.234643841676,
    22.249700394438));
#2166 = CARTESIAN_POINT('',(38.768062281237,13.233315106627,
    22.249722935837));
#2167 = CARTESIAN_POINT('',(38.766763143932,13.232005143245,
    22.249743901305));
#2168 = CARTESIAN_POINT('',(38.765337407808,13.230567526061,
    22.249766909823));
#2169 = CARTESIAN_POINT('',(38.763929221009,13.229147464701,
    22.249788125809));
#2170 = CARTESIAN_POINT('',(38.762484576811,13.227690613209,
    22.249808298298));
#2171 = CARTESIAN_POINT('',(38.761121011448,13.22631552567,
    22.249827338631));
#2172 = CARTESIAN_POINT('',(38.759725394029,13.224908092804,
    22.249845411344));
#2173 = CARTESIAN_POINT('',(38.758294533734,13.22346515281,
    22.249862341913));
#2174 = CARTESIAN_POINT('',(38.756679462938,13.221836447162,
    22.249881452142));
#2175 = CARTESIAN_POINT('',(38.755019973104,13.220162989569,
    22.24989906362));
#2176 = CARTESIAN_POINT('',(38.753357413234,13.218486512589,
    22.249914560388));
#2177 = CARTESIAN_POINT('',(38.750993676038,13.216102988803,
    22.24993659285));
#2178 = CARTESIAN_POINT('',(38.748625711441,13.2137153588,
    22.249954175061));
#2179 = CARTESIAN_POINT('',(38.74644969411,13.211521446558,
    22.249966813792));
#2180 = CARTESIAN_POINT('',(38.744831422338,13.209889866606,
    22.249976213028));
#2181 = CARTESIAN_POINT('',(38.743322202761,13.208368339634,
    22.249982941413));
#2182 = CARTESIAN_POINT('',(38.741993150391,13.207028552514,
    22.249987649824));
#2183 = CARTESIAN_POINT('',(38.740852106092,13.205878292006,
    22.249991692182));
#2184 = CARTESIAN_POINT('',(38.739844444086,13.204862577153,
    22.249994274079));
#2185 = CARTESIAN_POINT('',(38.738990370737,13.20400176259,
    22.24999599647));
#2186 = CARTESIAN_POINT('',(38.738191340921,13.20319642602,
    22.249997607856));
#2187 = CARTESIAN_POINT('',(38.737527182731,13.202527112391,
    22.249998478291));
#2188 = CARTESIAN_POINT('',(38.736984084779,13.20197987901,
    22.24999902002));
#2189 = CARTESIAN_POINT('',(38.736479341366,13.201471292221,
    22.24999952349));
#2190 = CARTESIAN_POINT('',(38.736079324005,13.201068313627,
    22.249999743548));
#2191 = CARTESIAN_POINT('',(38.735741927511,13.200728478524,
    22.24999986733));
#2192 = CARTESIAN_POINT('',(38.735474460049,13.20045907788,
    22.249999965456));
#2193 = CARTESIAN_POINT('',(38.735245849578,13.200228858573,22.25));
#2194 = CARTESIAN_POINT('',(38.735018588911,13.2,22.25));
#2195 = ORIENTED_EDGE('',*,*,#2196,.T.);
#2196 = EDGE_CURVE('',#2140,#2072,#2197,.T.);
#2197 = LINE('',#2198,#2199);
#2198 = CARTESIAN_POINT('',(39.017509294456,12.917509294456,22.25));
#2199 = VECTOR('',#2200,1.);
#2200 = DIRECTION('',(0.707106781187,-0.707106781187,0.));
#2201 = B_SPLINE_SURFACE_WITH_KNOTS('',3,3,(
    (#2202,#2203,#2204,#2205)
    ,(#2206,#2207,#2208,#2209)
    ,(#2210,#2211,#2212,#2213)
    ,(#2214,#2215,#2216,#2217
    )),.UNSPECIFIED.,.F.,.F.,.F.,(4,4),(4,4),(0.,1.),(0.,1.),
  .PIECEWISE_BEZIER_KNOTS.);
#2202 = CARTESIAN_POINT('',(39.361252290574,12.695793743547,
    22.249061819179));
#2203 = CARTESIAN_POINT('',(39.355277107381,12.689852314641,
    22.24924490189));
#2204 = CARTESIAN_POINT('',(39.305981247931,12.640958075369,22.25));
#2205 = CARTESIAN_POINT('',(39.3,12.635018588911,22.25));
#2206 = CARTESIAN_POINT('',(39.172766108232,12.88427992589,
    22.249061819179));
#2207 = CARTESIAN_POINT('',(39.166802176468,12.878327245554,
    22.24924490189));
#2208 = CARTESIAN_POINT('',(39.11764019041,12.82929913289,22.25));
#2209 = CARTESIAN_POINT('',(39.111672862971,12.823345725941,22.25));
#2210 = CARTESIAN_POINT('',(38.98427992589,13.072766108232,
    22.249061819179));
#2211 = CARTESIAN_POINT('',(38.978327245554,13.066802176468,
    22.24924490189));
#2212 = CARTESIAN_POINT('',(38.92929913289,13.01764019041,22.25));
#2213 = CARTESIAN_POINT('',(38.923345725941,13.01167286297,22.25));
#2214 = CARTESIAN_POINT('',(38.795793743547,13.261252290574,
    22.249061819179));
#2215 = CARTESIAN_POINT('',(38.789852314641,13.255277107381,
    22.24924490189));
#2216 = CARTESIAN_POINT('',(38.740958075369,13.205981247931,22.25));
#2217 = CARTESIAN_POINT('',(38.735018588911,13.2,22.25));
#2218 = ADVANCED_FACE('',(#2219),#2244,.T.);
#2219 = FACE_BOUND('',#2220,.T.);
#2220 = EDGE_LOOP('',(#2221,#2229,#2230,#2238));
#2221 = ORIENTED_EDGE('',*,*,#2222,.F.);
#2222 = EDGE_CURVE('',#1545,#2223,#2225,.T.);
#2223 = VERTEX_POINT('',#2224);
#2224 = CARTESIAN_POINT('',(31.55,14.8,12.5));
#2225 = LINE('',#2226,#2227);
#2226 = CARTESIAN_POINT('',(31.55,13.325,11.025));
#2227 = VECTOR('',#2228,1.);
#2228 = DIRECTION('',(-1.256073966947E-16,-0.707106781187,
    -0.707106781187));
#2229 = ORIENTED_EDGE('',*,*,#1544,.T.);
#2230 = ORIENTED_EDGE('',*,*,#2231,.T.);
#2231 = EDGE_CURVE('',#1536,#2232,#2234,.T.);
#2232 = VERTEX_POINT('',#2233);
#2233 = CARTESIAN_POINT('',(39.3,14.8,12.5));
#2234 = LINE('',#2235,#2236);
#2235 = CARTESIAN_POINT('',(39.3,15.2,12.9));
#2236 = VECTOR('',#2237,1.);
#2237 = DIRECTION('',(0.,-0.707106781187,-0.707106781187));
#2238 = ORIENTED_EDGE('',*,*,#2239,.T.);
#2239 = EDGE_CURVE('',#2232,#2223,#2240,.T.);
#2240 = LINE('',#2241,#2242);
#2241 = CARTESIAN_POINT('',(23.351318166881,14.8,12.5));
#2242 = VECTOR('',#2243,1.);
#2243 = DIRECTION('',(-1.,0.,0.));
#2244 = PLANE('',#2245);
#2245 = AXIS2_PLACEMENT_3D('',#2246,#2247,#2248);
#2246 = CARTESIAN_POINT('',(23.351318166881,15.,12.7));
#2247 = DIRECTION('',(0.,0.707106781187,-0.707106781187));
#2248 = DIRECTION('',(-1.,0.,0.));
#2249 = ADVANCED_FACE('',(#2250),#2269,.T.);
#2250 = FACE_BOUND('',#2251,.T.);
#2251 = EDGE_LOOP('',(#2252,#2260,#2267,#2268));
#2252 = ORIENTED_EDGE('',*,*,#2253,.T.);
#2253 = EDGE_CURVE('',#1528,#2254,#2256,.T.);
#2254 = VERTEX_POINT('',#2255);
#2255 = CARTESIAN_POINT('',(41.3,14.8,14.5));
#2256 = LINE('',#2257,#2258);
#2257 = CARTESIAN_POINT('',(40.9,15.2,14.5));
#2258 = VECTOR('',#2259,1.);
#2259 = DIRECTION('',(0.707106781187,-0.707106781187,0.));
#2260 = ORIENTED_EDGE('',*,*,#2261,.T.);
#2261 = EDGE_CURVE('',#2254,#2232,#2262,.T.);
#2262 = CIRCLE('',#2263,2.);
#2263 = AXIS2_PLACEMENT_3D('',#2264,#2265,#2266);
#2264 = CARTESIAN_POINT('',(39.3,14.8,14.5));
#2265 = DIRECTION('',(0.,1.,0.));
#2266 = DIRECTION('',(0.707106781187,0.,-0.707106781187));
#2267 = ORIENTED_EDGE('',*,*,#2231,.F.);
#2268 = ORIENTED_EDGE('',*,*,#1535,.T.);
#2269 = CONICAL_SURFACE('',#2270,1.8,0.785398163397);
#2270 = AXIS2_PLACEMENT_3D('',#2271,#2272,#2273);
#2271 = CARTESIAN_POINT('',(39.3,15.,14.5));
#2272 = DIRECTION('',(0.,-1.,0.));
#2273 = DIRECTION('',(0.707106781187,0.,-0.707106781187));
#2274 = ADVANCED_FACE('',(#2275),#2293,.T.);
#2275 = FACE_BOUND('',#2276,.T.);
#2276 = EDGE_LOOP('',(#2277,#2278,#2279,#2287));
#2277 = ORIENTED_EDGE('',*,*,#2253,.F.);
#2278 = ORIENTED_EDGE('',*,*,#1527,.T.);
#2279 = ORIENTED_EDGE('',*,*,#2280,.T.);
#2280 = EDGE_CURVE('',#1520,#2281,#2283,.T.);
#2281 = VERTEX_POINT('',#2282);
#2282 = CARTESIAN_POINT('',(41.3,14.8,20.25));
#2283 = LINE('',#2284,#2285);
#2284 = CARTESIAN_POINT('',(40.9,15.2,20.25));
#2285 = VECTOR('',#2286,1.);
#2286 = DIRECTION('',(0.707106781187,-0.707106781187,1.570092458684E-14)
  );
#2287 = ORIENTED_EDGE('',*,*,#2288,.T.);
#2288 = EDGE_CURVE('',#2281,#2254,#2289,.T.);
#2289 = LINE('',#2290,#2291);
#2290 = CARTESIAN_POINT('',(41.3,14.8,11.125));
#2291 = VECTOR('',#2292,1.);
#2292 = DIRECTION('',(0.,0.,-1.));
#2293 = PLANE('',#2294);
#2294 = AXIS2_PLACEMENT_3D('',#2295,#2296,#2297);
#2295 = CARTESIAN_POINT('',(41.1,15.,11.125));
#2296 = DIRECTION('',(0.707106781187,0.707106781187,0.));
#2297 = DIRECTION('',(0.,0.,-1.));
#2298 = ADVANCED_FACE('',(#2299),#2321,.T.);
#2299 = FACE_BOUND('',#2300,.T.);
#2300 = EDGE_LOOP('',(#2301,#2302,#2311,#2312));
#2301 = ORIENTED_EDGE('',*,*,#2130,.T.);
#2302 = ORIENTED_EDGE('',*,*,#2303,.T.);
#2303 = EDGE_CURVE('',#2074,#2281,#2304,.T.);
#2304 = B_SPLINE_CURVE_WITH_KNOTS('',3,(#2305,#2306,#2307,#2308,#2309,
    #2310),.UNSPECIFIED.,.F.,.F.,(4,1,1,4),(1.460145852754,
    1.940559224421,2.420972596089,3.14159265359),.UNSPECIFIED.);
#2305 = CARTESIAN_POINT('',(39.361252290574,12.695793743547,
    22.249061819179));
#2306 = CARTESIAN_POINT('',(39.683909835577,13.01662857034,
    22.239175424715));
#2307 = CARTESIAN_POINT('',(40.312151806889,13.663309536415,
    22.064750986506));
#2308 = CARTESIAN_POINT('',(41.116579365606,14.562086597997,
    21.311612073407));
#2309 = CARTESIAN_POINT('',(41.3,14.8,20.634330697334));
#2310 = CARTESIAN_POINT('',(41.3,14.8,20.25));
#2311 = ORIENTED_EDGE('',*,*,#2280,.F.);
#2312 = ORIENTED_EDGE('',*,*,#2313,.T.);
#2313 = EDGE_CURVE('',#1520,#2131,#2314,.T.);
#2314 = B_SPLINE_CURVE_WITH_KNOTS('',3,(#2315,#2316,#2317,#2318,#2319,
    #2320),.UNSPECIFIED.,.F.,.F.,(4,1,1,4),(-3.14159265359,
    -2.420972596089,-1.940559224421,-1.460145852754),.UNSPECIFIED.);
#2315 = CARTESIAN_POINT('',(40.9,15.2,20.25));
#2316 = CARTESIAN_POINT('',(40.9,15.2,20.634330697334));
#2317 = CARTESIAN_POINT('',(40.662086597997,15.016579365605,
    21.311612073407));
#2318 = CARTESIAN_POINT('',(39.763309536415,14.212151806889,
    22.064750986506));
#2319 = CARTESIAN_POINT('',(39.11662857034,13.583909835577,
    22.239175424715));
#2320 = CARTESIAN_POINT('',(38.795793743547,13.261252290574,
    22.249061819179));
#2321 = B_SPLINE_SURFACE_WITH_KNOTS('',3,3,(
    (#2322,#2323,#2324,#2325,#2326,#2327)
    ,(#2328,#2329,#2330,#2331,#2332,#2333)
    ,(#2334,#2335,#2336,#2337,#2338,#2339)
    ,(#2340,#2341,#2342,#2343,#2344,#2345
    )),.UNSPECIFIED.,.F.,.F.,.F.,(4,4),(4,1,1,4),(0.,1.),(-3.14159265359
    ,-2.420972596089,-1.940559224421,-1.460145852754),.UNSPECIFIED.);
#2322 = CARTESIAN_POINT('',(41.3,14.8,20.25));
#2323 = CARTESIAN_POINT('',(41.3,14.8,20.634330697334));
#2324 = CARTESIAN_POINT('',(41.116579365606,14.562086597997,
    21.311612073407));
#2325 = CARTESIAN_POINT('',(40.312151806889,13.663309536415,
    22.064750986506));
#2326 = CARTESIAN_POINT('',(39.683909835577,13.01662857034,
    22.239175424715));
#2327 = CARTESIAN_POINT('',(39.361252290574,12.695793743547,
    22.249061819179));
#2328 = CARTESIAN_POINT('',(41.166666666667,14.933333333333,20.25));
#2329 = CARTESIAN_POINT('',(41.166666666667,14.933333333333,
    20.634330697334));
#2330 = CARTESIAN_POINT('',(40.965081776403,14.7135841872,
    21.311612073407));
#2331 = CARTESIAN_POINT('',(40.129204383398,13.846256959907,
    22.064750986506));
#2332 = CARTESIAN_POINT('',(39.494816080498,13.205722325419,
    22.239175424715));
#2333 = CARTESIAN_POINT('',(39.172766108232,12.88427992589,
    22.249061819179));
#2334 = CARTESIAN_POINT('',(41.033333333333,15.066666666667,20.25));
#2335 = CARTESIAN_POINT('',(41.033333333333,15.066666666667,
    20.634330697334));
#2336 = CARTESIAN_POINT('',(40.8135841872,14.865081776403,
    21.311612073407));
#2337 = CARTESIAN_POINT('',(39.946256959907,14.029204383398,
    22.064750986506));
#2338 = CARTESIAN_POINT('',(39.305722325419,13.394816080498,
    22.239175424715));
#2339 = CARTESIAN_POINT('',(38.98427992589,13.072766108232,
    22.249061819179));
#2340 = CARTESIAN_POINT('',(40.9,15.2,20.25));
#2341 = CARTESIAN_POINT('',(40.9,15.2,20.634330697334));
#2342 = CARTESIAN_POINT('',(40.662086597997,15.016579365605,
    21.311612073407));
#2343 = CARTESIAN_POINT('',(39.763309536415,14.212151806889,
    22.064750986506));
#2344 = CARTESIAN_POINT('',(39.11662857034,13.583909835577,
    22.239175424715));
#2345 = CARTESIAN_POINT('',(38.795793743547,13.261252290574,
    22.249061819179));
#2346 = ADVANCED_FACE('',(#2347),#2367,.T.);
#2347 = FACE_BOUND('',#2348,.T.);
#2348 = EDGE_LOOP('',(#2349,#2350,#2351,#2352,#2361));
#2349 = ORIENTED_EDGE('',*,*,#2139,.F.);
#2350 = ORIENTED_EDGE('',*,*,#2313,.F.);
#2351 = ORIENTED_EDGE('',*,*,#1519,.T.);
#2352 = ORIENTED_EDGE('',*,*,#2353,.F.);
#2353 = EDGE_CURVE('',#2354,#1512,#2356,.T.);
#2354 = VERTEX_POINT('',#2355);
#2355 = CARTESIAN_POINT('',(4.969757048779,13.2,22.25));
#2356 = CIRCLE('',#2357,2.);
#2357 = AXIS2_PLACEMENT_3D('',#2358,#2359,#2360);
#2358 = CARTESIAN_POINT('',(4.969757048779,13.2,20.25));
#2359 = DIRECTION('',(-1.,0.,0.));
#2360 = DIRECTION('',(0.,0.707106781187,0.707106781187));
#2361 = ORIENTED_EDGE('',*,*,#2362,.T.);
#2362 = EDGE_CURVE('',#2354,#2140,#2363,.T.);
#2363 = LINE('',#2364,#2365);
#2364 = CARTESIAN_POINT('',(-20.65,13.2,22.25));
#2365 = VECTOR('',#2366,1.);
#2366 = DIRECTION('',(1.,0.,-5.376382685836E-17));
#2367 = CYLINDRICAL_SURFACE('',#2368,2.);
#2368 = AXIS2_PLACEMENT_3D('',#2369,#2370,#2371);
#2369 = CARTESIAN_POINT('',(-20.65,13.2,20.25));
#2370 = DIRECTION('',(1.,0.,-5.376382685836E-17));
#2371 = DIRECTION('',(3.801676655409E-17,0.707106781187,0.707106781187)
  );
#2372 = ADVANCED_FACE('',(#2373),#2497,.T.);
#2373 = FACE_BOUND('',#2374,.T.);
#2374 = EDGE_LOOP('',(#2375,#2432,#2441,#2496));
#2375 = ORIENTED_EDGE('',*,*,#2376,.T.);
#2376 = EDGE_CURVE('',#1429,#2377,#2379,.T.);
#2377 = VERTEX_POINT('',#2378);
#2378 = CARTESIAN_POINT('',(38.795793743547,13.261252290574,
    -22.24906181917));
#2379 = B_SPLINE_CURVE_WITH_KNOTS('',3,(#2380,#2381,#2382,#2383,#2384,
    #2385,#2386,#2387,#2388,#2389,#2390,#2391,#2392,#2393,#2394,#2395,
    #2396,#2397,#2398,#2399,#2400,#2401,#2402,#2403,#2404,#2405,#2406,
    #2407,#2408,#2409,#2410,#2411,#2412,#2413,#2414,#2415,#2416,#2417,
    #2418,#2419,#2420,#2421,#2422,#2423,#2424,#2425,#2426,#2427,#2428,
    #2429,#2430,#2431),.UNSPECIFIED.,.F.,.F.,(4,3,3,3,3,3,3,3,3,3,3,3,3,
    3,3,3,3,4),(0.,4.770351031158E-02,9.787350494339E-02,0.15431618472,
    0.215036624323,0.307444203624,0.373280790832,0.429389789719,
    0.481692642899,0.539093860965,0.59327157145,0.654424223412,
    0.741367613905,0.806025710429,0.861537650474,0.913471935258,
    0.961738540243,1.),.UNSPECIFIED.);
#2380 = CARTESIAN_POINT('',(38.735018588911,13.2,-22.25));
#2381 = CARTESIAN_POINT('',(38.735301923265,13.200285326522,-22.25));
#2382 = CARTESIAN_POINT('',(38.735588472552,13.200573894026,
    -22.2499999503));
#2383 = CARTESIAN_POINT('',(38.735947200814,13.20093524374,
    -22.24999978133));
#2384 = CARTESIAN_POINT('',(38.736324476927,13.201315276848,
    -22.24999960361));
#2385 = CARTESIAN_POINT('',(38.736781366327,13.201775588818,
    -22.24999929599));
#2386 = CARTESIAN_POINT('',(38.737357200095,13.202355849586,
    -22.24999861249));
#2387 = CARTESIAN_POINT('',(38.738005029563,13.203008659556,
    -22.24999784353));
#2388 = CARTESIAN_POINT('',(38.738803409869,13.203813292052,
    -22.24999659656));
#2389 = CARTESIAN_POINT('',(38.739758865197,13.204776347184,
    -22.24999429661));
#2390 = CARTESIAN_POINT('',(38.740786733962,13.205812391737,
    -22.24999182235));
#2391 = CARTESIAN_POINT('',(38.741995539024,13.207030925809,
    -22.24998810519));
#2392 = CARTESIAN_POINT('',(38.743346470314,13.208392840374,
    -22.24998238998));
#2393 = CARTESIAN_POINT('',(38.745402389065,13.210465474053,
    -22.24997369226));
#2394 = CARTESIAN_POINT('',(38.747785837518,13.212868534336,
    -22.24996015825));
#2395 = CARTESIAN_POINT('',(38.750261937603,13.215365214603,
    -22.24994097667));
#2396 = CARTESIAN_POINT('',(38.752026056743,13.217143996272,
    -22.24992731059));
#2397 = CARTESIAN_POINT('',(38.753833908119,13.218966973093,
    -22.24991086521));
#2398 = CARTESIAN_POINT('',(38.755611869192,13.220759883324,
    -22.2498922539));
#2399 = CARTESIAN_POINT('',(38.757127130237,13.222287884735,
    -22.24987639248));
#2400 = CARTESIAN_POINT('',(38.758620113744,13.223793475856,
    -22.2498589989));
#2401 = CARTESIAN_POINT('',(38.760072297775,13.225257938035,
    -22.24984050278));
#2402 = CARTESIAN_POINT('',(38.761425973115,13.226623058637,
    -22.24982326134));
#2403 = CARTESIAN_POINT('',(38.762743763452,13.227952004735,
    -22.24980509101));
#2404 = CARTESIAN_POINT('',(38.764042876465,13.229262064703,
    -22.24978592143));
#2405 = CARTESIAN_POINT('',(38.765468624101,13.230699826381,
    -22.24976488324));
#2406 = CARTESIAN_POINT('',(38.766876892404,13.232119893647,
    -22.2497425922));
#2407 = CARTESIAN_POINT('',(38.76832169219,13.233576619619,
    -22.24971813279));
#2408 = CARTESIAN_POINT('',(38.769685355667,13.234951539536,
    -22.24969504695));
#2409 = CARTESIAN_POINT('',(38.771081134461,13.236358684718,
    -22.2496700047));
#2410 = CARTESIAN_POINT('',(38.772512207136,13.237801223961,
    -22.24964273495));
#2411 = CARTESIAN_POINT('',(38.774127518828,13.23942947845,
    -22.24961195445));
#2412 = CARTESIAN_POINT('',(38.775787314414,13.241102339975,
    -22.24957830732));
#2413 = CARTESIAN_POINT('',(38.777450217209,13.242778106484,
    -22.24954245606));
#2414 = CARTESIAN_POINT('',(38.779814438587,13.245160616764,
    -22.24949148476));
#2415 = CARTESIAN_POINT('',(38.782182961376,13.247546998556,
    -22.24943594381));
#2416 = CARTESIAN_POINT('',(38.784359521243,13.249739603542,
    -22.24938139729));
#2417 = CARTESIAN_POINT('',(38.785978186183,13.251370200923,
    -22.24934083211));
#2418 = CARTESIAN_POINT('',(38.787487791154,13.252890717978,
    -22.24930096927));
#2419 = CARTESIAN_POINT('',(38.788817192798,13.254229556269,
    -22.24926465362));
#2420 = CARTESIAN_POINT('',(38.789958545054,13.255379010319,
    -22.24923347496));
#2421 = CARTESIAN_POINT('',(38.790966486384,13.256393963065,
    -22.24920495732));
#2422 = CARTESIAN_POINT('',(38.791820800628,13.257254099921,
    -22.24918032404));
#2423 = CARTESIAN_POINT('',(38.792620055692,13.25805880234,
    -22.24915727834));
#2424 = CARTESIAN_POINT('',(38.793284405431,13.258727556388,
    -22.24913765742));
#2425 = CARTESIAN_POINT('',(38.793827663335,13.259274310839,
    -22.24912144605));
#2426 = CARTESIAN_POINT('',(38.794332555523,13.259782452642,
    -22.24910637955));
#2427 = CARTESIAN_POINT('',(38.794732694288,13.260185055983,
    -22.24909426351));
#2428 = CARTESIAN_POINT('',(38.795070196436,13.260524561706,
    -22.24908398458));
#2429 = CARTESIAN_POINT('',(38.795337738038,13.260793691565,
    -22.24907583637));
#2430 = CARTESIAN_POINT('',(38.795566415804,13.261023671343,
    -22.24906882419));
#2431 = CARTESIAN_POINT('',(38.795793743547,13.261252290574,
    -22.24906181917));
#2432 = ORIENTED_EDGE('',*,*,#2433,.F.);
#2433 = EDGE_CURVE('',#2434,#2377,#2436,.T.);
#2434 = VERTEX_POINT('',#2435);
#2435 = CARTESIAN_POINT('',(39.361252290574,12.695793743547,
    -22.24906181917));
#2436 = B_SPLINE_CURVE_WITH_KNOTS('',3,(#2437,#2438,#2439,#2440),
  .UNSPECIFIED.,.F.,.F.,(4,4),(0.,1.),.PIECEWISE_BEZIER_KNOTS.);
#2437 = CARTESIAN_POINT('',(39.361252290574,12.695793743547,
    -22.24906181917));
#2438 = CARTESIAN_POINT('',(39.172766108232,12.88427992589,
    -22.24906181917));
#2439 = CARTESIAN_POINT('',(38.98427992589,13.072766108232,
    -22.24906181917));
#2440 = CARTESIAN_POINT('',(38.795793743547,13.261252290574,
    -22.24906181917));
#2441 = ORIENTED_EDGE('',*,*,#2442,.T.);
#2442 = EDGE_CURVE('',#2434,#1437,#2443,.T.);
#2443 = B_SPLINE_CURVE_WITH_KNOTS('',3,(#2444,#2445,#2446,#2447,#2448,
    #2449,#2450,#2451,#2452,#2453,#2454,#2455,#2456,#2457,#2458,#2459,
    #2460,#2461,#2462,#2463,#2464,#2465,#2466,#2467,#2468,#2469,#2470,
    #2471,#2472,#2473,#2474,#2475,#2476,#2477,#2478,#2479,#2480,#2481,
    #2482,#2483,#2484,#2485,#2486,#2487,#2488,#2489,#2490,#2491,#2492,
    #2493,#2494,#2495),.UNSPECIFIED.,.F.,.F.,(4,3,3,3,3,3,3,3,3,3,3,3,3,
    3,3,3,3,4),(0.,4.770372895032E-02,9.787396950993E-02,0.154316970443,
    0.215037879254,0.307447798335,0.373283808367,0.429392719435,
    0.481694896962,0.539093836707,0.593271333316,0.654423699392,
    0.741366807355,0.806025105516,0.861536825092,0.913470911415,
    0.961737320458,1.),.UNSPECIFIED.);
#2444 = CARTESIAN_POINT('',(39.361252290574,12.695793743547,
    -22.24906181917));
#2445 = CARTESIAN_POINT('',(39.360967252055,12.695510315233,
    -22.2490705529));
#2446 = CARTESIAN_POINT('',(39.360678973535,12.695223670999,
    -22.24907933624));
#2447 = CARTESIAN_POINT('',(39.360317963232,12.694864827712,
    -22.2490902289));
#2448 = CARTESIAN_POINT('',(39.359938286964,12.694487430506,
    -22.24910168476));
#2449 = CARTESIAN_POINT('',(39.359478387467,12.694030397809,
    -22.24911546886));
#2450 = CARTESIAN_POINT('',(39.358898615257,12.693454388967,
    -22.24913255016));
#2451 = CARTESIAN_POINT('',(39.358246354415,12.692806362025,
    -22.24915176712));
#2452 = CARTESIAN_POINT('',(39.357442367083,12.692007743753,
    -22.24917515522));
#2453 = CARTESIAN_POINT('',(39.356480036212,12.691052012081,
    -22.24920234231));
#2454 = CARTESIAN_POINT('',(39.3554447687,12.690023843934,
    -22.24923158995));
#2455 = CARTESIAN_POINT('',(39.354227101126,12.688814694546,
    -22.2492651838));
#2456 = CARTESIAN_POINT('',(39.352866082429,12.68746339262,
    -22.24930117224));
#2457 = CARTESIAN_POINT('',(39.350794775688,12.685406873638,
    -22.24935594231));
#2458 = CARTESIAN_POINT('',(39.348393092014,12.683022752385,
    -22.24941599957));
#2459 = CARTESIAN_POINT('',(39.345897607949,12.680546023972,
    -22.24947328303));
#2460 = CARTESIAN_POINT('',(39.344119739128,12.678781517324,
    -22.24951409374));
#2461 = CARTESIAN_POINT('',(39.34229758651,12.676973305259,
    -22.24955348205));
#2462 = CARTESIAN_POINT('',(39.340505349824,12.67519504404,
    -22.24958978709));
#2463 = CARTESIAN_POINT('',(39.338977911439,12.673679516284,
    -22.24962072815));
#2464 = CARTESIAN_POINT('',(39.337472774974,12.672186310556,
    -22.24964945315));
#2465 = CARTESIAN_POINT('',(39.336008640918,12.67073396509,
    -22.24967581817));
#2466 = CARTESIAN_POINT('',(39.334643841676,12.669380154636,
    -22.24970039443));
#2467 = CARTESIAN_POINT('',(39.333315106627,12.668062281237,
    -22.24972293583));
#2468 = CARTESIAN_POINT('',(39.332005143245,12.666763143932,
    -22.2497439013));
#2469 = CARTESIAN_POINT('',(39.330567526061,12.665337407808,
    -22.24976690982));
#2470 = CARTESIAN_POINT('',(39.329147464701,12.663929221008,
    -22.2497881258));
#2471 = CARTESIAN_POINT('',(39.327690613209,12.662484576811,
    -22.24980829829));
#2472 = CARTESIAN_POINT('',(39.32631552567,12.661121011448,
    -22.24982733863));
#2473 = CARTESIAN_POINT('',(39.324908092803,12.659725394029,
    -22.24984541134));
#2474 = CARTESIAN_POINT('',(39.323465152809,12.658294533734,
    -22.24986234191));
#2475 = CARTESIAN_POINT('',(39.321836447161,12.656679462937,
    -22.24988145214));
#2476 = CARTESIAN_POINT('',(39.320162989568,12.655019973103,
    -22.24989906362));
#2477 = CARTESIAN_POINT('',(39.318486512588,12.653357413233,
    -22.24991456038));
#2478 = CARTESIAN_POINT('',(39.316102988803,12.650993676038,
    -22.24993659285));
#2479 = CARTESIAN_POINT('',(39.3137153588,12.64862571144,-22.24995417506
    ));
#2480 = CARTESIAN_POINT('',(39.311521446557,12.64644969411,
    -22.24996681379));
#2481 = CARTESIAN_POINT('',(39.309889866606,12.644831422338,
    -22.24997621302));
#2482 = CARTESIAN_POINT('',(39.308368339634,12.643322202761,
    -22.24998294141));
#2483 = CARTESIAN_POINT('',(39.307028552514,12.641993150391,
    -22.24998764982));
#2484 = CARTESIAN_POINT('',(39.305878292006,12.640852106092,
    -22.24999169218));
#2485 = CARTESIAN_POINT('',(39.304862577153,12.639844444086,
    -22.24999427407));
#2486 = CARTESIAN_POINT('',(39.30400176259,12.638990370737,
    -22.24999599647));
#2487 = CARTESIAN_POINT('',(39.30319642602,12.638191340921,
    -22.24999760785));
#2488 = CARTESIAN_POINT('',(39.302527112391,12.637527182731,
    -22.24999847829));
#2489 = CARTESIAN_POINT('',(39.30197987901,12.636984084779,
    -22.24999902002));
#2490 = CARTESIAN_POINT('',(39.301471292221,12.636479341367,
    -22.24999952349));
#2491 = CARTESIAN_POINT('',(39.301068313627,12.636079324005,
    -22.24999974354));
#2492 = CARTESIAN_POINT('',(39.300728478524,12.635741927511,
    -22.24999986733));
#2493 = CARTESIAN_POINT('',(39.30045907788,12.635474460048,
    -22.24999996545));
#2494 = CARTESIAN_POINT('',(39.300228858573,12.635245849578,-22.25));
#2495 = CARTESIAN_POINT('',(39.3,12.635018588911,-22.25));
#2496 = ORIENTED_EDGE('',*,*,#1436,.T.);
#2497 = B_SPLINE_SURFACE_WITH_KNOTS('',3,3,(
    (#2498,#2499,#2500,#2501)
    ,(#2502,#2503,#2504,#2505)
    ,(#2506,#2507,#2508,#2509)
    ,(#2510,#2511,#2512,#2513
    )),.UNSPECIFIED.,.F.,.F.,.F.,(4,4),(4,4),(0.,1.),(0.,1.),
  .PIECEWISE_BEZIER_KNOTS.);
#2498 = CARTESIAN_POINT('',(38.795793743547,13.261252290574,
    -22.24906181917));
#2499 = CARTESIAN_POINT('',(38.789852314641,13.255277107381,
    -22.24924490189));
#2500 = CARTESIAN_POINT('',(38.740958075369,13.205981247931,-22.25));
#2501 = CARTESIAN_POINT('',(38.735018588911,13.2,-22.25));
#2502 = CARTESIAN_POINT('',(38.98427992589,13.072766108232,
    -22.24906181917));
#2503 = CARTESIAN_POINT('',(38.978327245554,13.066802176468,
    -22.24924490189));
#2504 = CARTESIAN_POINT('',(38.92929913289,13.01764019041,-22.25));
#2505 = CARTESIAN_POINT('',(38.923345725941,13.01167286297,-22.25));
#2506 = CARTESIAN_POINT('',(39.172766108232,12.88427992589,
    -22.24906181917));
#2507 = CARTESIAN_POINT('',(39.166802176468,12.878327245554,
    -22.24924490189));
#2508 = CARTESIAN_POINT('',(39.11764019041,12.82929913289,-22.25));
#2509 = CARTESIAN_POINT('',(39.111672862971,12.823345725941,-22.25));
#2510 = CARTESIAN_POINT('',(39.361252290574,12.695793743547,
    -22.24906181917));
#2511 = CARTESIAN_POINT('',(39.355277107381,12.689852314641,
    -22.24924490189));
#2512 = CARTESIAN_POINT('',(39.305981247931,12.640958075369,-22.25));
#2513 = CARTESIAN_POINT('',(39.3,12.635018588911,-22.25));
#2514 = ADVANCED_FACE('',(#2515),#2544,.T.);
#2515 = FACE_BOUND('',#2516,.T.);
#2516 = EDGE_LOOP('',(#2517,#2518,#2527,#2535));
#2517 = ORIENTED_EDGE('',*,*,#2433,.T.);
#2518 = ORIENTED_EDGE('',*,*,#2519,.T.);
#2519 = EDGE_CURVE('',#2377,#1594,#2520,.T.);
#2520 = B_SPLINE_CURVE_WITH_KNOTS('',3,(#2521,#2522,#2523,#2524,#2525,
    #2526),.UNSPECIFIED.,.F.,.F.,(4,1,1,4),(1.460145852754,
    2.180765910255,2.661179281922,3.14159265359),.UNSPECIFIED.);
#2521 = CARTESIAN_POINT('',(38.795793743547,13.261252290574,
    -22.24906181917));
#2522 = CARTESIAN_POINT('',(39.277045983736,13.745238608078,
    -22.23423222748));
#2523 = CARTESIAN_POINT('',(40.089513096736,14.516095278286,
    -21.90347501419));
#2524 = CARTESIAN_POINT('',(40.779389757082,15.106065186636,
    -21.02741605306));
#2525 = CARTESIAN_POINT('',(40.9,15.2,-20.50622046488));
#2526 = CARTESIAN_POINT('',(40.9,15.2,-20.25));
#2527 = ORIENTED_EDGE('',*,*,#2528,.T.);
#2528 = EDGE_CURVE('',#1594,#2529,#2531,.T.);
#2529 = VERTEX_POINT('',#2530);
#2530 = CARTESIAN_POINT('',(41.3,14.8,-20.25));
#2531 = LINE('',#2532,#2533);
#2532 = CARTESIAN_POINT('',(40.9,15.2,-20.25));
#2533 = VECTOR('',#2534,1.);
#2534 = DIRECTION('',(0.707106781187,-0.707106781187,0.));
#2535 = ORIENTED_EDGE('',*,*,#2536,.T.);
#2536 = EDGE_CURVE('',#2529,#2434,#2537,.T.);
#2537 = B_SPLINE_CURVE_WITH_KNOTS('',3,(#2538,#2539,#2540,#2541,#2542,
    #2543),.UNSPECIFIED.,.F.,.F.,(4,1,1,4),(-3.14159265359,
    -2.661179281922,-2.180765910255,-1.460145852754),.UNSPECIFIED.);
#2538 = CARTESIAN_POINT('',(41.3,14.8,-20.25));
#2539 = CARTESIAN_POINT('',(41.3,14.8,-20.50622046488));
#2540 = CARTESIAN_POINT('',(41.206065186636,14.679389757082,
    -21.02741605306));
#2541 = CARTESIAN_POINT('',(40.616095278286,13.989513096736,
    -21.90347501419));
#2542 = CARTESIAN_POINT('',(39.845238608078,13.177045983736,
    -22.23423222748));
#2543 = CARTESIAN_POINT('',(39.361252290574,12.695793743547,
    -22.24906181917));
#2544 = B_SPLINE_SURFACE_WITH_KNOTS('',3,3,(
    (#2545,#2546,#2547,#2548,#2549,#2550)
    ,(#2551,#2552,#2553,#2554,#2555,#2556)
    ,(#2557,#2558,#2559,#2560,#2561,#2562)
    ,(#2563,#2564,#2565,#2566,#2567,#2568
    )),.UNSPECIFIED.,.F.,.F.,.F.,(4,4),(4,1,1,4),(0.,1.),(1.460145852754
    ,2.180765910255,2.661179281922,3.14159265359),.UNSPECIFIED.);
#2545 = CARTESIAN_POINT('',(39.361252290574,12.695793743547,
    -22.24906181917));
#2546 = CARTESIAN_POINT('',(39.845238608078,13.177045983736,
    -22.23423222748));
#2547 = CARTESIAN_POINT('',(40.616095278286,13.989513096736,
    -21.90347501419));
#2548 = CARTESIAN_POINT('',(41.206065186636,14.679389757082,
    -21.02741605306));
#2549 = CARTESIAN_POINT('',(41.3,14.8,-20.50622046488));
#2550 = CARTESIAN_POINT('',(41.3,14.8,-20.25));
#2551 = CARTESIAN_POINT('',(39.172766108232,12.88427992589,
    -22.24906181917));
#2552 = CARTESIAN_POINT('',(39.655841066631,13.366443525183,
    -22.23423222748));
#2553 = CARTESIAN_POINT('',(40.440567884436,14.165040490586,
    -21.90347501419));
#2554 = CARTESIAN_POINT('',(41.063840043451,14.821614900266,
    -21.02741605306));
#2555 = CARTESIAN_POINT('',(41.166666666667,14.933333333333,
    -20.50622046488));
#2556 = CARTESIAN_POINT('',(41.166666666667,14.933333333333,-20.25));
#2557 = CARTESIAN_POINT('',(38.98427992589,13.072766108232,
    -22.24906181917));
#2558 = CARTESIAN_POINT('',(39.466443525183,13.555841066631,
    -22.23423222748));
#2559 = CARTESIAN_POINT('',(40.265040490586,14.340567884436,
    -21.90347501419));
#2560 = CARTESIAN_POINT('',(40.921614900266,14.963840043451,
    -21.02741605306));
#2561 = CARTESIAN_POINT('',(41.033333333333,15.066666666667,
    -20.50622046488));
#2562 = CARTESIAN_POINT('',(41.033333333333,15.066666666667,-20.25));
#2563 = CARTESIAN_POINT('',(38.795793743547,13.261252290574,
    -22.24906181917));
#2564 = CARTESIAN_POINT('',(39.277045983736,13.745238608078,
    -22.23423222748));
#2565 = CARTESIAN_POINT('',(40.089513096736,14.516095278286,
    -21.90347501419));
#2566 = CARTESIAN_POINT('',(40.779389757082,15.106065186636,
    -21.02741605306));
#2567 = CARTESIAN_POINT('',(40.9,15.2,-20.50622046488));
#2568 = CARTESIAN_POINT('',(40.9,15.2,-20.25));
#2569 = ADVANCED_FACE('',(#2570),#2588,.T.);
#2570 = FACE_BOUND('',#2571,.T.);
#2571 = EDGE_LOOP('',(#2572,#2573,#2574,#2582));
#2572 = ORIENTED_EDGE('',*,*,#2528,.F.);
#2573 = ORIENTED_EDGE('',*,*,#1593,.T.);
#2574 = ORIENTED_EDGE('',*,*,#2575,.T.);
#2575 = EDGE_CURVE('',#1585,#2576,#2578,.T.);
#2576 = VERTEX_POINT('',#2577);
#2577 = CARTESIAN_POINT('',(41.3,14.8,-14.5));
#2578 = LINE('',#2579,#2580);
#2579 = CARTESIAN_POINT('',(40.9,15.2,-14.5));
#2580 = VECTOR('',#2581,1.);
#2581 = DIRECTION('',(0.707106781187,-0.707106781187,0.));
#2582 = ORIENTED_EDGE('',*,*,#2583,.T.);
#2583 = EDGE_CURVE('',#2576,#2529,#2584,.T.);
#2584 = LINE('',#2585,#2586);
#2585 = CARTESIAN_POINT('',(41.3,14.8,11.125));
#2586 = VECTOR('',#2587,1.);
#2587 = DIRECTION('',(0.,0.,-1.));
#2588 = PLANE('',#2589);
#2589 = AXIS2_PLACEMENT_3D('',#2590,#2591,#2592);
#2590 = CARTESIAN_POINT('',(41.1,15.,11.125));
#2591 = DIRECTION('',(0.707106781187,0.707106781187,0.));
#2592 = DIRECTION('',(0.,0.,-1.));
#2593 = ADVANCED_FACE('',(#2594),#2613,.T.);
#2594 = FACE_BOUND('',#2595,.T.);
#2595 = EDGE_LOOP('',(#2596,#2604,#2611,#2612));
#2596 = ORIENTED_EDGE('',*,*,#2597,.T.);
#2597 = EDGE_CURVE('',#1577,#2598,#2600,.T.);
#2598 = VERTEX_POINT('',#2599);
#2599 = CARTESIAN_POINT('',(39.3,14.8,-12.5));
#2600 = LINE('',#2601,#2602);
#2601 = CARTESIAN_POINT('',(39.3,15.2,-12.9));
#2602 = VECTOR('',#2603,1.);
#2603 = DIRECTION('',(0.,-0.707106781187,0.707106781187));
#2604 = ORIENTED_EDGE('',*,*,#2605,.T.);
#2605 = EDGE_CURVE('',#2598,#2576,#2606,.T.);
#2606 = CIRCLE('',#2607,2.);
#2607 = AXIS2_PLACEMENT_3D('',#2608,#2609,#2610);
#2608 = CARTESIAN_POINT('',(39.3,14.8,-14.5));
#2609 = DIRECTION('',(0.,1.,0.));
#2610 = DIRECTION('',(0.707106781187,-0.,0.707106781187));
#2611 = ORIENTED_EDGE('',*,*,#2575,.F.);
#2612 = ORIENTED_EDGE('',*,*,#1584,.T.);
#2613 = CONICAL_SURFACE('',#2614,1.8,0.785398163397);
#2614 = AXIS2_PLACEMENT_3D('',#2615,#2616,#2617);
#2615 = CARTESIAN_POINT('',(39.3,15.,-14.5));
#2616 = DIRECTION('',(0.,-1.,0.));
#2617 = DIRECTION('',(0.707106781187,0.,0.707106781187));
#2618 = ADVANCED_FACE('',(#2619),#2637,.T.);
#2619 = FACE_BOUND('',#2620,.T.);
#2620 = EDGE_LOOP('',(#2621,#2629,#2635,#2636));
#2621 = ORIENTED_EDGE('',*,*,#2622,.F.);
#2622 = EDGE_CURVE('',#2623,#1569,#2625,.T.);
#2623 = VERTEX_POINT('',#2624);
#2624 = CARTESIAN_POINT('',(31.55,14.8,-12.5));
#2625 = LINE('',#2626,#2627);
#2626 = CARTESIAN_POINT('',(31.55,19.575,-17.275));
#2627 = VECTOR('',#2628,1.);
#2628 = DIRECTION('',(-1.256073966947E-16,0.707106781187,-0.707106781187
    ));
#2629 = ORIENTED_EDGE('',*,*,#2630,.T.);
#2630 = EDGE_CURVE('',#2623,#2598,#2631,.T.);
#2631 = LINE('',#2632,#2633);
#2632 = CARTESIAN_POINT('',(15.775,14.8,-12.5));
#2633 = VECTOR('',#2634,1.);
#2634 = DIRECTION('',(1.,0.,0.));
#2635 = ORIENTED_EDGE('',*,*,#2597,.F.);
#2636 = ORIENTED_EDGE('',*,*,#1576,.T.);
#2637 = PLANE('',#2638);
#2638 = AXIS2_PLACEMENT_3D('',#2639,#2640,#2641);
#2639 = CARTESIAN_POINT('',(15.775,15.,-12.7));
#2640 = DIRECTION('',(0.,0.707106781187,0.707106781187));
#2641 = DIRECTION('',(1.,0.,-0.));
#2642 = ADVANCED_FACE('',(#2643),#2663,.T.);
#2643 = FACE_BOUND('',#2644,.T.);
#2644 = EDGE_LOOP('',(#2645,#2646,#2647,#2655,#2662));
#2645 = ORIENTED_EDGE('',*,*,#2442,.F.);
#2646 = ORIENTED_EDGE('',*,*,#2536,.F.);
#2647 = ORIENTED_EDGE('',*,*,#2648,.T.);
#2648 = EDGE_CURVE('',#2529,#2649,#2651,.T.);
#2649 = VERTEX_POINT('',#2650);
#2650 = CARTESIAN_POINT('',(41.3,2.,-20.25));
#2651 = LINE('',#2652,#2653);
#2652 = CARTESIAN_POINT('',(41.3,0.,-20.25));
#2653 = VECTOR('',#2654,1.);
#2654 = DIRECTION('',(0.,-1.,0.));
#2655 = ORIENTED_EDGE('',*,*,#2656,.F.);
#2656 = EDGE_CURVE('',#1445,#2649,#2657,.T.);
#2657 = CIRCLE('',#2658,2.);
#2658 = AXIS2_PLACEMENT_3D('',#2659,#2660,#2661);
#2659 = CARTESIAN_POINT('',(39.3,2.,-20.25));
#2660 = DIRECTION('',(0.,-1.,0.));
#2661 = DIRECTION('',(1.,0.,0.));
#2662 = ORIENTED_EDGE('',*,*,#1444,.T.);
#2663 = CYLINDRICAL_SURFACE('',#2664,2.);
#2664 = AXIS2_PLACEMENT_3D('',#2665,#2666,#2667);
#2665 = CARTESIAN_POINT('',(39.3,0.,-20.25));
#2666 = DIRECTION('',(0.,1.,0.));
#2667 = DIRECTION('',(0.707106781187,0.,-0.707106781187));
#2668 = ADVANCED_FACE('',(#2669),#2710,.T.);
#2669 = FACE_BOUND('',#2670,.T.);
#2670 = EDGE_LOOP('',(#2671,#2672,#2680,#2686,#2687,#2688,#2696,#2704));
#2671 = ORIENTED_EDGE('',*,*,#2288,.F.);
#2672 = ORIENTED_EDGE('',*,*,#2673,.F.);
#2673 = EDGE_CURVE('',#2674,#2281,#2676,.T.);
#2674 = VERTEX_POINT('',#2675);
#2675 = CARTESIAN_POINT('',(41.3,2.,20.25));
#2676 = LINE('',#2677,#2678);
#2677 = CARTESIAN_POINT('',(41.3,0.,20.25));
#2678 = VECTOR('',#2679,1.);
#2679 = DIRECTION('',(0.,1.,0.));
#2680 = ORIENTED_EDGE('',*,*,#2681,.F.);
#2681 = EDGE_CURVE('',#2649,#2674,#2682,.T.);
#2682 = LINE('',#2683,#2684);
#2683 = CARTESIAN_POINT('',(41.3,2.,11.125));
#2684 = VECTOR('',#2685,1.);
#2685 = DIRECTION('',(0.,0.,1.));
#2686 = ORIENTED_EDGE('',*,*,#2648,.F.);
#2687 = ORIENTED_EDGE('',*,*,#2583,.F.);
#2688 = ORIENTED_EDGE('',*,*,#2689,.F.);
#2689 = EDGE_CURVE('',#2690,#2576,#2692,.T.);
#2690 = VERTEX_POINT('',#2691);
#2691 = CARTESIAN_POINT('',(41.3,13.8,-14.5));
#2692 = LINE('',#2693,#2694);
#2693 = CARTESIAN_POINT('',(41.3,7.6,-14.5));
#2694 = VECTOR('',#2695,1.);
#2695 = DIRECTION('',(0.,1.,0.));
#2696 = ORIENTED_EDGE('',*,*,#2697,.F.);
#2697 = EDGE_CURVE('',#2698,#2690,#2700,.T.);
#2698 = VERTEX_POINT('',#2699);
#2699 = CARTESIAN_POINT('',(41.3,13.8,14.5));
#2700 = LINE('',#2701,#2702);
#2701 = CARTESIAN_POINT('',(41.3,13.8,11.125));
#2702 = VECTOR('',#2703,1.);
#2703 = DIRECTION('',(0.,0.,-1.));
#2704 = ORIENTED_EDGE('',*,*,#2705,.F.);
#2705 = EDGE_CURVE('',#2254,#2698,#2706,.T.);
#2706 = LINE('',#2707,#2708);
#2707 = CARTESIAN_POINT('',(41.3,7.6,14.5));
#2708 = VECTOR('',#2709,1.);
#2709 = DIRECTION('',(0.,-1.,0.));
#2710 = PLANE('',#2711);
#2711 = AXIS2_PLACEMENT_3D('',#2712,#2713,#2714);
#2712 = CARTESIAN_POINT('',(41.3,0.,22.25));
#2713 = DIRECTION('',(1.,0.,0.));
#2714 = DIRECTION('',(0.,0.,-1.));
#2715 = ADVANCED_FACE('',(#2716),#2744,.T.);
#2716 = FACE_BOUND('',#2717,.T.);
#2717 = EDGE_LOOP('',(#2718,#2719,#2727,#2736,#2743));
#2718 = ORIENTED_EDGE('',*,*,#2605,.F.);
#2719 = ORIENTED_EDGE('',*,*,#2720,.T.);
#2720 = EDGE_CURVE('',#2598,#2721,#2723,.T.);
#2721 = VERTEX_POINT('',#2722);
#2722 = CARTESIAN_POINT('',(39.3,14.2,-12.5));
#2723 = LINE('',#2724,#2725);
#2724 = CARTESIAN_POINT('',(39.3,7.6,-12.5));
#2725 = VECTOR('',#2726,1.);
#2726 = DIRECTION('',(0.,-1.,0.));
#2727 = ORIENTED_EDGE('',*,*,#2728,.F.);
#2728 = EDGE_CURVE('',#2729,#2721,#2731,.T.);
#2729 = VERTEX_POINT('',#2730);
#2730 = CARTESIAN_POINT('',(40.9,14.2,-13.3));
#2731 = CIRCLE('',#2732,2.);
#2732 = AXIS2_PLACEMENT_3D('',#2733,#2734,#2735);
#2733 = CARTESIAN_POINT('',(39.3,14.2,-14.5));
#2734 = DIRECTION('',(0.,-1.,0.));
#2735 = DIRECTION('',(0.707106781187,0.,0.707106781187));
#2736 = ORIENTED_EDGE('',*,*,#2737,.T.);
#2737 = EDGE_CURVE('',#2729,#2690,#2738,.T.);
#2738 = ELLIPSE('',#2739,2.828427124746,2.);
#2739 = AXIS2_PLACEMENT_3D('',#2740,#2741,#2742);
#2740 = CARTESIAN_POINT('',(39.3,15.8,-14.5));
#2741 = DIRECTION('',(0.707106781187,0.707106781187,0.));
#2742 = DIRECTION('',(0.707106781187,-0.707106781187,0.));
#2743 = ORIENTED_EDGE('',*,*,#2689,.T.);
#2744 = CYLINDRICAL_SURFACE('',#2745,2.);
#2745 = AXIS2_PLACEMENT_3D('',#2746,#2747,#2748);
#2746 = CARTESIAN_POINT('',(39.3,7.6,-14.5));
#2747 = DIRECTION('',(0.,-1.,0.));
#2748 = DIRECTION('',(0.707106781187,0.,0.707106781187));
#2749 = ADVANCED_FACE('',(#2750),#2776,.F.);
#2750 = FACE_BOUND('',#2751,.T.);
#2751 = EDGE_LOOP('',(#2752,#2753,#2761,#2769,#2775));
#2752 = ORIENTED_EDGE('',*,*,#2630,.F.);
#2753 = ORIENTED_EDGE('',*,*,#2754,.T.);
#2754 = EDGE_CURVE('',#2623,#2755,#2757,.T.);
#2755 = VERTEX_POINT('',#2756);
#2756 = CARTESIAN_POINT('',(31.55,14.6,-12.5));
#2757 = LINE('',#2758,#2759);
#2758 = CARTESIAN_POINT('',(31.55,15.2,-12.5));
#2759 = VECTOR('',#2760,1.);
#2760 = DIRECTION('',(0.,-1.,0.));
#2761 = ORIENTED_EDGE('',*,*,#2762,.T.);
#2762 = EDGE_CURVE('',#2755,#2763,#2765,.T.);
#2763 = VERTEX_POINT('',#2764);
#2764 = CARTESIAN_POINT('',(31.95,14.2,-12.5));
#2765 = LINE('',#2766,#2767);
#2766 = CARTESIAN_POINT('',(31.5,14.65,-12.5));
#2767 = VECTOR('',#2768,1.);
#2768 = DIRECTION('',(0.707106781187,-0.707106781187,0.));
#2769 = ORIENTED_EDGE('',*,*,#2770,.T.);
#2770 = EDGE_CURVE('',#2763,#2721,#2771,.T.);
#2771 = LINE('',#2772,#2773);
#2772 = CARTESIAN_POINT('',(46.702636333762,14.2,-12.5));
#2773 = VECTOR('',#2774,1.);
#2774 = DIRECTION('',(1.,0.,0.));
#2775 = ORIENTED_EDGE('',*,*,#2720,.F.);
#2776 = PLANE('',#2777);
#2777 = AXIS2_PLACEMENT_3D('',#2778,#2779,#2780);
#2778 = CARTESIAN_POINT('',(31.55,15.2,-12.5));
#2779 = DIRECTION('',(0.,0.,-1.));
#2780 = DIRECTION('',(1.,0.,0.));
#2781 = ADVANCED_FACE('',(#2782),#2808,.T.);
#2782 = FACE_BOUND('',#2783,.T.);
#2783 = EDGE_LOOP('',(#2784,#2794,#2802));
#2784 = ORIENTED_EDGE('',*,*,#2785,.F.);
#2785 = EDGE_CURVE('',#2786,#2788,#2790,.T.);
#2786 = VERTEX_POINT('',#2787);
#2787 = CARTESIAN_POINT('',(31.55,33.1,12.1));
#2788 = VERTEX_POINT('',#2789);
#2789 = CARTESIAN_POINT('',(31.15,33.1,12.5));
#2790 = LINE('',#2791,#2792);
#2791 = CARTESIAN_POINT('',(31.55,33.1,12.1));
#2792 = VECTOR('',#2793,1.);
#2793 = DIRECTION('',(-0.707106781187,0.,0.707106781187));
#2794 = ORIENTED_EDGE('',*,*,#2795,.F.);
#2795 = EDGE_CURVE('',#2796,#2786,#2798,.T.);
#2796 = VERTEX_POINT('',#2797);
#2797 = CARTESIAN_POINT('',(31.15,33.5,12.1));
#2798 = LINE('',#2799,#2800);
#2799 = CARTESIAN_POINT('',(31.15,33.5,12.1));
#2800 = VECTOR('',#2801,1.);
#2801 = DIRECTION('',(0.707106781187,-0.707106781187,0.));
#2802 = ORIENTED_EDGE('',*,*,#2803,.F.);
#2803 = EDGE_CURVE('',#2788,#2796,#2804,.T.);
#2804 = LINE('',#2805,#2806);
#2805 = CARTESIAN_POINT('',(31.15,33.1,12.5));
#2806 = VECTOR('',#2807,1.);
#2807 = DIRECTION('',(0.,0.707106781187,-0.707106781187));
#2808 = PLANE('',#2809);
#2809 = AXIS2_PLACEMENT_3D('',#2810,#2811,#2812);
#2810 = CARTESIAN_POINT('',(31.15,33.5,12.1));
#2811 = DIRECTION('',(0.57735026919,0.57735026919,0.57735026919));
#2812 = DIRECTION('',(0.707106781187,0.,-0.707106781187));
#2813 = ADVANCED_FACE('',(#2814),#2840,.T.);
#2814 = FACE_BOUND('',#2815,.T.);
#2815 = EDGE_LOOP('',(#2816,#2826,#2834));
#2816 = ORIENTED_EDGE('',*,*,#2817,.F.);
#2817 = EDGE_CURVE('',#2818,#2820,#2822,.T.);
#2818 = VERTEX_POINT('',#2819);
#2819 = CARTESIAN_POINT('',(31.15,33.1,-12.5));
#2820 = VERTEX_POINT('',#2821);
#2821 = CARTESIAN_POINT('',(31.55,33.1,-12.1));
#2822 = LINE('',#2823,#2824);
#2823 = CARTESIAN_POINT('',(31.15,33.1,-12.5));
#2824 = VECTOR('',#2825,1.);
#2825 = DIRECTION('',(0.707106781187,0.,0.707106781187));
#2826 = ORIENTED_EDGE('',*,*,#2827,.F.);
#2827 = EDGE_CURVE('',#2828,#2818,#2830,.T.);
#2828 = VERTEX_POINT('',#2829);
#2829 = CARTESIAN_POINT('',(31.15,33.5,-12.1));
#2830 = LINE('',#2831,#2832);
#2831 = CARTESIAN_POINT('',(31.15,33.5,-12.1));
#2832 = VECTOR('',#2833,1.);
#2833 = DIRECTION('',(0.,-0.707106781187,-0.707106781187));
#2834 = ORIENTED_EDGE('',*,*,#2835,.F.);
#2835 = EDGE_CURVE('',#2820,#2828,#2836,.T.);
#2836 = LINE('',#2837,#2838);
#2837 = CARTESIAN_POINT('',(31.55,33.1,-12.1));
#2838 = VECTOR('',#2839,1.);
#2839 = DIRECTION('',(-0.707106781187,0.707106781187,-3.925231146709E-15
    ));
#2840 = PLANE('',#2841);
#2841 = AXIS2_PLACEMENT_3D('',#2842,#2843,#2844);
#2842 = CARTESIAN_POINT('',(31.15,33.5,-12.1));
#2843 = DIRECTION('',(0.57735026919,0.57735026919,-0.57735026919));
#2844 = DIRECTION('',(-0.707106781187,3.608224830032E-16,-0.707106781187
    ));
#2845 = ADVANCED_FACE('',(#2846),#2879,.T.);
#2846 = FACE_BOUND('',#2847,.T.);
#2847 = EDGE_LOOP('',(#2848,#2858,#2864,#2865,#2873));
#2848 = ORIENTED_EDGE('',*,*,#2849,.T.);
#2849 = EDGE_CURVE('',#2850,#2852,#2854,.T.);
#2850 = VERTEX_POINT('',#2851);
#2851 = CARTESIAN_POINT('',(6.75,33.3,-12.3));
#2852 = VERTEX_POINT('',#2853);
#2853 = CARTESIAN_POINT('',(6.95,33.5,-12.1));
#2854 = LINE('',#2855,#2856);
#2855 = CARTESIAN_POINT('',(10.85,37.4,-8.2));
#2856 = VECTOR('',#2857,1.);
#2857 = DIRECTION('',(0.57735026919,0.57735026919,0.57735026919));
#2858 = ORIENTED_EDGE('',*,*,#2859,.T.);
#2859 = EDGE_CURVE('',#2852,#2828,#2860,.T.);
#2860 = LINE('',#2861,#2862);
#2861 = CARTESIAN_POINT('',(12.8,33.5,-12.1));
#2862 = VECTOR('',#2863,1.);
#2863 = DIRECTION('',(1.,0.,-8.881784197001E-17));
#2864 = ORIENTED_EDGE('',*,*,#2827,.T.);
#2865 = ORIENTED_EDGE('',*,*,#2866,.T.);
#2866 = EDGE_CURVE('',#2818,#2867,#2869,.T.);
#2867 = VERTEX_POINT('',#2868);
#2868 = CARTESIAN_POINT('',(6.95,33.1,-12.5));
#2869 = LINE('',#2870,#2871);
#2870 = CARTESIAN_POINT('',(12.8,33.1,-12.5));
#2871 = VECTOR('',#2872,1.);
#2872 = DIRECTION('',(-1.,0.,8.881784197001E-17));
#2873 = ORIENTED_EDGE('',*,*,#2874,.T.);
#2874 = EDGE_CURVE('',#2867,#2850,#2875,.T.);
#2875 = LINE('',#2876,#2877);
#2876 = CARTESIAN_POINT('',(7.725,32.325,-13.275));
#2877 = VECTOR('',#2878,1.);
#2878 = DIRECTION('',(-0.57735026919,0.57735026919,0.57735026919));
#2879 = PLANE('',#2880);
#2880 = AXIS2_PLACEMENT_3D('',#2881,#2882,#2883);
#2881 = CARTESIAN_POINT('',(12.8,33.3,-12.3));
#2882 = DIRECTION('',(-6.280369834735E-17,0.707106781187,-0.707106781187
    ));
#2883 = DIRECTION('',(-1.,6.162975822039E-33,8.881784197001E-17));
#2884 = ADVANCED_FACE('',(#2885),#2901,.T.);
#2885 = FACE_BOUND('',#2886,.T.);
#2886 = EDGE_LOOP('',(#2887,#2888,#2894,#2895));
#2887 = ORIENTED_EDGE('',*,*,#2795,.T.);
#2888 = ORIENTED_EDGE('',*,*,#2889,.T.);
#2889 = EDGE_CURVE('',#2786,#2820,#2890,.T.);
#2890 = LINE('',#2891,#2892);
#2891 = CARTESIAN_POINT('',(31.55,33.1,-6.25));
#2892 = VECTOR('',#2893,1.);
#2893 = DIRECTION('',(-1.7763568394E-16,0.,-1.));
#2894 = ORIENTED_EDGE('',*,*,#2835,.T.);
#2895 = ORIENTED_EDGE('',*,*,#2896,.T.);
#2896 = EDGE_CURVE('',#2828,#2796,#2897,.T.);
#2897 = LINE('',#2898,#2899);
#2898 = CARTESIAN_POINT('',(31.15,33.5,-6.25));
#2899 = VECTOR('',#2900,1.);
#2900 = DIRECTION('',(1.7763568394E-16,0.,1.));
#2901 = PLANE('',#2902);
#2902 = AXIS2_PLACEMENT_3D('',#2903,#2904,#2905);
#2903 = CARTESIAN_POINT('',(31.35,33.3,-6.25));
#2904 = DIRECTION('',(0.707106781187,0.707106781187,-1.256073966947E-16)
  );
#2905 = DIRECTION('',(-1.7763568394E-16,3.697785493223E-32,-1.));
#2906 = ADVANCED_FACE('',(#2907),#2932,.T.);
#2907 = FACE_BOUND('',#2908,.T.);
#2908 = EDGE_LOOP('',(#2909,#2919,#2925,#2926));
#2909 = ORIENTED_EDGE('',*,*,#2910,.F.);
#2910 = EDGE_CURVE('',#2911,#2913,#2915,.T.);
#2911 = VERTEX_POINT('',#2912);
#2912 = CARTESIAN_POINT('',(31.15,15.6,-12.5));
#2913 = VERTEX_POINT('',#2914);
#2914 = CARTESIAN_POINT('',(31.55,16.,-12.1));
#2915 = LINE('',#2916,#2917);
#2916 = CARTESIAN_POINT('',(29.4875,13.9375,-14.1625));
#2917 = VECTOR('',#2918,1.);
#2918 = DIRECTION('',(0.57735026919,0.57735026919,0.57735026919));
#2919 = ORIENTED_EDGE('',*,*,#2920,.T.);
#2920 = EDGE_CURVE('',#2911,#2818,#2921,.T.);
#2921 = LINE('',#2922,#2923);
#2922 = CARTESIAN_POINT('',(31.15,33.5,-12.5));
#2923 = VECTOR('',#2924,1.);
#2924 = DIRECTION('',(0.,1.,0.));
#2925 = ORIENTED_EDGE('',*,*,#2817,.T.);
#2926 = ORIENTED_EDGE('',*,*,#2927,.T.);
#2927 = EDGE_CURVE('',#2820,#2913,#2928,.T.);
#2928 = LINE('',#2929,#2930);
#2929 = CARTESIAN_POINT('',(31.55,33.5,-12.1));
#2930 = VECTOR('',#2931,1.);
#2931 = DIRECTION('',(0.,-1.,0.));
#2932 = PLANE('',#2933);
#2933 = AXIS2_PLACEMENT_3D('',#2934,#2935,#2936);
#2934 = CARTESIAN_POINT('',(31.35,33.5,-12.3));
#2935 = DIRECTION('',(0.707106781187,0.,-0.707106781187));
#2936 = DIRECTION('',(-0.707106781187,0.,-0.707106781187));
#2937 = ADVANCED_FACE('',(#2938),#2971,.T.);
#2938 = FACE_BOUND('',#2939,.T.);
#2939 = EDGE_LOOP('',(#2940,#2950,#2956,#2957,#2965));
#2940 = ORIENTED_EDGE('',*,*,#2941,.T.);
#2941 = EDGE_CURVE('',#2942,#2944,#2946,.T.);
#2942 = VERTEX_POINT('',#2943);
#2943 = CARTESIAN_POINT('',(6.75,33.3,12.3));
#2944 = VERTEX_POINT('',#2945);
#2945 = CARTESIAN_POINT('',(6.95,33.1,12.5));
#2946 = LINE('',#2947,#2948);
#2947 = CARTESIAN_POINT('',(9.808333333333,30.241666666667,
    15.358333333333));
#2948 = VECTOR('',#2949,1.);
#2949 = DIRECTION('',(0.57735026919,-0.57735026919,0.57735026919));
#2950 = ORIENTED_EDGE('',*,*,#2951,.T.);
#2951 = EDGE_CURVE('',#2944,#2788,#2952,.T.);
#2952 = LINE('',#2953,#2954);
#2953 = CARTESIAN_POINT('',(25.3,33.1,12.5));
#2954 = VECTOR('',#2955,1.);
#2955 = DIRECTION('',(1.,0.,0.));
#2956 = ORIENTED_EDGE('',*,*,#2803,.T.);
#2957 = ORIENTED_EDGE('',*,*,#2958,.T.);
#2958 = EDGE_CURVE('',#2796,#2959,#2961,.T.);
#2959 = VERTEX_POINT('',#2960);
#2960 = CARTESIAN_POINT('',(6.95,33.5,12.1));
#2961 = LINE('',#2962,#2963);
#2962 = CARTESIAN_POINT('',(25.3,33.5,12.1));
#2963 = VECTOR('',#2964,1.);
#2964 = DIRECTION('',(-1.,0.,0.));
#2965 = ORIENTED_EDGE('',*,*,#2966,.T.);
#2966 = EDGE_CURVE('',#2959,#2942,#2967,.T.);
#2967 = LINE('',#2968,#2969);
#2968 = CARTESIAN_POINT('',(10.85,37.4,8.2));
#2969 = VECTOR('',#2970,1.);
#2970 = DIRECTION('',(-0.57735026919,-0.57735026919,0.57735026919));
#2971 = PLANE('',#2972);
#2972 = AXIS2_PLACEMENT_3D('',#2973,#2974,#2975);
#2973 = CARTESIAN_POINT('',(25.3,33.3,12.3));
#2974 = DIRECTION('',(0.,0.707106781187,0.707106781187));
#2975 = DIRECTION('',(1.,0.,-0.));
#2976 = ADVANCED_FACE('',(#2977),#3002,.T.);
#2977 = FACE_BOUND('',#2978,.T.);
#2978 = EDGE_LOOP('',(#2979,#2989,#2995,#2996));
#2979 = ORIENTED_EDGE('',*,*,#2980,.F.);
#2980 = EDGE_CURVE('',#2981,#2983,#2985,.T.);
#2981 = VERTEX_POINT('',#2982);
#2982 = CARTESIAN_POINT('',(31.55,16.,12.1));
#2983 = VERTEX_POINT('',#2984);
#2984 = CARTESIAN_POINT('',(31.15,15.6,12.5));
#2985 = LINE('',#2986,#2987);
#2986 = CARTESIAN_POINT('',(31.570833333333,16.020833333333,
    12.079166666667));
#2987 = VECTOR('',#2988,1.);
#2988 = DIRECTION('',(-0.57735026919,-0.57735026919,0.57735026919));
#2989 = ORIENTED_EDGE('',*,*,#2990,.T.);
#2990 = EDGE_CURVE('',#2981,#2786,#2991,.T.);
#2991 = LINE('',#2992,#2993);
#2992 = CARTESIAN_POINT('',(31.55,33.5,12.1));
#2993 = VECTOR('',#2994,1.);
#2994 = DIRECTION('',(0.,1.,0.));
#2995 = ORIENTED_EDGE('',*,*,#2785,.T.);
#2996 = ORIENTED_EDGE('',*,*,#2997,.T.);
#2997 = EDGE_CURVE('',#2788,#2983,#2998,.T.);
#2998 = LINE('',#2999,#3000);
#2999 = CARTESIAN_POINT('',(31.15,33.5,12.5));
#3000 = VECTOR('',#3001,1.);
#3001 = DIRECTION('',(0.,-1.,0.));
#3002 = PLANE('',#3003);
#3003 = AXIS2_PLACEMENT_3D('',#3004,#3005,#3006);
#3004 = CARTESIAN_POINT('',(31.35,33.5,12.3));
#3005 = DIRECTION('',(0.707106781187,0.,0.707106781187));
#3006 = DIRECTION('',(0.707106781187,0.,-0.707106781187));
#3007 = ADVANCED_FACE('',(#3008),#3041,.T.);
#3008 = FACE_BOUND('',#3009,.T.);
#3009 = EDGE_LOOP('',(#3010,#3011,#3019,#3027,#3035));
#3010 = ORIENTED_EDGE('',*,*,#2874,.F.);
#3011 = ORIENTED_EDGE('',*,*,#3012,.T.);
#3012 = EDGE_CURVE('',#2867,#3013,#3015,.T.);
#3013 = VERTEX_POINT('',#3014);
#3014 = CARTESIAN_POINT('',(6.95,15.6,-12.5));
#3015 = LINE('',#3016,#3017);
#3016 = CARTESIAN_POINT('',(6.95,33.5,-12.5));
#3017 = VECTOR('',#3018,1.);
#3018 = DIRECTION('',(0.,-1.,0.));
#3019 = ORIENTED_EDGE('',*,*,#3020,.T.);
#3020 = EDGE_CURVE('',#3013,#3021,#3023,.T.);
#3021 = VERTEX_POINT('',#3022);
#3022 = CARTESIAN_POINT('',(6.55,15.6,-12.1));
#3023 = LINE('',#3024,#3025);
#3024 = CARTESIAN_POINT('',(6.95,15.6,-12.5));
#3025 = VECTOR('',#3026,1.);
#3026 = DIRECTION('',(-0.707106781187,0.,0.707106781187));
#3027 = ORIENTED_EDGE('',*,*,#3028,.T.);
#3028 = EDGE_CURVE('',#3021,#3029,#3031,.T.);
#3029 = VERTEX_POINT('',#3030);
#3030 = CARTESIAN_POINT('',(6.55,33.1,-12.1));
#3031 = LINE('',#3032,#3033);
#3032 = CARTESIAN_POINT('',(6.55,33.5,-12.1));
#3033 = VECTOR('',#3034,1.);
#3034 = DIRECTION('',(0.,1.,0.));
#3035 = ORIENTED_EDGE('',*,*,#3036,.T.);
#3036 = EDGE_CURVE('',#3029,#2850,#3037,.T.);
#3037 = LINE('',#3038,#3039);
#3038 = CARTESIAN_POINT('',(6.55,33.1,-12.1));
#3039 = VECTOR('',#3040,1.);
#3040 = DIRECTION('',(0.57735026919,0.57735026919,-0.57735026919));
#3041 = PLANE('',#3042);
#3042 = AXIS2_PLACEMENT_3D('',#3043,#3044,#3045);
#3043 = CARTESIAN_POINT('',(6.75,33.5,-12.3));
#3044 = DIRECTION('',(-0.707106781187,0.,-0.707106781187));
#3045 = DIRECTION('',(-0.707106781187,0.,0.707106781187));
#3046 = ADVANCED_FACE('',(#3047),#3058,.T.);
#3047 = FACE_BOUND('',#3048,.T.);
#3048 = EDGE_LOOP('',(#3049,#3050,#3051,#3057));
#3049 = ORIENTED_EDGE('',*,*,#2866,.F.);
#3050 = ORIENTED_EDGE('',*,*,#2920,.F.);
#3051 = ORIENTED_EDGE('',*,*,#3052,.F.);
#3052 = EDGE_CURVE('',#3013,#2911,#3053,.T.);
#3053 = LINE('',#3054,#3055);
#3054 = CARTESIAN_POINT('',(3.275,15.6,-12.5));
#3055 = VECTOR('',#3056,1.);
#3056 = DIRECTION('',(1.,0.,-8.881784197001E-17));
#3057 = ORIENTED_EDGE('',*,*,#3012,.F.);
#3058 = PLANE('',#3059);
#3059 = AXIS2_PLACEMENT_3D('',#3060,#3061,#3062);
#3060 = CARTESIAN_POINT('',(6.55,33.5,-12.5));
#3061 = DIRECTION('',(-8.881784197001E-17,0.,-1.));
#3062 = DIRECTION('',(1.,0.,-8.881784197001E-17));
#3063 = ADVANCED_FACE('',(#3064),#3098,.T.);
#3064 = FACE_BOUND('',#3065,.T.);
#3065 = EDGE_LOOP('',(#3066,#3072,#3073,#3074,#3075,#3081,#3082,#3090,
    #3096,#3097));
#3066 = ORIENTED_EDGE('',*,*,#3067,.T.);
#3067 = EDGE_CURVE('',#1569,#2913,#3068,.T.);
#3068 = LINE('',#3069,#3070);
#3069 = CARTESIAN_POINT('',(31.55,19.975,-8.125));
#3070 = VECTOR('',#3071,1.);
#3071 = DIRECTION('',(1.256073966947E-16,0.707106781187,0.707106781187)
  );
#3072 = ORIENTED_EDGE('',*,*,#2927,.F.);
#3073 = ORIENTED_EDGE('',*,*,#2889,.F.);
#3074 = ORIENTED_EDGE('',*,*,#2990,.F.);
#3075 = ORIENTED_EDGE('',*,*,#3076,.F.);
#3076 = EDGE_CURVE('',#1545,#2981,#3077,.T.);
#3077 = LINE('',#3078,#3079);
#3078 = CARTESIAN_POINT('',(31.55,26.225,1.875));
#3079 = VECTOR('',#3080,1.);
#3080 = DIRECTION('',(-1.256073966947E-16,0.707106781187,-0.707106781187
    ));
#3081 = ORIENTED_EDGE('',*,*,#2222,.T.);
#3082 = ORIENTED_EDGE('',*,*,#3083,.T.);
#3083 = EDGE_CURVE('',#2223,#3084,#3086,.T.);
#3084 = VERTEX_POINT('',#3085);
#3085 = CARTESIAN_POINT('',(31.55,14.6,12.5));
#3086 = LINE('',#3087,#3088);
#3087 = CARTESIAN_POINT('',(31.55,15.2,12.5));
#3088 = VECTOR('',#3089,1.);
#3089 = DIRECTION('',(0.,-1.,0.));
#3090 = ORIENTED_EDGE('',*,*,#3091,.F.);
#3091 = EDGE_CURVE('',#2755,#3084,#3092,.T.);
#3092 = LINE('',#3093,#3094);
#3093 = CARTESIAN_POINT('',(31.55,14.6,-6.25));
#3094 = VECTOR('',#3095,1.);
#3095 = DIRECTION('',(1.7763568394E-16,0.,1.));
#3096 = ORIENTED_EDGE('',*,*,#2754,.F.);
#3097 = ORIENTED_EDGE('',*,*,#2622,.T.);
#3098 = PLANE('',#3099);
#3099 = AXIS2_PLACEMENT_3D('',#3100,#3101,#3102);
#3100 = CARTESIAN_POINT('',(31.55,33.5,-12.5));
#3101 = DIRECTION('',(1.,0.,-1.7763568394E-16));
#3102 = DIRECTION('',(1.7763568394E-16,0.,1.));
#3103 = ADVANCED_FACE('',(#3104),#3129,.T.);
#3104 = FACE_BOUND('',#3105,.T.);
#3105 = EDGE_LOOP('',(#3106,#3116,#3122,#3123));
#3106 = ORIENTED_EDGE('',*,*,#3107,.T.);
#3107 = EDGE_CURVE('',#3108,#3110,#3112,.T.);
#3108 = VERTEX_POINT('',#3109);
#3109 = CARTESIAN_POINT('',(4.569757048779,8.,-21.85));
#3110 = VERTEX_POINT('',#3111);
#3111 = CARTESIAN_POINT('',(4.569757048779,13.2,-21.85));
#3112 = LINE('',#3113,#3114);
#3113 = CARTESIAN_POINT('',(4.569757048779,7.6,-21.85));
#3114 = VECTOR('',#3115,1.);
#3115 = DIRECTION('',(0.,1.,0.));
#3116 = ORIENTED_EDGE('',*,*,#3117,.T.);
#3117 = EDGE_CURVE('',#3110,#1421,#3118,.T.);
#3118 = LINE('',#3119,#3120);
#3119 = CARTESIAN_POINT('',(4.569757048779,13.2,-21.85));
#3120 = VECTOR('',#3121,1.);
#3121 = DIRECTION('',(0.707106781187,0.,-0.707106781187));
#3122 = ORIENTED_EDGE('',*,*,#1420,.T.);
#3123 = ORIENTED_EDGE('',*,*,#3124,.T.);
#3124 = EDGE_CURVE('',#1413,#3108,#3125,.T.);
#3125 = LINE('',#3126,#3127);
#3126 = CARTESIAN_POINT('',(4.969757048779,7.6,-22.25));
#3127 = VECTOR('',#3128,1.);
#3128 = DIRECTION('',(-0.57735026919,0.57735026919,0.57735026919));
#3129 = PLANE('',#3130);
#3130 = AXIS2_PLACEMENT_3D('',#3131,#3132,#3133);
#3131 = CARTESIAN_POINT('',(4.769757048779,7.6,-22.05));
#3132 = DIRECTION('',(-0.707106781187,0.,-0.707106781187));
#3133 = DIRECTION('',(-0.707106781187,0.,0.707106781187));
#3134 = ADVANCED_FACE('',(#3135),#3160,.T.);
#3135 = FACE_BOUND('',#3136,.T.);
#3136 = EDGE_LOOP('',(#3137,#3145,#3152,#3153));
#3137 = ORIENTED_EDGE('',*,*,#3138,.T.);
#3138 = EDGE_CURVE('',#3139,#1602,#3141,.T.);
#3139 = VERTEX_POINT('',#3140);
#3140 = CARTESIAN_POINT('',(4.569757048779,14.8,-20.25));
#3141 = LINE('',#3142,#3143);
#3142 = CARTESIAN_POINT('',(4.569757048779,14.8,-20.25));
#3143 = VECTOR('',#3144,1.);
#3144 = DIRECTION('',(0.707106781187,0.707106781187,0.));
#3145 = ORIENTED_EDGE('',*,*,#3146,.T.);
#3146 = EDGE_CURVE('',#1602,#1421,#3147,.T.);
#3147 = CIRCLE('',#3148,2.);
#3148 = AXIS2_PLACEMENT_3D('',#3149,#3150,#3151);
#3149 = CARTESIAN_POINT('',(4.969757048779,13.2,-20.25));
#3150 = DIRECTION('',(-1.,0.,0.));
#3151 = DIRECTION('',(0.,0.707106781187,-0.707106781187));
#3152 = ORIENTED_EDGE('',*,*,#3117,.F.);
#3153 = ORIENTED_EDGE('',*,*,#3154,.T.);
#3154 = EDGE_CURVE('',#3110,#3139,#3155,.T.);
#3155 = CIRCLE('',#3156,1.6);
#3156 = AXIS2_PLACEMENT_3D('',#3157,#3158,#3159);
#3157 = CARTESIAN_POINT('',(4.569757048779,13.2,-20.25));
#3158 = DIRECTION('',(1.,0.,0.));
#3159 = DIRECTION('',(0.,0.707106781187,-0.707106781187));
#3160 = CONICAL_SURFACE('',#3161,1.8,0.785398163397);
#3161 = AXIS2_PLACEMENT_3D('',#3162,#3163,#3164);
#3162 = CARTESIAN_POINT('',(4.769757048779,13.2,-20.25));
#3163 = DIRECTION('',(1.,0.,0.));
#3164 = DIRECTION('',(0.,0.707106781187,-0.707106781187));
#3165 = ADVANCED_FACE('',(#3166),#3184,.T.);
#3166 = FACE_BOUND('',#3167,.T.);
#3167 = EDGE_LOOP('',(#3168,#3176,#3177,#3178));
#3168 = ORIENTED_EDGE('',*,*,#3169,.T.);
#3169 = EDGE_CURVE('',#3170,#1610,#3172,.T.);
#3170 = VERTEX_POINT('',#3171);
#3171 = CARTESIAN_POINT('',(4.569757048779,14.8,-15.8589227625));
#3172 = LINE('',#3173,#3174);
#3173 = CARTESIAN_POINT('',(4.569757048779,14.8,-15.8589227625));
#3174 = VECTOR('',#3175,1.);
#3175 = DIRECTION('',(0.707106781187,0.707106781187,0.));
#3176 = ORIENTED_EDGE('',*,*,#1609,.T.);
#3177 = ORIENTED_EDGE('',*,*,#3138,.F.);
#3178 = ORIENTED_EDGE('',*,*,#3179,.T.);
#3179 = EDGE_CURVE('',#3139,#3170,#3180,.T.);
#3180 = LINE('',#3181,#3182);
#3181 = CARTESIAN_POINT('',(4.569757048779,14.8,-11.125));
#3182 = VECTOR('',#3183,1.);
#3183 = DIRECTION('',(0.,0.,1.));
#3184 = PLANE('',#3185);
#3185 = AXIS2_PLACEMENT_3D('',#3186,#3187,#3188);
#3186 = CARTESIAN_POINT('',(4.769757048779,15.,-11.125));
#3187 = DIRECTION('',(-0.707106781187,0.707106781187,0.));
#3188 = DIRECTION('',(0.,0.,1.));
#3189 = ADVANCED_FACE('',(#3190),#3209,.F.);
#3190 = FACE_BOUND('',#3191,.F.);
#3191 = EDGE_LOOP('',(#3192,#3193,#3201,#3208));
#3192 = ORIENTED_EDGE('',*,*,#1617,.F.);
#3193 = ORIENTED_EDGE('',*,*,#3194,.F.);
#3194 = EDGE_CURVE('',#3195,#1618,#3197,.T.);
#3195 = VERTEX_POINT('',#3196);
#3196 = CARTESIAN_POINT('',(-5.186985654607E-02,14.80000000029,
    -11.23742276337));
#3197 = LINE('',#3198,#3199);
#3198 = CARTESIAN_POINT('',(-5.199676187123E-02,14.8,-11.2374227625));
#3199 = VECTOR('',#3200,1.);
#3200 = DIRECTION('',(0.,0.707106781187,0.707106781187));
#3201 = ORIENTED_EDGE('',*,*,#3202,.F.);
#3202 = EDGE_CURVE('',#3170,#3195,#3203,.T.);
#3203 = CIRCLE('',#3204,4.6215);
#3204 = AXIS2_PLACEMENT_3D('',#3205,#3206,#3207);
#3205 = CARTESIAN_POINT('',(-5.174295122091E-02,14.8,-15.8589227625));
#3206 = DIRECTION('',(0.,-1.,0.));
#3207 = DIRECTION('',(0.707106781187,0.,0.707106781187));
#3208 = ORIENTED_EDGE('',*,*,#3169,.T.);
#3209 = CONICAL_SURFACE('',#3210,4.8215,0.785398163397);
#3210 = AXIS2_PLACEMENT_3D('',#3211,#3212,#3213);
#3211 = CARTESIAN_POINT('',(-5.174295122091E-02,15.,-15.8589227625));
#3212 = DIRECTION('',(0.,1.,0.));
#3213 = DIRECTION('',(0.707106781187,-0.,0.707106781187));
#3214 = ADVANCED_FACE('',(#3215),#3234,.F.);
#3215 = FACE_BOUND('',#3216,.F.);
#3216 = EDGE_LOOP('',(#3217,#3218,#3226,#3233));
#3217 = ORIENTED_EDGE('',*,*,#1626,.F.);
#3218 = ORIENTED_EDGE('',*,*,#3219,.F.);
#3219 = EDGE_CURVE('',#3220,#1627,#3222,.T.);
#3220 = VERTEX_POINT('',#3221);
#3221 = CARTESIAN_POINT('',(-4.673496761871,14.8,-15.8589227625));
#3222 = LINE('',#3223,#3224);
#3223 = CARTESIAN_POINT('',(-4.673496761871,14.8,-15.8589227625));
#3224 = VECTOR('',#3225,1.);
#3225 = DIRECTION('',(-0.707106781187,0.707106781187,0.));
#3226 = ORIENTED_EDGE('',*,*,#3227,.F.);
#3227 = EDGE_CURVE('',#3195,#3220,#3228,.T.);
#3228 = CIRCLE('',#3229,4.6215);
#3229 = AXIS2_PLACEMENT_3D('',#3230,#3231,#3232);
#3230 = CARTESIAN_POINT('',(-5.199676187123E-02,14.8,-15.8589227625));
#3231 = DIRECTION('',(0.,-1.,0.));
#3232 = DIRECTION('',(-0.707106781187,0.,0.707106781187));
#3233 = ORIENTED_EDGE('',*,*,#3194,.T.);
#3234 = CONICAL_SURFACE('',#3235,4.8215,0.785398163397);
#3235 = AXIS2_PLACEMENT_3D('',#3236,#3237,#3238);
#3236 = CARTESIAN_POINT('',(-5.199676187123E-02,15.,-15.8589227625));
#3237 = DIRECTION('',(0.,1.,0.));
#3238 = DIRECTION('',(-0.707106781187,0.,0.707106781187));
#3239 = ADVANCED_FACE('',(#3240),#3258,.T.);
#3240 = FACE_BOUND('',#3241,.T.);
#3241 = EDGE_LOOP('',(#3242,#3250,#3251,#3252));
#3242 = ORIENTED_EDGE('',*,*,#3243,.T.);
#3243 = EDGE_CURVE('',#3244,#1477,#3246,.T.);
#3244 = VERTEX_POINT('',#3245);
#3245 = CARTESIAN_POINT('',(-4.673496761871,14.8,-20.25));
#3246 = LINE('',#3247,#3248);
#3247 = CARTESIAN_POINT('',(-4.673496761871,14.8,-20.25));
#3248 = VECTOR('',#3249,1.);
#3249 = DIRECTION('',(-0.707106781187,0.707106781187,0.));
#3250 = ORIENTED_EDGE('',*,*,#1635,.T.);
#3251 = ORIENTED_EDGE('',*,*,#3219,.F.);
#3252 = ORIENTED_EDGE('',*,*,#3253,.T.);
#3253 = EDGE_CURVE('',#3220,#3244,#3254,.T.);
#3254 = LINE('',#3255,#3256);
#3255 = CARTESIAN_POINT('',(-4.673496761871,14.8,-5.61871138125));
#3256 = VECTOR('',#3257,1.);
#3257 = DIRECTION('',(0.,0.,-1.));
#3258 = PLANE('',#3259);
#3259 = AXIS2_PLACEMENT_3D('',#3260,#3261,#3262);
#3260 = CARTESIAN_POINT('',(-4.873496761871,15.,-5.61871138125));
#3261 = DIRECTION('',(0.707106781187,0.707106781187,0.));
#3262 = DIRECTION('',(0.,0.,-1.));
#3263 = ADVANCED_FACE('',(#3264),#3283,.T.);
#3264 = FACE_BOUND('',#3265,.T.);
#3265 = EDGE_LOOP('',(#3266,#3274,#3275,#3276));
#3266 = ORIENTED_EDGE('',*,*,#3267,.T.);
#3267 = EDGE_CURVE('',#3268,#1397,#3270,.T.);
#3268 = VERTEX_POINT('',#3269);
#3269 = CARTESIAN_POINT('',(-4.673496761871,13.2,-21.85));
#3270 = LINE('',#3271,#3272);
#3271 = CARTESIAN_POINT('',(-4.673496761871,13.2,-21.85));
#3272 = VECTOR('',#3273,1.);
#3273 = DIRECTION('',(-0.707106781187,0.,-0.707106781187));
#3274 = ORIENTED_EDGE('',*,*,#1484,.T.);
#3275 = ORIENTED_EDGE('',*,*,#3243,.F.);
#3276 = ORIENTED_EDGE('',*,*,#3277,.T.);
#3277 = EDGE_CURVE('',#3244,#3268,#3278,.T.);
#3278 = CIRCLE('',#3279,1.6);
#3279 = AXIS2_PLACEMENT_3D('',#3280,#3281,#3282);
#3280 = CARTESIAN_POINT('',(-4.673496761871,13.2,-20.25));
#3281 = DIRECTION('',(-1.,0.,0.));
#3282 = DIRECTION('',(0.,0.707106781187,-0.707106781187));
#3283 = CONICAL_SURFACE('',#3284,1.8,0.785398163397);
#3284 = AXIS2_PLACEMENT_3D('',#3285,#3286,#3287);
#3285 = CARTESIAN_POINT('',(-4.873496761871,13.2,-20.25));
#3286 = DIRECTION('',(-1.,0.,0.));
#3287 = DIRECTION('',(0.,0.707106781187,-0.707106781187));
#3288 = ADVANCED_FACE('',(#3289),#3307,.T.);
#3289 = FACE_BOUND('',#3290,.T.);
#3290 = EDGE_LOOP('',(#3291,#3292,#3293,#3301));
#3291 = ORIENTED_EDGE('',*,*,#1404,.T.);
#3292 = ORIENTED_EDGE('',*,*,#3267,.F.);
#3293 = ORIENTED_EDGE('',*,*,#3294,.T.);
#3294 = EDGE_CURVE('',#3268,#3295,#3297,.T.);
#3295 = VERTEX_POINT('',#3296);
#3296 = CARTESIAN_POINT('',(-4.673496761871,8.,-21.85));
#3297 = LINE('',#3298,#3299);
#3298 = CARTESIAN_POINT('',(-4.673496761871,7.6,-21.85));
#3299 = VECTOR('',#3300,1.);
#3300 = DIRECTION('',(0.,-1.,0.));
#3301 = ORIENTED_EDGE('',*,*,#3302,.T.);
#3302 = EDGE_CURVE('',#3295,#1405,#3303,.T.);
#3303 = LINE('',#3304,#3305);
#3304 = CARTESIAN_POINT('',(-4.673496761871,8.,-21.85));
#3305 = VECTOR('',#3306,1.);
#3306 = DIRECTION('',(-0.57735026919,-0.57735026919,-0.57735026919));
#3307 = PLANE('',#3308);
#3308 = AXIS2_PLACEMENT_3D('',#3309,#3310,#3311);
#3309 = CARTESIAN_POINT('',(-4.873496761871,7.6,-22.05));
#3310 = DIRECTION('',(0.707106781187,0.,-0.707106781187));
#3311 = DIRECTION('',(-0.707106781187,0.,-0.707106781187));
#3312 = ADVANCED_FACE('',(#3313),#3324,.T.);
#3313 = FACE_BOUND('',#3314,.T.);
#3314 = EDGE_LOOP('',(#3315,#3316,#3317,#3323));
#3315 = ORIENTED_EDGE('',*,*,#1412,.T.);
#3316 = ORIENTED_EDGE('',*,*,#3302,.F.);
#3317 = ORIENTED_EDGE('',*,*,#3318,.T.);
#3318 = EDGE_CURVE('',#3295,#3108,#3319,.T.);
#3319 = LINE('',#3320,#3321);
#3320 = CARTESIAN_POINT('',(20.624065071727,8.,-21.85));
#3321 = VECTOR('',#3322,1.);
#3322 = DIRECTION('',(1.,0.,-2.150553074334E-16));
#3323 = ORIENTED_EDGE('',*,*,#3124,.F.);
#3324 = PLANE('',#3325);
#3325 = AXIS2_PLACEMENT_3D('',#3326,#3327,#3328);
#3326 = CARTESIAN_POINT('',(20.624065071727,7.8,-22.05));
#3327 = DIRECTION('',(-1.520670662163E-16,0.707106781187,-0.707106781187
    ));
#3328 = DIRECTION('',(-1.,4.930380657631E-32,2.150553074334E-16));
#3329 = ADVANCED_FACE('',(#3330),#3356,.F.);
#3330 = FACE_BOUND('',#3331,.F.);
#3331 = EDGE_LOOP('',(#3332,#3340,#3349,#3355));
#3332 = ORIENTED_EDGE('',*,*,#3333,.T.);
#3333 = EDGE_CURVE('',#3195,#3334,#3336,.T.);
#3334 = VERTEX_POINT('',#3335);
#3335 = CARTESIAN_POINT('',(-5.186985654607E-02,8.,-11.23742276337));
#3336 = LINE('',#3337,#3338);
#3337 = CARTESIAN_POINT('',(-5.199676187123E-02,15.2,-11.2374227625));
#3338 = VECTOR('',#3339,1.);
#3339 = DIRECTION('',(0.,-1.,0.));
#3340 = ORIENTED_EDGE('',*,*,#3341,.T.);
#3341 = EDGE_CURVE('',#3334,#3342,#3344,.T.);
#3342 = VERTEX_POINT('',#3343);
#3343 = CARTESIAN_POINT('',(4.569757048779,8.,-15.8589227625));
#3344 = CIRCLE('',#3345,4.6215);
#3345 = AXIS2_PLACEMENT_3D('',#3346,#3347,#3348);
#3346 = CARTESIAN_POINT('',(-5.174295122091E-02,8.,-15.8589227625));
#3347 = DIRECTION('',(0.,1.,0.));
#3348 = DIRECTION('',(0.707106781187,-0.,0.707106781187));
#3349 = ORIENTED_EDGE('',*,*,#3350,.F.);
#3350 = EDGE_CURVE('',#3170,#3342,#3351,.T.);
#3351 = LINE('',#3352,#3353);
#3352 = CARTESIAN_POINT('',(4.569757048779,15.2,-15.8589227625));
#3353 = VECTOR('',#3354,1.);
#3354 = DIRECTION('',(0.,-1.,0.));
#3355 = ORIENTED_EDGE('',*,*,#3202,.T.);
#3356 = CYLINDRICAL_SURFACE('',#3357,4.6215);
#3357 = AXIS2_PLACEMENT_3D('',#3358,#3359,#3360);
#3358 = CARTESIAN_POINT('',(-5.174295122091E-02,15.2,-15.8589227625));
#3359 = DIRECTION('',(0.,-1.,0.));
#3360 = DIRECTION('',(0.707106781187,0.,0.707106781187));
#3361 = ADVANCED_FACE('',(#3362),#3374,.F.);
#3362 = FACE_BOUND('',#3363,.T.);
#3363 = EDGE_LOOP('',(#3364,#3365,#3366,#3367,#3373));
#3364 = ORIENTED_EDGE('',*,*,#3179,.F.);
#3365 = ORIENTED_EDGE('',*,*,#3154,.F.);
#3366 = ORIENTED_EDGE('',*,*,#3107,.F.);
#3367 = ORIENTED_EDGE('',*,*,#3368,.T.);
#3368 = EDGE_CURVE('',#3108,#3342,#3369,.T.);
#3369 = LINE('',#3370,#3371);
#3370 = CARTESIAN_POINT('',(4.569757048779,8.,-11.2374227625));
#3371 = VECTOR('',#3372,1.);
#3372 = DIRECTION('',(0.,0.,1.));
#3373 = ORIENTED_EDGE('',*,*,#3350,.F.);
#3374 = PLANE('',#3375);
#3375 = AXIS2_PLACEMENT_3D('',#3376,#3377,#3378);
#3376 = CARTESIAN_POINT('',(4.569757048779,15.2,-22.25));
#3377 = DIRECTION('',(1.,0.,0.));
#3378 = DIRECTION('',(0.,0.,1.));
#3379 = ADVANCED_FACE('',(#3380),#3414,.T.);
#3380 = FACE_BOUND('',#3381,.T.);
#3381 = EDGE_LOOP('',(#3382,#3392,#3400,#3408));
#3382 = ORIENTED_EDGE('',*,*,#3383,.T.);
#3383 = EDGE_CURVE('',#3384,#3386,#3388,.T.);
#3384 = VERTEX_POINT('',#3385);
#3385 = CARTESIAN_POINT('',(-4.673496761871,8.,21.85));
#3386 = VERTEX_POINT('',#3387);
#3387 = CARTESIAN_POINT('',(-4.673496761871,13.2,21.85));
#3388 = LINE('',#3389,#3390);
#3389 = CARTESIAN_POINT('',(-4.673496761871,7.6,21.85));
#3390 = VECTOR('',#3391,1.);
#3391 = DIRECTION('',(0.,1.,0.));
#3392 = ORIENTED_EDGE('',*,*,#3393,.T.);
#3393 = EDGE_CURVE('',#3386,#3394,#3396,.T.);
#3394 = VERTEX_POINT('',#3395);
#3395 = CARTESIAN_POINT('',(-5.073496761871,13.2,22.25));
#3396 = LINE('',#3397,#3398);
#3397 = CARTESIAN_POINT('',(-4.673496761871,13.2,21.85));
#3398 = VECTOR('',#3399,1.);
#3399 = DIRECTION('',(-0.707106781187,0.,0.707106781187));
#3400 = ORIENTED_EDGE('',*,*,#3401,.T.);
#3401 = EDGE_CURVE('',#3394,#3402,#3404,.T.);
#3402 = VERTEX_POINT('',#3403);
#3403 = CARTESIAN_POINT('',(-5.073496761871,7.6,22.25));
#3404 = LINE('',#3405,#3406);
#3405 = CARTESIAN_POINT('',(-5.073496761871,7.6,22.25));
#3406 = VECTOR('',#3407,1.);
#3407 = DIRECTION('',(0.,-1.,0.));
#3408 = ORIENTED_EDGE('',*,*,#3409,.T.);
#3409 = EDGE_CURVE('',#3402,#3384,#3410,.T.);
#3410 = LINE('',#3411,#3412);
#3411 = CARTESIAN_POINT('',(-5.073496761871,7.6,22.25));
#3412 = VECTOR('',#3413,1.);
#3413 = DIRECTION('',(0.57735026919,0.57735026919,-0.57735026919));
#3414 = PLANE('',#3415);
#3415 = AXIS2_PLACEMENT_3D('',#3416,#3417,#3418);
#3416 = CARTESIAN_POINT('',(-4.873496761871,7.6,22.05));
#3417 = DIRECTION('',(0.707106781187,0.,0.707106781187));
#3418 = DIRECTION('',(0.707106781187,0.,-0.707106781187));
#3419 = ADVANCED_FACE('',(#3420),#3445,.T.);
#3420 = FACE_BOUND('',#3421,.T.);
#3421 = EDGE_LOOP('',(#3422,#3430,#3437,#3438));
#3422 = ORIENTED_EDGE('',*,*,#3423,.T.);
#3423 = EDGE_CURVE('',#3424,#1671,#3426,.T.);
#3424 = VERTEX_POINT('',#3425);
#3425 = CARTESIAN_POINT('',(-4.673496761871,14.8,20.25));
#3426 = LINE('',#3427,#3428);
#3427 = CARTESIAN_POINT('',(-4.673496761871,14.8,20.25));
#3428 = VECTOR('',#3429,1.);
#3429 = DIRECTION('',(-0.707106781187,0.707106781187,0.));
#3430 = ORIENTED_EDGE('',*,*,#3431,.T.);
#3431 = EDGE_CURVE('',#1671,#3394,#3432,.T.);
#3432 = CIRCLE('',#3433,2.);
#3433 = AXIS2_PLACEMENT_3D('',#3434,#3435,#3436);
#3434 = CARTESIAN_POINT('',(-5.073496761871,13.2,20.25));
#3435 = DIRECTION('',(1.,0.,0.));
#3436 = DIRECTION('',(-0.,0.707106781187,0.707106781187));
#3437 = ORIENTED_EDGE('',*,*,#3393,.F.);
#3438 = ORIENTED_EDGE('',*,*,#3439,.T.);
#3439 = EDGE_CURVE('',#3386,#3424,#3440,.T.);
#3440 = CIRCLE('',#3441,1.6);
#3441 = AXIS2_PLACEMENT_3D('',#3442,#3443,#3444);
#3442 = CARTESIAN_POINT('',(-4.673496761871,13.2,20.25));
#3443 = DIRECTION('',(-1.,0.,0.));
#3444 = DIRECTION('',(0.,0.707106781187,0.707106781187));
#3445 = CONICAL_SURFACE('',#3446,1.8,0.785398163397);
#3446 = AXIS2_PLACEMENT_3D('',#3447,#3448,#3449);
#3447 = CARTESIAN_POINT('',(-4.873496761871,13.2,20.25));
#3448 = DIRECTION('',(-1.,0.,0.));
#3449 = DIRECTION('',(0.,0.707106781187,0.707106781187));
#3450 = ADVANCED_FACE('',(#3451),#3469,.T.);
#3451 = FACE_BOUND('',#3452,.T.);
#3452 = EDGE_LOOP('',(#3453,#3461,#3462,#3463));
#3453 = ORIENTED_EDGE('',*,*,#3454,.T.);
#3454 = EDGE_CURVE('',#3455,#1679,#3457,.T.);
#3455 = VERTEX_POINT('',#3456);
#3456 = CARTESIAN_POINT('',(-4.673496761871,14.8,15.637724534505));
#3457 = LINE('',#3458,#3459);
#3458 = CARTESIAN_POINT('',(-4.673496761871,14.8,15.637724534505));
#3459 = VECTOR('',#3460,1.);
#3460 = DIRECTION('',(-0.707106781187,0.707106781187,0.));
#3461 = ORIENTED_EDGE('',*,*,#1678,.T.);
#3462 = ORIENTED_EDGE('',*,*,#3423,.F.);
#3463 = ORIENTED_EDGE('',*,*,#3464,.T.);
#3464 = EDGE_CURVE('',#3424,#3455,#3465,.T.);
#3465 = LINE('',#3466,#3467);
#3466 = CARTESIAN_POINT('',(-4.673496761871,14.8,11.125));
#3467 = VECTOR('',#3468,1.);
#3468 = DIRECTION('',(0.,0.,-1.));
#3469 = PLANE('',#3470);
#3470 = AXIS2_PLACEMENT_3D('',#3471,#3472,#3473);
#3471 = CARTESIAN_POINT('',(-4.873496761871,15.,11.125));
#3472 = DIRECTION('',(0.707106781187,0.707106781187,0.));
#3473 = DIRECTION('',(0.,0.,-1.));
#3474 = ADVANCED_FACE('',(#3475),#3494,.F.);
#3475 = FACE_BOUND('',#3476,.F.);
#3476 = EDGE_LOOP('',(#3477,#3478,#3486,#3493));
#3477 = ORIENTED_EDGE('',*,*,#1686,.F.);
#3478 = ORIENTED_EDGE('',*,*,#3479,.F.);
#3479 = EDGE_CURVE('',#3480,#1503,#3482,.T.);
#3480 = VERTEX_POINT('',#3481);
#3481 = CARTESIAN_POINT('',(-5.186985654607E-02,14.80000000029,
    11.016224535376));
#3482 = LINE('',#3483,#3484);
#3483 = CARTESIAN_POINT('',(-5.174295122091E-02,14.8,11.016224534505));
#3484 = VECTOR('',#3485,1.);
#3485 = DIRECTION('',(0.,0.707106781187,-0.707106781187));
#3486 = ORIENTED_EDGE('',*,*,#3487,.F.);
#3487 = EDGE_CURVE('',#3455,#3480,#3488,.T.);
#3488 = CIRCLE('',#3489,4.6215);
#3489 = AXIS2_PLACEMENT_3D('',#3490,#3491,#3492);
#3490 = CARTESIAN_POINT('',(-5.199676187123E-02,14.8,15.637724534505));
#3491 = DIRECTION('',(0.,-1.,0.));
#3492 = DIRECTION('',(-0.707106781187,-0.,-0.707106781187));
#3493 = ORIENTED_EDGE('',*,*,#3454,.T.);
#3494 = CONICAL_SURFACE('',#3495,4.8215,0.785398163397);
#3495 = AXIS2_PLACEMENT_3D('',#3496,#3497,#3498);
#3496 = CARTESIAN_POINT('',(-5.199676187123E-02,15.,15.637724534505));
#3497 = DIRECTION('',(0.,1.,0.));
#3498 = DIRECTION('',(-0.707106781187,0.,-0.707106781187));
#3499 = ADVANCED_FACE('',(#3500),#3519,.F.);
#3500 = FACE_BOUND('',#3501,.F.);
#3501 = EDGE_LOOP('',(#3502,#3503,#3511,#3518));
#3502 = ORIENTED_EDGE('',*,*,#1500,.F.);
#3503 = ORIENTED_EDGE('',*,*,#3504,.F.);
#3504 = EDGE_CURVE('',#3505,#1501,#3507,.T.);
#3505 = VERTEX_POINT('',#3506);
#3506 = CARTESIAN_POINT('',(4.569757048779,14.8,15.637724534505));
#3507 = LINE('',#3508,#3509);
#3508 = CARTESIAN_POINT('',(4.569757048779,14.8,15.637724534505));
#3509 = VECTOR('',#3510,1.);
#3510 = DIRECTION('',(0.707106781187,0.707106781187,0.));
#3511 = ORIENTED_EDGE('',*,*,#3512,.F.);
#3512 = EDGE_CURVE('',#3480,#3505,#3513,.T.);
#3513 = CIRCLE('',#3514,4.6215);
#3514 = AXIS2_PLACEMENT_3D('',#3515,#3516,#3517);
#3515 = CARTESIAN_POINT('',(-5.174295122091E-02,14.8,15.637724534505));
#3516 = DIRECTION('',(0.,-1.,0.));
#3517 = DIRECTION('',(0.707106781187,0.,-0.707106781187));
#3518 = ORIENTED_EDGE('',*,*,#3479,.T.);
#3519 = CONICAL_SURFACE('',#3520,4.8215,0.785398163397);
#3520 = AXIS2_PLACEMENT_3D('',#3521,#3522,#3523);
#3521 = CARTESIAN_POINT('',(-5.174295122091E-02,15.,15.637724534505));
#3522 = DIRECTION('',(0.,1.,0.));
#3523 = DIRECTION('',(0.707106781187,0.,-0.707106781187));
#3524 = ADVANCED_FACE('',(#3525),#3543,.T.);
#3525 = FACE_BOUND('',#3526,.T.);
#3526 = EDGE_LOOP('',(#3527,#3535,#3536,#3537));
#3527 = ORIENTED_EDGE('',*,*,#3528,.T.);
#3528 = EDGE_CURVE('',#3529,#1512,#3531,.T.);
#3529 = VERTEX_POINT('',#3530);
#3530 = CARTESIAN_POINT('',(4.569757048779,14.8,20.25));
#3531 = LINE('',#3532,#3533);
#3532 = CARTESIAN_POINT('',(4.569757048779,14.8,20.25));
#3533 = VECTOR('',#3534,1.);
#3534 = DIRECTION('',(0.707106781187,0.707106781187,0.));
#3535 = ORIENTED_EDGE('',*,*,#1511,.T.);
#3536 = ORIENTED_EDGE('',*,*,#3504,.F.);
#3537 = ORIENTED_EDGE('',*,*,#3538,.T.);
#3538 = EDGE_CURVE('',#3505,#3529,#3539,.T.);
#3539 = LINE('',#3540,#3541);
#3540 = CARTESIAN_POINT('',(4.569757048779,14.8,5.508112267253));
#3541 = VECTOR('',#3542,1.);
#3542 = DIRECTION('',(0.,0.,1.));
#3543 = PLANE('',#3544);
#3544 = AXIS2_PLACEMENT_3D('',#3545,#3546,#3547);
#3545 = CARTESIAN_POINT('',(4.769757048779,15.,5.508112267253));
#3546 = DIRECTION('',(-0.707106781187,0.707106781187,0.));
#3547 = DIRECTION('',(0.,0.,1.));
#3548 = ADVANCED_FACE('',(#3549),#3568,.T.);
#3549 = FACE_BOUND('',#3550,.T.);
#3550 = EDGE_LOOP('',(#3551,#3559,#3560,#3561));
#3551 = ORIENTED_EDGE('',*,*,#3552,.T.);
#3552 = EDGE_CURVE('',#3553,#2354,#3555,.T.);
#3553 = VERTEX_POINT('',#3554);
#3554 = CARTESIAN_POINT('',(4.569757048779,13.2,21.85));
#3555 = LINE('',#3556,#3557);
#3556 = CARTESIAN_POINT('',(4.569757048779,13.2,21.85));
#3557 = VECTOR('',#3558,1.);
#3558 = DIRECTION('',(0.707106781187,0.,0.707106781187));
#3559 = ORIENTED_EDGE('',*,*,#2353,.T.);
#3560 = ORIENTED_EDGE('',*,*,#3528,.F.);
#3561 = ORIENTED_EDGE('',*,*,#3562,.T.);
#3562 = EDGE_CURVE('',#3529,#3553,#3563,.T.);
#3563 = CIRCLE('',#3564,1.6);
#3564 = AXIS2_PLACEMENT_3D('',#3565,#3566,#3567);
#3565 = CARTESIAN_POINT('',(4.569757048779,13.2,20.25));
#3566 = DIRECTION('',(1.,0.,0.));
#3567 = DIRECTION('',(-0.,0.707106781187,0.707106781187));
#3568 = CONICAL_SURFACE('',#3569,1.8,0.785398163397);
#3569 = AXIS2_PLACEMENT_3D('',#3570,#3571,#3572);
#3570 = CARTESIAN_POINT('',(4.769757048779,13.2,20.25));
#3571 = DIRECTION('',(1.,0.,0.));
#3572 = DIRECTION('',(-0.,0.707106781187,0.707106781187));
#3573 = ADVANCED_FACE('',(#3574),#3599,.T.);
#3574 = FACE_BOUND('',#3575,.T.);
#3575 = EDGE_LOOP('',(#3576,#3584,#3585,#3593));
#3576 = ORIENTED_EDGE('',*,*,#3577,.T.);
#3577 = EDGE_CURVE('',#3578,#2354,#3580,.T.);
#3578 = VERTEX_POINT('',#3579);
#3579 = CARTESIAN_POINT('',(4.969757048779,7.6,22.25));
#3580 = LINE('',#3581,#3582);
#3581 = CARTESIAN_POINT('',(4.969757048779,7.6,22.25));
#3582 = VECTOR('',#3583,1.);
#3583 = DIRECTION('',(0.,1.,0.));
#3584 = ORIENTED_EDGE('',*,*,#3552,.F.);
#3585 = ORIENTED_EDGE('',*,*,#3586,.T.);
#3586 = EDGE_CURVE('',#3553,#3587,#3589,.T.);
#3587 = VERTEX_POINT('',#3588);
#3588 = CARTESIAN_POINT('',(4.569757048779,8.,21.85));
#3589 = LINE('',#3590,#3591);
#3590 = CARTESIAN_POINT('',(4.569757048779,7.6,21.85));
#3591 = VECTOR('',#3592,1.);
#3592 = DIRECTION('',(0.,-1.,0.));
#3593 = ORIENTED_EDGE('',*,*,#3594,.T.);
#3594 = EDGE_CURVE('',#3587,#3578,#3595,.T.);
#3595 = LINE('',#3596,#3597);
#3596 = CARTESIAN_POINT('',(4.569757048779,8.,21.85));
#3597 = VECTOR('',#3598,1.);
#3598 = DIRECTION('',(0.57735026919,-0.57735026919,0.57735026919));
#3599 = PLANE('',#3600);
#3600 = AXIS2_PLACEMENT_3D('',#3601,#3602,#3603);
#3601 = CARTESIAN_POINT('',(4.769757048779,7.6,22.05));
#3602 = DIRECTION('',(-0.707106781187,0.,0.707106781187));
#3603 = DIRECTION('',(0.707106781187,0.,0.707106781187));
#3604 = ADVANCED_FACE('',(#3605),#3621,.T.);
#3605 = FACE_BOUND('',#3606,.T.);
#3606 = EDGE_LOOP('',(#3607,#3613,#3614,#3620));
#3607 = ORIENTED_EDGE('',*,*,#3608,.T.);
#3608 = EDGE_CURVE('',#3402,#3578,#3609,.T.);
#3609 = LINE('',#3610,#3611);
#3610 = CARTESIAN_POINT('',(-20.67593492827,7.6,22.25));
#3611 = VECTOR('',#3612,1.);
#3612 = DIRECTION('',(1.,0.,-5.376382685836E-17));
#3613 = ORIENTED_EDGE('',*,*,#3594,.F.);
#3614 = ORIENTED_EDGE('',*,*,#3615,.T.);
#3615 = EDGE_CURVE('',#3587,#3384,#3616,.T.);
#3616 = LINE('',#3617,#3618);
#3617 = CARTESIAN_POINT('',(-20.67593492827,8.,21.85));
#3618 = VECTOR('',#3619,1.);
#3619 = DIRECTION('',(-1.,0.,5.376382685836E-17));
#3620 = ORIENTED_EDGE('',*,*,#3409,.F.);
#3621 = PLANE('',#3622);
#3622 = AXIS2_PLACEMENT_3D('',#3623,#3624,#3625);
#3623 = CARTESIAN_POINT('',(-20.67593492827,7.8,22.05));
#3624 = DIRECTION('',(3.801676655409E-17,0.707106781187,0.707106781187)
  );
#3625 = DIRECTION('',(1.,-1.848892746612E-32,-5.376382685836E-17));
#3626 = ADVANCED_FACE('',(#3627),#3653,.F.);
#3627 = FACE_BOUND('',#3628,.F.);
#3628 = EDGE_LOOP('',(#3629,#3637,#3646,#3652));
#3629 = ORIENTED_EDGE('',*,*,#3630,.T.);
#3630 = EDGE_CURVE('',#3480,#3631,#3633,.T.);
#3631 = VERTEX_POINT('',#3632);
#3632 = CARTESIAN_POINT('',(-5.186985654607E-02,8.,11.016224535376));
#3633 = LINE('',#3634,#3635);
#3634 = CARTESIAN_POINT('',(-5.174295122091E-02,15.2,11.016224534505));
#3635 = VECTOR('',#3636,1.);
#3636 = DIRECTION('',(0.,-1.,0.));
#3637 = ORIENTED_EDGE('',*,*,#3638,.T.);
#3638 = EDGE_CURVE('',#3631,#3639,#3641,.T.);
#3639 = VERTEX_POINT('',#3640);
#3640 = CARTESIAN_POINT('',(-4.673496761871,8.,15.637724534505));
#3641 = CIRCLE('',#3642,4.6215);
#3642 = AXIS2_PLACEMENT_3D('',#3643,#3644,#3645);
#3643 = CARTESIAN_POINT('',(-5.199676187123E-02,8.,15.637724534505));
#3644 = DIRECTION('',(0.,1.,0.));
#3645 = DIRECTION('',(-0.707106781187,0.,-0.707106781187));
#3646 = ORIENTED_EDGE('',*,*,#3647,.F.);
#3647 = EDGE_CURVE('',#3455,#3639,#3648,.T.);
#3648 = LINE('',#3649,#3650);
#3649 = CARTESIAN_POINT('',(-4.673496761871,15.2,15.637724534505));
#3650 = VECTOR('',#3651,1.);
#3651 = DIRECTION('',(0.,-1.,0.));
#3652 = ORIENTED_EDGE('',*,*,#3487,.T.);
#3653 = CYLINDRICAL_SURFACE('',#3654,4.6215);
#3654 = AXIS2_PLACEMENT_3D('',#3655,#3656,#3657);
#3655 = CARTESIAN_POINT('',(-5.199676187123E-02,15.2,15.637724534505));
#3656 = DIRECTION('',(0.,-1.,0.));
#3657 = DIRECTION('',(-0.707106781187,-0.,-0.707106781187));
#3658 = ADVANCED_FACE('',(#3659),#3671,.F.);
#3659 = FACE_BOUND('',#3660,.T.);
#3660 = EDGE_LOOP('',(#3661,#3662,#3663,#3664,#3670));
#3661 = ORIENTED_EDGE('',*,*,#3464,.F.);
#3662 = ORIENTED_EDGE('',*,*,#3439,.F.);
#3663 = ORIENTED_EDGE('',*,*,#3383,.F.);
#3664 = ORIENTED_EDGE('',*,*,#3665,.T.);
#3665 = EDGE_CURVE('',#3384,#3639,#3666,.T.);
#3666 = LINE('',#3667,#3668);
#3667 = CARTESIAN_POINT('',(-4.673496761871,8.,11.016224534505));
#3668 = VECTOR('',#3669,1.);
#3669 = DIRECTION('',(0.,0.,-1.));
#3670 = ORIENTED_EDGE('',*,*,#3647,.F.);
#3671 = PLANE('',#3672);
#3672 = AXIS2_PLACEMENT_3D('',#3673,#3674,#3675);
#3673 = CARTESIAN_POINT('',(-4.673496761871,15.2,22.25));
#3674 = DIRECTION('',(-1.,0.,0.));
#3675 = DIRECTION('',(0.,0.,-1.));
#3676 = ADVANCED_FACE('',(#3677),#3706,.T.);
#3677 = FACE_BOUND('',#3678,.T.);
#3678 = EDGE_LOOP('',(#3679,#3680,#3681,#3689,#3695,#3696,#3697,#3698,
    #3699,#3700));
#3679 = ORIENTED_EDGE('',*,*,#768,.F.);
#3680 = ORIENTED_EDGE('',*,*,#965,.F.);
#3681 = ORIENTED_EDGE('',*,*,#3682,.F.);
#3682 = EDGE_CURVE('',#3683,#957,#3685,.T.);
#3683 = VERTEX_POINT('',#3684);
#3684 = CARTESIAN_POINT('',(39.3,2.,22.25));
#3685 = LINE('',#3686,#3687);
#3686 = CARTESIAN_POINT('',(-20.65,2.,22.25));
#3687 = VECTOR('',#3688,1.);
#3688 = DIRECTION('',(-1.,0.,5.376382685836E-17));
#3689 = ORIENTED_EDGE('',*,*,#3690,.F.);
#3690 = EDGE_CURVE('',#2072,#3683,#3691,.T.);
#3691 = LINE('',#3692,#3693);
#3692 = CARTESIAN_POINT('',(39.3,0.,22.25));
#3693 = VECTOR('',#3694,1.);
#3694 = DIRECTION('',(0.,-1.,0.));
#3695 = ORIENTED_EDGE('',*,*,#2196,.F.);
#3696 = ORIENTED_EDGE('',*,*,#2362,.F.);
#3697 = ORIENTED_EDGE('',*,*,#3577,.F.);
#3698 = ORIENTED_EDGE('',*,*,#3608,.F.);
#3699 = ORIENTED_EDGE('',*,*,#3401,.F.);
#3700 = ORIENTED_EDGE('',*,*,#3701,.F.);
#3701 = EDGE_CURVE('',#644,#3394,#3702,.T.);
#3702 = LINE('',#3703,#3704);
#3703 = CARTESIAN_POINT('',(-20.65,13.2,22.25));
#3704 = VECTOR('',#3705,1.);
#3705 = DIRECTION('',(1.,0.,-5.376382685836E-17));
#3706 = PLANE('',#3707);
#3707 = AXIS2_PLACEMENT_3D('',#3708,#3709,#3710);
#3708 = CARTESIAN_POINT('',(-41.3,0.,22.25));
#3709 = DIRECTION('',(5.376382685836E-17,0.,1.));
#3710 = DIRECTION('',(1.,0.,-5.376382685836E-17));
#3711 = ADVANCED_FACE('',(#3712),#3731,.T.);
#3712 = FACE_BOUND('',#3713,.T.);
#3713 = EDGE_LOOP('',(#3714,#3715,#3723,#3730));
#3714 = ORIENTED_EDGE('',*,*,#1053,.F.);
#3715 = ORIENTED_EDGE('',*,*,#3716,.T.);
#3716 = EDGE_CURVE('',#1045,#3717,#3719,.T.);
#3717 = VERTEX_POINT('',#3718);
#3718 = CARTESIAN_POINT('',(-40.9,14.2,-13.3));
#3719 = LINE('',#3720,#3721);
#3720 = CARTESIAN_POINT('',(-40.9,14.2,-11.125));
#3721 = VECTOR('',#3722,1.);
#3722 = DIRECTION('',(0.,0.,-1.));
#3723 = ORIENTED_EDGE('',*,*,#3724,.F.);
#3724 = EDGE_CURVE('',#989,#3717,#3725,.T.);
#3725 = ELLIPSE('',#3726,2.828427124746,2.);
#3726 = AXIS2_PLACEMENT_3D('',#3727,#3728,#3729);
#3727 = CARTESIAN_POINT('',(-39.3,15.8,-14.5));
#3728 = DIRECTION('',(-0.707106781187,0.707106781187,0.));
#3729 = DIRECTION('',(-0.707106781187,-0.707106781187,4.906538933387E-17
    ));
#3730 = ORIENTED_EDGE('',*,*,#988,.T.);
#3731 = PLANE('',#3732);
#3732 = AXIS2_PLACEMENT_3D('',#3733,#3734,#3735);
#3733 = CARTESIAN_POINT('',(-41.1,14.,-11.125));
#3734 = DIRECTION('',(-0.707106781187,0.707106781187,0.));
#3735 = DIRECTION('',(0.,0.,1.));
#3736 = ADVANCED_FACE('',(#3737),#3765,.F.);
#3737 = FACE_BOUND('',#3738,.T.);
#3738 = EDGE_LOOP('',(#3739,#3740,#3741,#3742,#3750,#3758));
#3739 = ORIENTED_EDGE('',*,*,#3716,.F.);
#3740 = ORIENTED_EDGE('',*,*,#1044,.T.);
#3741 = ORIENTED_EDGE('',*,*,#1086,.F.);
#3742 = ORIENTED_EDGE('',*,*,#3743,.F.);
#3743 = EDGE_CURVE('',#3744,#1079,#3746,.T.);
#3744 = VERTEX_POINT('',#3745);
#3745 = CARTESIAN_POINT('',(-31.95,14.2,-12.5));
#3746 = LINE('',#3747,#3748);
#3747 = CARTESIAN_POINT('',(-31.95,14.2,6.25));
#3748 = VECTOR('',#3749,1.);
#3749 = DIRECTION('',(1.7763568394E-16,0.,1.));
#3750 = ORIENTED_EDGE('',*,*,#3751,.F.);
#3751 = EDGE_CURVE('',#3752,#3744,#3754,.T.);
#3752 = VERTEX_POINT('',#3753);
#3753 = CARTESIAN_POINT('',(-39.3,14.2,-12.5));
#3754 = LINE('',#3755,#3756);
#3755 = CARTESIAN_POINT('',(-31.55,14.2,-12.5));
#3756 = VECTOR('',#3757,1.);
#3757 = DIRECTION('',(1.,0.,0.));
#3758 = ORIENTED_EDGE('',*,*,#3759,.T.);
#3759 = EDGE_CURVE('',#3752,#3717,#3760,.T.);
#3760 = CIRCLE('',#3761,2.);
#3761 = AXIS2_PLACEMENT_3D('',#3762,#3763,#3764);
#3762 = CARTESIAN_POINT('',(-39.3,14.2,-14.5));
#3763 = DIRECTION('',(0.,-1.,0.));
#3764 = DIRECTION('',(-0.707106781187,0.,0.707106781187));
#3765 = PLANE('',#3766);
#3766 = AXIS2_PLACEMENT_3D('',#3767,#3768,#3769);
#3767 = CARTESIAN_POINT('',(-41.74303104307,14.2,0.));
#3768 = DIRECTION('',(0.,-1.,0.));
#3769 = DIRECTION('',(0.,0.,-1.));
#3770 = ADVANCED_FACE('',(#3771),#3790,.T.);
#3771 = FACE_BOUND('',#3772,.T.);
#3772 = EDGE_LOOP('',(#3773,#3774,#3782,#3789));
#3773 = ORIENTED_EDGE('',*,*,#2737,.F.);
#3774 = ORIENTED_EDGE('',*,*,#3775,.T.);
#3775 = EDGE_CURVE('',#2729,#3776,#3778,.T.);
#3776 = VERTEX_POINT('',#3777);
#3777 = CARTESIAN_POINT('',(40.9,14.2,13.3));
#3778 = LINE('',#3779,#3780);
#3779 = CARTESIAN_POINT('',(40.9,14.2,11.125));
#3780 = VECTOR('',#3781,1.);
#3781 = DIRECTION('',(0.,0.,1.));
#3782 = ORIENTED_EDGE('',*,*,#3783,.F.);
#3783 = EDGE_CURVE('',#2698,#3776,#3784,.T.);
#3784 = ELLIPSE('',#3785,2.828427124746,2.);
#3785 = AXIS2_PLACEMENT_3D('',#3786,#3787,#3788);
#3786 = CARTESIAN_POINT('',(39.3,15.8,14.5));
#3787 = DIRECTION('',(0.707106781187,0.707106781187,0.));
#3788 = DIRECTION('',(0.707106781187,-0.707106781187,0.));
#3789 = ORIENTED_EDGE('',*,*,#2697,.T.);
#3790 = PLANE('',#3791);
#3791 = AXIS2_PLACEMENT_3D('',#3792,#3793,#3794);
#3792 = CARTESIAN_POINT('',(41.1,14.,11.125));
#3793 = DIRECTION('',(0.707106781187,0.707106781187,0.));
#3794 = DIRECTION('',(0.,0.,-1.));
#3795 = ADVANCED_FACE('',(#3796),#3824,.F.);
#3796 = FACE_BOUND('',#3797,.T.);
#3797 = EDGE_LOOP('',(#3798,#3799,#3800,#3801,#3809,#3817));
#3798 = ORIENTED_EDGE('',*,*,#3775,.F.);
#3799 = ORIENTED_EDGE('',*,*,#2728,.T.);
#3800 = ORIENTED_EDGE('',*,*,#2770,.F.);
#3801 = ORIENTED_EDGE('',*,*,#3802,.F.);
#3802 = EDGE_CURVE('',#3803,#2763,#3805,.T.);
#3803 = VERTEX_POINT('',#3804);
#3804 = CARTESIAN_POINT('',(31.95,14.2,12.5));
#3805 = LINE('',#3806,#3807);
#3806 = CARTESIAN_POINT('',(31.95,14.2,-6.25));
#3807 = VECTOR('',#3808,1.);
#3808 = DIRECTION('',(-1.7763568394E-16,0.,-1.));
#3809 = ORIENTED_EDGE('',*,*,#3810,.F.);
#3810 = EDGE_CURVE('',#3811,#3803,#3813,.T.);
#3811 = VERTEX_POINT('',#3812);
#3812 = CARTESIAN_POINT('',(39.3,14.2,12.5));
#3813 = LINE('',#3814,#3815);
#3814 = CARTESIAN_POINT('',(31.55,14.2,12.5));
#3815 = VECTOR('',#3816,1.);
#3816 = DIRECTION('',(-1.,0.,0.));
#3817 = ORIENTED_EDGE('',*,*,#3818,.T.);
#3818 = EDGE_CURVE('',#3811,#3776,#3819,.T.);
#3819 = CIRCLE('',#3820,2.);
#3820 = AXIS2_PLACEMENT_3D('',#3821,#3822,#3823);
#3821 = CARTESIAN_POINT('',(39.3,14.2,14.5));
#3822 = DIRECTION('',(0.,-1.,0.));
#3823 = DIRECTION('',(0.707106781187,0.,-0.707106781187));
#3824 = PLANE('',#3825);
#3825 = AXIS2_PLACEMENT_3D('',#3826,#3827,#3828);
#3826 = CARTESIAN_POINT('',(39.126318166881,14.2,0.));
#3827 = DIRECTION('',(0.,-1.,0.));
#3828 = DIRECTION('',(0.,0.,-1.));
#3829 = ADVANCED_FACE('',(#3830),#3848,.T.);
#3830 = FACE_BOUND('',#3831,.T.);
#3831 = EDGE_LOOP('',(#3832,#3833,#3841,#3847));
#3832 = ORIENTED_EDGE('',*,*,#1078,.F.);
#3833 = ORIENTED_EDGE('',*,*,#3834,.T.);
#3834 = EDGE_CURVE('',#1071,#3835,#3837,.T.);
#3835 = VERTEX_POINT('',#3836);
#3836 = CARTESIAN_POINT('',(-31.55,14.6,-12.5));
#3837 = LINE('',#3838,#3839);
#3838 = CARTESIAN_POINT('',(-31.55,14.6,6.25));
#3839 = VECTOR('',#3840,1.);
#3840 = DIRECTION('',(-1.7763568394E-16,0.,-1.));
#3841 = ORIENTED_EDGE('',*,*,#3842,.F.);
#3842 = EDGE_CURVE('',#3744,#3835,#3843,.T.);
#3843 = LINE('',#3844,#3845);
#3844 = CARTESIAN_POINT('',(-36.59651552153,9.553484478464,-12.5));
#3845 = VECTOR('',#3846,1.);
#3846 = DIRECTION('',(0.707106781187,0.707106781187,0.));
#3847 = ORIENTED_EDGE('',*,*,#3743,.T.);
#3848 = PLANE('',#3849);
#3849 = AXIS2_PLACEMENT_3D('',#3850,#3851,#3852);
#3850 = CARTESIAN_POINT('',(-31.75,14.4,6.25));
#3851 = DIRECTION('',(-0.707106781187,0.707106781187,1.256073966947E-16)
  );
#3852 = DIRECTION('',(1.7763568394E-16,3.697785493223E-32,1.));
#3853 = ADVANCED_FACE('',(#3854),#3871,.F.);
#3854 = FACE_BOUND('',#3855,.T.);
#3855 = EDGE_LOOP('',(#3856,#3857,#3863,#3864,#3865));
#3856 = ORIENTED_EDGE('',*,*,#1381,.F.);
#3857 = ORIENTED_EDGE('',*,*,#3858,.F.);
#3858 = EDGE_CURVE('',#3752,#1333,#3859,.T.);
#3859 = LINE('',#3860,#3861);
#3860 = CARTESIAN_POINT('',(-39.3,7.6,-12.5));
#3861 = VECTOR('',#3862,1.);
#3862 = DIRECTION('',(0.,1.,0.));
#3863 = ORIENTED_EDGE('',*,*,#3751,.T.);
#3864 = ORIENTED_EDGE('',*,*,#3842,.T.);
#3865 = ORIENTED_EDGE('',*,*,#3866,.F.);
#3866 = EDGE_CURVE('',#1367,#3835,#3867,.T.);
#3867 = LINE('',#3868,#3869);
#3868 = CARTESIAN_POINT('',(-31.55,15.2,-12.5));
#3869 = VECTOR('',#3870,1.);
#3870 = DIRECTION('',(0.,-1.,0.));
#3871 = PLANE('',#3872);
#3872 = AXIS2_PLACEMENT_3D('',#3873,#3874,#3875);
#3873 = CARTESIAN_POINT('',(-51.93606208614,15.2,-12.5));
#3874 = DIRECTION('',(0.,0.,-1.));
#3875 = DIRECTION('',(1.,0.,0.));
#3876 = ADVANCED_FACE('',(#3877),#3899,.T.);
#3877 = FACE_BOUND('',#3878,.T.);
#3878 = EDGE_LOOP('',(#3879,#3885,#3886,#3887,#3888,#3889,#3890,#3896,
    #3897,#3898));
#3879 = ORIENTED_EDGE('',*,*,#3880,.F.);
#3880 = EDGE_CURVE('',#1365,#1807,#3881,.T.);
#3881 = LINE('',#3882,#3883);
#3882 = CARTESIAN_POINT('',(-31.55,26.225,-1.875));
#3883 = VECTOR('',#3884,1.);
#3884 = DIRECTION('',(1.256073966947E-16,0.707106781187,0.707106781187)
  );
#3885 = ORIENTED_EDGE('',*,*,#1364,.T.);
#3886 = ORIENTED_EDGE('',*,*,#3866,.T.);
#3887 = ORIENTED_EDGE('',*,*,#3834,.F.);
#3888 = ORIENTED_EDGE('',*,*,#1070,.F.);
#3889 = ORIENTED_EDGE('',*,*,#915,.T.);
#3890 = ORIENTED_EDGE('',*,*,#3891,.T.);
#3891 = EDGE_CURVE('',#918,#1933,#3892,.T.);
#3892 = LINE('',#3893,#3894);
#3893 = CARTESIAN_POINT('',(-31.55,19.975,8.125));
#3894 = VECTOR('',#3895,1.);
#3895 = DIRECTION('',(-1.256073966947E-16,0.707106781187,-0.707106781187
    ));
#3896 = ORIENTED_EDGE('',*,*,#1947,.F.);
#3897 = ORIENTED_EDGE('',*,*,#1909,.F.);
#3898 = ORIENTED_EDGE('',*,*,#1816,.F.);
#3899 = PLANE('',#3900);
#3900 = AXIS2_PLACEMENT_3D('',#3901,#3902,#3903);
#3901 = CARTESIAN_POINT('',(-31.55,33.5,12.5));
#3902 = DIRECTION('',(-1.,0.,1.7763568394E-16));
#3903 = DIRECTION('',(-1.7763568394E-16,0.,-1.));
#3904 = ADVANCED_FACE('',(#3905),#3916,.T.);
#3905 = FACE_BOUND('',#3906,.T.);
#3906 = EDGE_LOOP('',(#3907,#3908,#3909,#3915));
#3907 = ORIENTED_EDGE('',*,*,#2762,.F.);
#3908 = ORIENTED_EDGE('',*,*,#3091,.T.);
#3909 = ORIENTED_EDGE('',*,*,#3910,.F.);
#3910 = EDGE_CURVE('',#3803,#3084,#3911,.T.);
#3911 = LINE('',#3912,#3913);
#3912 = CARTESIAN_POINT('',(35.288159083441,10.861840916559,12.5));
#3913 = VECTOR('',#3914,1.);
#3914 = DIRECTION('',(-0.707106781187,0.707106781187,0.));
#3915 = ORIENTED_EDGE('',*,*,#3802,.T.);
#3916 = PLANE('',#3917);
#3917 = AXIS2_PLACEMENT_3D('',#3918,#3919,#3920);
#3918 = CARTESIAN_POINT('',(31.75,14.4,-6.25));
#3919 = DIRECTION('',(0.707106781187,0.707106781187,-1.256073966947E-16)
  );
#3920 = DIRECTION('',(-1.7763568394E-16,3.697785493223E-32,-1.));
#3921 = ADVANCED_FACE('',(#3922),#3934,.F.);
#3922 = FACE_BOUND('',#3923,.T.);
#3923 = EDGE_LOOP('',(#3924,#3925,#3931,#3932,#3933));
#3924 = ORIENTED_EDGE('',*,*,#2239,.F.);
#3925 = ORIENTED_EDGE('',*,*,#3926,.F.);
#3926 = EDGE_CURVE('',#3811,#2232,#3927,.T.);
#3927 = LINE('',#3928,#3929);
#3928 = CARTESIAN_POINT('',(39.3,7.6,12.5));
#3929 = VECTOR('',#3930,1.);
#3930 = DIRECTION('',(0.,1.,0.));
#3931 = ORIENTED_EDGE('',*,*,#3810,.T.);
#3932 = ORIENTED_EDGE('',*,*,#3910,.T.);
#3933 = ORIENTED_EDGE('',*,*,#3083,.F.);
#3934 = PLANE('',#3935);
#3935 = AXIS2_PLACEMENT_3D('',#3936,#3937,#3938);
#3936 = CARTESIAN_POINT('',(46.702636333762,15.2,12.5));
#3937 = DIRECTION('',(0.,0.,1.));
#3938 = DIRECTION('',(-1.,0.,0.));
#3939 = ADVANCED_FACE('',(#3940),#3964,.T.);
#3940 = FACE_BOUND('',#3941,.T.);
#3941 = EDGE_LOOP('',(#3942,#3952,#3958));
#3942 = ORIENTED_EDGE('',*,*,#3943,.F.);
#3943 = EDGE_CURVE('',#3944,#3946,#3948,.T.);
#3944 = VERTEX_POINT('',#3945);
#3945 = CARTESIAN_POINT('',(-6.55,15.6,-12.1));
#3946 = VERTEX_POINT('',#3947);
#3947 = CARTESIAN_POINT('',(-6.95,15.6,-12.5));
#3948 = LINE('',#3949,#3950);
#3949 = CARTESIAN_POINT('',(-6.55,15.6,-12.1));
#3950 = VECTOR('',#3951,1.);
#3951 = DIRECTION('',(-0.707106781187,0.,-0.707106781187));
#3952 = ORIENTED_EDGE('',*,*,#3953,.F.);
#3953 = EDGE_CURVE('',#1646,#3944,#3954,.T.);
#3954 = LINE('',#3955,#3956);
#3955 = CARTESIAN_POINT('',(-6.15,15.2,-12.9));
#3956 = VECTOR('',#3957,1.);
#3957 = DIRECTION('',(-0.408248290464,0.408248290464,0.816496580928));
#3958 = ORIENTED_EDGE('',*,*,#3959,.F.);
#3959 = EDGE_CURVE('',#3946,#1646,#3960,.T.);
#3960 = LINE('',#3961,#3962);
#3961 = CARTESIAN_POINT('',(-6.95,15.6,-12.5));
#3962 = VECTOR('',#3963,1.);
#3963 = DIRECTION('',(0.816496580928,-0.408248290464,-0.408248290464));
#3964 = PLANE('',#3965);
#3965 = AXIS2_PLACEMENT_3D('',#3966,#3967,#3968);
#3966 = CARTESIAN_POINT('',(-6.15,15.2,-12.9));
#3967 = DIRECTION('',(0.301511344578,0.904534033733,-0.301511344578));
#3968 = DIRECTION('',(1.387778780781E-17,0.316227766017,0.948683298051)
  );
#3969 = ADVANCED_FACE('',(#3970),#3985,.T.);
#3970 = FACE_BOUND('',#3971,.T.);
#3971 = EDGE_LOOP('',(#3972,#3973,#3979));
#3972 = ORIENTED_EDGE('',*,*,#2031,.F.);
#3973 = ORIENTED_EDGE('',*,*,#3974,.F.);
#3974 = EDGE_CURVE('',#1654,#2024,#3975,.T.);
#3975 = LINE('',#3976,#3977);
#3976 = CARTESIAN_POINT('',(-6.15,15.2,12.9));
#3977 = VECTOR('',#3978,1.);
#3978 = DIRECTION('',(-0.816496580928,0.408248290464,-0.408248290464));
#3979 = ORIENTED_EDGE('',*,*,#3980,.F.);
#3980 = EDGE_CURVE('',#2032,#1654,#3981,.T.);
#3981 = LINE('',#3982,#3983);
#3982 = CARTESIAN_POINT('',(-6.55,15.6,12.1));
#3983 = VECTOR('',#3984,1.);
#3984 = DIRECTION('',(0.408248290464,-0.408248290464,0.816496580928));
#3985 = PLANE('',#3986);
#3986 = AXIS2_PLACEMENT_3D('',#3987,#3988,#3989);
#3987 = CARTESIAN_POINT('',(-6.15,15.2,12.9));
#3988 = DIRECTION('',(0.301511344578,0.904534033733,0.301511344578));
#3989 = DIRECTION('',(-6.938893903907E-17,-0.316227766017,0.948683298051
    ));
#3990 = ADVANCED_FACE('',(#3991),#3998,.T.);
#3991 = FACE_BOUND('',#3992,.T.);
#3992 = EDGE_LOOP('',(#3993,#3994,#3995,#3996,#3997));
#3993 = ORIENTED_EDGE('',*,*,#3891,.F.);
#3994 = ORIENTED_EDGE('',*,*,#1661,.T.);
#3995 = ORIENTED_EDGE('',*,*,#3974,.T.);
#3996 = ORIENTED_EDGE('',*,*,#2056,.T.);
#3997 = ORIENTED_EDGE('',*,*,#1930,.T.);
#3998 = PLANE('',#3999);
#3999 = AXIS2_PLACEMENT_3D('',#4000,#4001,#4002);
#4000 = CARTESIAN_POINT('',(-3.275,15.4,12.7));
#4001 = DIRECTION('',(0.,0.707106781187,0.707106781187));
#4002 = DIRECTION('',(1.,0.,-0.));
#4003 = ADVANCED_FACE('',(#4004),#4015,.T.);
#4004 = FACE_BOUND('',#4005,.T.);
#4005 = EDGE_LOOP('',(#4006,#4007,#4008,#4009));
#4006 = ORIENTED_EDGE('',*,*,#3980,.T.);
#4007 = ORIENTED_EDGE('',*,*,#1653,.T.);
#4008 = ORIENTED_EDGE('',*,*,#3953,.T.);
#4009 = ORIENTED_EDGE('',*,*,#4010,.T.);
#4010 = EDGE_CURVE('',#3944,#2032,#4011,.T.);
#4011 = LINE('',#4012,#4013);
#4012 = CARTESIAN_POINT('',(-6.55,15.6,-6.25));
#4013 = VECTOR('',#4014,1.);
#4014 = DIRECTION('',(2.6645352591E-16,0.,1.));
#4015 = PLANE('',#4016);
#4016 = AXIS2_PLACEMENT_3D('',#4017,#4018,#4019);
#4017 = CARTESIAN_POINT('',(-6.35,15.4,-6.25));
#4018 = DIRECTION('',(0.707106781187,0.707106781187,-1.884110950421E-16)
  );
#4019 = DIRECTION('',(-2.6645352591E-16,2.958228394579E-31,-1.));
#4020 = ADVANCED_FACE('',(#4021),#4038,.T.);
#4021 = FACE_BOUND('',#4022,.T.);
#4022 = EDGE_LOOP('',(#4023,#4024,#4025,#4031,#4032));
#4023 = ORIENTED_EDGE('',*,*,#1767,.F.);
#4024 = ORIENTED_EDGE('',*,*,#2008,.F.);
#4025 = ORIENTED_EDGE('',*,*,#4026,.T.);
#4026 = EDGE_CURVE('',#2001,#3944,#4027,.T.);
#4027 = LINE('',#4028,#4029);
#4028 = CARTESIAN_POINT('',(-6.55,33.5,-12.1));
#4029 = VECTOR('',#4030,1.);
#4030 = DIRECTION('',(0.,-1.,0.));
#4031 = ORIENTED_EDGE('',*,*,#3943,.T.);
#4032 = ORIENTED_EDGE('',*,*,#4033,.T.);
#4033 = EDGE_CURVE('',#3946,#1770,#4034,.T.);
#4034 = LINE('',#4035,#4036);
#4035 = CARTESIAN_POINT('',(-6.95,33.5,-12.5));
#4036 = VECTOR('',#4037,1.);
#4037 = DIRECTION('',(0.,1.,0.));
#4038 = PLANE('',#4039);
#4039 = AXIS2_PLACEMENT_3D('',#4040,#4041,#4042);
#4040 = CARTESIAN_POINT('',(-6.75,33.5,-12.3));
#4041 = DIRECTION('',(0.707106781187,0.,-0.707106781187));
#4042 = DIRECTION('',(-0.707106781187,0.,-0.707106781187));
#4043 = ADVANCED_FACE('',(#4044),#4056,.T.);
#4044 = FACE_BOUND('',#4045,.T.);
#4045 = EDGE_LOOP('',(#4046,#4047,#4048,#4054,#4055));
#4046 = ORIENTED_EDGE('',*,*,#3880,.T.);
#4047 = ORIENTED_EDGE('',*,*,#1806,.T.);
#4048 = ORIENTED_EDGE('',*,*,#4049,.T.);
#4049 = EDGE_CURVE('',#1809,#3946,#4050,.T.);
#4050 = LINE('',#4051,#4052);
#4051 = CARTESIAN_POINT('',(-15.775,15.6,-12.5));
#4052 = VECTOR('',#4053,1.);
#4053 = DIRECTION('',(1.,0.,8.881784197001E-17));
#4054 = ORIENTED_EDGE('',*,*,#3959,.T.);
#4055 = ORIENTED_EDGE('',*,*,#1645,.T.);
#4056 = PLANE('',#4057);
#4057 = AXIS2_PLACEMENT_3D('',#4058,#4059,#4060);
#4058 = CARTESIAN_POINT('',(-15.775,15.4,-12.7));
#4059 = DIRECTION('',(6.280369834735E-17,0.707106781187,-0.707106781187)
  );
#4060 = DIRECTION('',(-1.,-3.697785493223E-32,-8.881784197001E-17));
#4061 = ADVANCED_FACE('',(#4062),#4068,.T.);
#4062 = FACE_BOUND('',#4063,.T.);
#4063 = EDGE_LOOP('',(#4064,#4065,#4066,#4067));
#4064 = ORIENTED_EDGE('',*,*,#1777,.F.);
#4065 = ORIENTED_EDGE('',*,*,#4033,.F.);
#4066 = ORIENTED_EDGE('',*,*,#4049,.F.);
#4067 = ORIENTED_EDGE('',*,*,#1823,.F.);
#4068 = PLANE('',#4069);
#4069 = AXIS2_PLACEMENT_3D('',#4070,#4071,#4072);
#4070 = CARTESIAN_POINT('',(-31.55,33.5,-12.5));
#4071 = DIRECTION('',(8.881784197001E-17,0.,-1.));
#4072 = DIRECTION('',(1.,0.,8.881784197001E-17));
#4073 = ADVANCED_FACE('',(#4074),#4080,.T.);
#4074 = FACE_BOUND('',#4075,.T.);
#4075 = EDGE_LOOP('',(#4076,#4077,#4078,#4079));
#4076 = ORIENTED_EDGE('',*,*,#4010,.F.);
#4077 = ORIENTED_EDGE('',*,*,#4026,.F.);
#4078 = ORIENTED_EDGE('',*,*,#2000,.F.);
#4079 = ORIENTED_EDGE('',*,*,#2039,.F.);
#4080 = PLANE('',#4081);
#4081 = AXIS2_PLACEMENT_3D('',#4082,#4083,#4084);
#4082 = CARTESIAN_POINT('',(-6.55,33.5,-12.5));
#4083 = DIRECTION('',(1.,0.,-2.6645352591E-16));
#4084 = DIRECTION('',(2.6645352591E-16,0.,1.));
#4085 = ADVANCED_FACE('',(#4086),#4110,.T.);
#4086 = FACE_BOUND('',#4087,.T.);
#4087 = EDGE_LOOP('',(#4088,#4098,#4104));
#4088 = ORIENTED_EDGE('',*,*,#4089,.F.);
#4089 = EDGE_CURVE('',#4090,#4092,#4094,.T.);
#4090 = VERTEX_POINT('',#4091);
#4091 = CARTESIAN_POINT('',(6.55,15.6,12.1));
#4092 = VERTEX_POINT('',#4093);
#4093 = CARTESIAN_POINT('',(6.95,15.6,12.5));
#4094 = LINE('',#4095,#4096);
#4095 = CARTESIAN_POINT('',(6.55,15.6,12.1));
#4096 = VECTOR('',#4097,1.);
#4097 = DIRECTION('',(0.707106781187,0.,0.707106781187));
#4098 = ORIENTED_EDGE('',*,*,#4099,.F.);
#4099 = EDGE_CURVE('',#1553,#4090,#4100,.T.);
#4100 = LINE('',#4101,#4102);
#4101 = CARTESIAN_POINT('',(6.15,15.2,12.9));
#4102 = VECTOR('',#4103,1.);
#4103 = DIRECTION('',(0.408248290464,0.408248290464,-0.816496580928));
#4104 = ORIENTED_EDGE('',*,*,#4105,.F.);
#4105 = EDGE_CURVE('',#4092,#1553,#4106,.T.);
#4106 = LINE('',#4107,#4108);
#4107 = CARTESIAN_POINT('',(6.95,15.6,12.5));
#4108 = VECTOR('',#4109,1.);
#4109 = DIRECTION('',(-0.816496580928,-0.408248290464,0.408248290464));
#4110 = PLANE('',#4111);
#4111 = AXIS2_PLACEMENT_3D('',#4112,#4113,#4114);
#4112 = CARTESIAN_POINT('',(6.15,15.2,12.9));
#4113 = DIRECTION('',(-0.301511344578,0.904534033733,0.301511344578));
#4114 = DIRECTION('',(9.71445146547E-17,-0.316227766017,0.948683298051)
  );
#4115 = ADVANCED_FACE('',(#4116),#4131,.T.);
#4116 = FACE_BOUND('',#4117,.T.);
#4117 = EDGE_LOOP('',(#4118,#4124,#4130));
#4118 = ORIENTED_EDGE('',*,*,#4119,.F.);
#4119 = EDGE_CURVE('',#1561,#3013,#4120,.T.);
#4120 = LINE('',#4121,#4122);
#4121 = CARTESIAN_POINT('',(6.15,15.2,-12.9));
#4122 = VECTOR('',#4123,1.);
#4123 = DIRECTION('',(0.816496580928,0.408248290464,0.408248290464));
#4124 = ORIENTED_EDGE('',*,*,#4125,.F.);
#4125 = EDGE_CURVE('',#3021,#1561,#4126,.T.);
#4126 = LINE('',#4127,#4128);
#4127 = CARTESIAN_POINT('',(6.55,15.6,-12.1));
#4128 = VECTOR('',#4129,1.);
#4129 = DIRECTION('',(-0.408248290464,-0.408248290464,-0.816496580928));
#4130 = ORIENTED_EDGE('',*,*,#3020,.F.);
#4131 = PLANE('',#4132);
#4132 = AXIS2_PLACEMENT_3D('',#4133,#4134,#4135);
#4133 = CARTESIAN_POINT('',(6.55,15.6,-12.1));
#4134 = DIRECTION('',(-0.301511344578,0.904534033733,-0.301511344578));
#4135 = DIRECTION('',(-9.71445146547E-17,0.316227766017,0.948683298051)
  );
#4136 = ADVANCED_FACE('',(#4137),#4148,.T.);
#4137 = FACE_BOUND('',#4138,.T.);
#4138 = EDGE_LOOP('',(#4139,#4140,#4141,#4142));
#4139 = ORIENTED_EDGE('',*,*,#4125,.T.);
#4140 = ORIENTED_EDGE('',*,*,#1560,.T.);
#4141 = ORIENTED_EDGE('',*,*,#4099,.T.);
#4142 = ORIENTED_EDGE('',*,*,#4143,.T.);
#4143 = EDGE_CURVE('',#4090,#3021,#4144,.T.);
#4144 = LINE('',#4145,#4146);
#4145 = CARTESIAN_POINT('',(6.55,15.6,6.25));
#4146 = VECTOR('',#4147,1.);
#4147 = DIRECTION('',(1.7763568394E-16,0.,-1.));
#4148 = PLANE('',#4149);
#4149 = AXIS2_PLACEMENT_3D('',#4150,#4151,#4152);
#4150 = CARTESIAN_POINT('',(6.35,15.4,6.25));
#4151 = DIRECTION('',(-0.707106781187,0.707106781187,-1.256073966947E-16
    ));
#4152 = DIRECTION('',(-1.7763568394E-16,-3.697785493223E-32,1.));
#4153 = ADVANCED_FACE('',(#4154),#4161,.T.);
#4154 = FACE_BOUND('',#4155,.T.);
#4155 = EDGE_LOOP('',(#4156,#4157,#4158,#4159,#4160));
#4156 = ORIENTED_EDGE('',*,*,#3067,.F.);
#4157 = ORIENTED_EDGE('',*,*,#1568,.T.);
#4158 = ORIENTED_EDGE('',*,*,#4119,.T.);
#4159 = ORIENTED_EDGE('',*,*,#3052,.T.);
#4160 = ORIENTED_EDGE('',*,*,#2910,.T.);
#4161 = PLANE('',#4162);
#4162 = AXIS2_PLACEMENT_3D('',#4163,#4164,#4165);
#4163 = CARTESIAN_POINT('',(3.275,15.4,-12.7));
#4164 = DIRECTION('',(-6.280369834735E-17,0.707106781187,-0.707106781187
    ));
#4165 = DIRECTION('',(-1.,1.848892746612E-32,8.881784197001E-17));
#4166 = ADVANCED_FACE('',(#4167),#4192,.T.);
#4167 = FACE_BOUND('',#4168,.T.);
#4168 = EDGE_LOOP('',(#4169,#4170,#4171,#4179,#4185,#4186));
#4169 = ORIENTED_EDGE('',*,*,#2849,.F.);
#4170 = ORIENTED_EDGE('',*,*,#3036,.F.);
#4171 = ORIENTED_EDGE('',*,*,#4172,.T.);
#4172 = EDGE_CURVE('',#3029,#4173,#4175,.T.);
#4173 = VERTEX_POINT('',#4174);
#4174 = CARTESIAN_POINT('',(6.55,33.1,12.1));
#4175 = LINE('',#4176,#4177);
#4176 = CARTESIAN_POINT('',(6.55,33.1,6.25));
#4177 = VECTOR('',#4178,1.);
#4178 = DIRECTION('',(-1.7763568394E-16,0.,1.));
#4179 = ORIENTED_EDGE('',*,*,#4180,.T.);
#4180 = EDGE_CURVE('',#4173,#2942,#4181,.T.);
#4181 = LINE('',#4182,#4183);
#4182 = CARTESIAN_POINT('',(6.55,33.1,12.1));
#4183 = VECTOR('',#4184,1.);
#4184 = DIRECTION('',(0.57735026919,0.57735026919,0.57735026919));
#4185 = ORIENTED_EDGE('',*,*,#2966,.F.);
#4186 = ORIENTED_EDGE('',*,*,#4187,.T.);
#4187 = EDGE_CURVE('',#2959,#2852,#4188,.T.);
#4188 = LINE('',#4189,#4190);
#4189 = CARTESIAN_POINT('',(6.95,33.5,6.25));
#4190 = VECTOR('',#4191,1.);
#4191 = DIRECTION('',(1.7763568394E-16,0.,-1.));
#4192 = PLANE('',#4193);
#4193 = AXIS2_PLACEMENT_3D('',#4194,#4195,#4196);
#4194 = CARTESIAN_POINT('',(6.75,33.3,6.25));
#4195 = DIRECTION('',(-0.707106781187,0.707106781187,-1.256073966947E-16
    ));
#4196 = DIRECTION('',(-1.7763568394E-16,-3.697785493223E-32,1.));
#4197 = ADVANCED_FACE('',(#4198),#4215,.T.);
#4198 = FACE_BOUND('',#4199,.T.);
#4199 = EDGE_LOOP('',(#4200,#4201,#4202,#4208,#4209));
#4200 = ORIENTED_EDGE('',*,*,#2941,.F.);
#4201 = ORIENTED_EDGE('',*,*,#4180,.F.);
#4202 = ORIENTED_EDGE('',*,*,#4203,.T.);
#4203 = EDGE_CURVE('',#4173,#4090,#4204,.T.);
#4204 = LINE('',#4205,#4206);
#4205 = CARTESIAN_POINT('',(6.55,33.5,12.1));
#4206 = VECTOR('',#4207,1.);
#4207 = DIRECTION('',(0.,-1.,0.));
#4208 = ORIENTED_EDGE('',*,*,#4089,.T.);
#4209 = ORIENTED_EDGE('',*,*,#4210,.T.);
#4210 = EDGE_CURVE('',#4092,#2944,#4211,.T.);
#4211 = LINE('',#4212,#4213);
#4212 = CARTESIAN_POINT('',(6.95,33.5,12.5));
#4213 = VECTOR('',#4214,1.);
#4214 = DIRECTION('',(0.,1.,0.));
#4215 = PLANE('',#4216);
#4216 = AXIS2_PLACEMENT_3D('',#4217,#4218,#4219);
#4217 = CARTESIAN_POINT('',(6.75,33.5,12.3));
#4218 = DIRECTION('',(-0.707106781187,0.,0.707106781187));
#4219 = DIRECTION('',(0.707106781187,0.,0.707106781187));
#4220 = ADVANCED_FACE('',(#4221),#4233,.T.);
#4221 = FACE_BOUND('',#4222,.T.);
#4222 = EDGE_LOOP('',(#4223,#4224,#4225,#4231,#4232));
#4223 = ORIENTED_EDGE('',*,*,#3076,.T.);
#4224 = ORIENTED_EDGE('',*,*,#2980,.T.);
#4225 = ORIENTED_EDGE('',*,*,#4226,.T.);
#4226 = EDGE_CURVE('',#2983,#4092,#4227,.T.);
#4227 = LINE('',#4228,#4229);
#4228 = CARTESIAN_POINT('',(15.775,15.6,12.5));
#4229 = VECTOR('',#4230,1.);
#4230 = DIRECTION('',(-1.,0.,0.));
#4231 = ORIENTED_EDGE('',*,*,#4105,.T.);
#4232 = ORIENTED_EDGE('',*,*,#1552,.T.);
#4233 = PLANE('',#4234);
#4234 = AXIS2_PLACEMENT_3D('',#4235,#4236,#4237);
#4235 = CARTESIAN_POINT('',(15.775,15.4,12.7));
#4236 = DIRECTION('',(0.,0.707106781187,0.707106781187));
#4237 = DIRECTION('',(1.,0.,-0.));
#4238 = ADVANCED_FACE('',(#4239,#4245),#4256,.F.);
#4239 = FACE_BOUND('',#4240,.T.);
#4240 = EDGE_LOOP('',(#4241,#4242,#4243,#4244));
#4241 = ORIENTED_EDGE('',*,*,#2859,.F.);
#4242 = ORIENTED_EDGE('',*,*,#4187,.F.);
#4243 = ORIENTED_EDGE('',*,*,#2958,.F.);
#4244 = ORIENTED_EDGE('',*,*,#2896,.F.);
#4245 = FACE_BOUND('',#4246,.T.);
#4246 = EDGE_LOOP('',(#4247));
#4247 = ORIENTED_EDGE('',*,*,#4248,.T.);
#4248 = EDGE_CURVE('',#4249,#4249,#4251,.T.);
#4249 = VERTEX_POINT('',#4250);
#4250 = CARTESIAN_POINT('',(9.55,33.5,1.16341445919E-15));
#4251 = CIRCLE('',#4252,9.5);
#4252 = AXIS2_PLACEMENT_3D('',#4253,#4254,#4255);
#4253 = CARTESIAN_POINT('',(19.05,33.5,0.));
#4254 = DIRECTION('',(0.,-1.,0.));
#4255 = DIRECTION('',(1.,0.,0.));
#4256 = PLANE('',#4257);
#4257 = AXIS2_PLACEMENT_3D('',#4258,#4259,#4260);
#4258 = CARTESIAN_POINT('',(19.05,33.5,0.));
#4259 = DIRECTION('',(0.,-1.,0.));
#4260 = DIRECTION('',(0.,0.,-1.));
#4261 = ADVANCED_FACE('',(#4262),#4268,.T.);
#4262 = FACE_BOUND('',#4263,.T.);
#4263 = EDGE_LOOP('',(#4264,#4265,#4266,#4267));
#4264 = ORIENTED_EDGE('',*,*,#2951,.F.);
#4265 = ORIENTED_EDGE('',*,*,#4210,.F.);
#4266 = ORIENTED_EDGE('',*,*,#4226,.F.);
#4267 = ORIENTED_EDGE('',*,*,#2997,.F.);
#4268 = PLANE('',#4269);
#4269 = AXIS2_PLACEMENT_3D('',#4270,#4271,#4272);
#4270 = CARTESIAN_POINT('',(31.55,33.5,12.5));
#4271 = DIRECTION('',(0.,0.,1.));
#4272 = DIRECTION('',(-1.,0.,0.));
#4273 = ADVANCED_FACE('',(#4274),#4280,.T.);
#4274 = FACE_BOUND('',#4275,.T.);
#4275 = EDGE_LOOP('',(#4276,#4277,#4278,#4279));
#4276 = ORIENTED_EDGE('',*,*,#4143,.F.);
#4277 = ORIENTED_EDGE('',*,*,#4203,.F.);
#4278 = ORIENTED_EDGE('',*,*,#4172,.F.);
#4279 = ORIENTED_EDGE('',*,*,#3028,.F.);
#4280 = PLANE('',#4281);
#4281 = AXIS2_PLACEMENT_3D('',#4282,#4283,#4284);
#4282 = CARTESIAN_POINT('',(6.55,33.5,12.5));
#4283 = DIRECTION('',(-1.,0.,-1.7763568394E-16));
#4284 = DIRECTION('',(1.7763568394E-16,0.,-1.));
#4285 = ADVANCED_FACE('',(#4286),#4305,.T.);
#4286 = FACE_BOUND('',#4287,.T.);
#4287 = EDGE_LOOP('',(#4288,#4289,#4298));
#4288 = ORIENTED_EDGE('',*,*,#956,.T.);
#4289 = ORIENTED_EDGE('',*,*,#4290,.T.);
#4290 = EDGE_CURVE('',#949,#4291,#4293,.T.);
#4291 = VERTEX_POINT('',#4292);
#4292 = CARTESIAN_POINT('',(-39.3,0.,20.25));
#4293 = CIRCLE('',#4294,2.);
#4294 = AXIS2_PLACEMENT_3D('',#4295,#4296,#4297);
#4295 = CARTESIAN_POINT('',(-39.3,2.,20.25));
#4296 = DIRECTION('',(0.,0.,1.));
#4297 = DIRECTION('',(0.,-1.,0.));
#4298 = ORIENTED_EDGE('',*,*,#4299,.T.);
#4299 = EDGE_CURVE('',#4291,#957,#4300,.T.);
#4300 = CIRCLE('',#4301,2.);
#4301 = AXIS2_PLACEMENT_3D('',#4302,#4303,#4304);
#4302 = CARTESIAN_POINT('',(-39.3,2.,20.25));
#4303 = DIRECTION('',(-1.,2.22044604925E-15,0.));
#4304 = DIRECTION('',(0.,0.,1.));
#4305 = SPHERICAL_SURFACE('',#4306,2.);
#4306 = AXIS2_PLACEMENT_3D('',#4307,#4308,#4309);
#4307 = CARTESIAN_POINT('',(-39.3,2.,20.25));
#4308 = DIRECTION('',(0.408248290464,-0.816496580928,-0.408248290464));
#4309 = DIRECTION('',(-0.57735026919,-0.57735026919,0.57735026919));
#4310 = ADVANCED_FACE('',(#4311),#4336,.T.);
#4311 = FACE_BOUND('',#4312,.T.);
#4312 = EDGE_LOOP('',(#4313,#4322,#4329));
#4313 = ORIENTED_EDGE('',*,*,#4314,.T.);
#4314 = EDGE_CURVE('',#3683,#4315,#4317,.T.);
#4315 = VERTEX_POINT('',#4316);
#4316 = CARTESIAN_POINT('',(39.3,0.,20.25));
#4317 = CIRCLE('',#4318,2.);
#4318 = AXIS2_PLACEMENT_3D('',#4319,#4320,#4321);
#4319 = CARTESIAN_POINT('',(39.3,2.,20.25));
#4320 = DIRECTION('',(1.,0.,0.));
#4321 = DIRECTION('',(0.,-1.,0.));
#4322 = ORIENTED_EDGE('',*,*,#4323,.T.);
#4323 = EDGE_CURVE('',#4315,#2674,#4324,.T.);
#4324 = CIRCLE('',#4325,2.);
#4325 = AXIS2_PLACEMENT_3D('',#4326,#4327,#4328);
#4326 = CARTESIAN_POINT('',(39.3,2.,20.25));
#4327 = DIRECTION('',(0.,-4.440892098501E-15,1.));
#4328 = DIRECTION('',(1.,0.,0.));
#4329 = ORIENTED_EDGE('',*,*,#4330,.T.);
#4330 = EDGE_CURVE('',#2674,#3683,#4331,.T.);
#4331 = CIRCLE('',#4332,2.);
#4332 = AXIS2_PLACEMENT_3D('',#4333,#4334,#4335);
#4333 = CARTESIAN_POINT('',(39.3,2.,20.25));
#4334 = DIRECTION('',(0.,-1.,0.));
#4335 = DIRECTION('',(0.,0.,1.));
#4336 = SPHERICAL_SURFACE('',#4337,2.);
#4337 = AXIS2_PLACEMENT_3D('',#4338,#4339,#4340);
#4338 = CARTESIAN_POINT('',(39.3,2.,20.25));
#4339 = DIRECTION('',(-0.816496580928,-0.408248290464,0.408248290464));
#4340 = DIRECTION('',(0.57735026919,-0.57735026919,0.57735026919));
#4341 = ADVANCED_FACE('',(#4342),#4367,.T.);
#4342 = FACE_BOUND('',#4343,.T.);
#4343 = EDGE_LOOP('',(#4344,#4351,#4360));
#4344 = ORIENTED_EDGE('',*,*,#4345,.T.);
#4345 = EDGE_CURVE('',#1013,#1453,#4346,.T.);
#4346 = CIRCLE('',#4347,2.);
#4347 = AXIS2_PLACEMENT_3D('',#4348,#4349,#4350);
#4348 = CARTESIAN_POINT('',(-39.3,2.,-20.25));
#4349 = DIRECTION('',(0.,-1.,0.));
#4350 = DIRECTION('',(0.,0.,-1.));
#4351 = ORIENTED_EDGE('',*,*,#4352,.T.);
#4352 = EDGE_CURVE('',#1453,#4353,#4355,.T.);
#4353 = VERTEX_POINT('',#4354);
#4354 = CARTESIAN_POINT('',(-39.3,0.,-20.25));
#4355 = CIRCLE('',#4356,2.);
#4356 = AXIS2_PLACEMENT_3D('',#4357,#4358,#4359);
#4357 = CARTESIAN_POINT('',(-39.3,2.,-20.25));
#4358 = DIRECTION('',(-1.,0.,4.440892098501E-15));
#4359 = DIRECTION('',(0.,-1.,0.));
#4360 = ORIENTED_EDGE('',*,*,#4361,.T.);
#4361 = EDGE_CURVE('',#4353,#1013,#4362,.T.);
#4362 = CIRCLE('',#4363,2.);
#4363 = AXIS2_PLACEMENT_3D('',#4364,#4365,#4366);
#4364 = CARTESIAN_POINT('',(-39.3,2.,-20.25));
#4365 = DIRECTION('',(0.,0.,-1.));
#4366 = DIRECTION('',(-1.,0.,0.));
#4367 = SPHERICAL_SURFACE('',#4368,2.);
#4368 = AXIS2_PLACEMENT_3D('',#4369,#4370,#4371);
#4369 = CARTESIAN_POINT('',(-39.3,2.,-20.25));
#4370 = DIRECTION('',(0.408248290464,0.408248290464,-0.816496580928));
#4371 = DIRECTION('',(-0.57735026919,-0.57735026919,-0.57735026919));
#4372 = ADVANCED_FACE('',(#4373),#4392,.T.);
#4373 = FACE_BOUND('',#4374,.T.);
#4374 = EDGE_LOOP('',(#4375,#4376,#4385));
#4375 = ORIENTED_EDGE('',*,*,#2656,.T.);
#4376 = ORIENTED_EDGE('',*,*,#4377,.T.);
#4377 = EDGE_CURVE('',#2649,#4378,#4380,.T.);
#4378 = VERTEX_POINT('',#4379);
#4379 = CARTESIAN_POINT('',(39.3,0.,-20.25));
#4380 = CIRCLE('',#4381,2.);
#4381 = AXIS2_PLACEMENT_3D('',#4382,#4383,#4384);
#4382 = CARTESIAN_POINT('',(39.3,2.,-20.25));
#4383 = DIRECTION('',(0.,0.,-1.));
#4384 = DIRECTION('',(0.,-1.,0.));
#4385 = ORIENTED_EDGE('',*,*,#4386,.T.);
#4386 = EDGE_CURVE('',#4378,#1445,#4387,.T.);
#4387 = CIRCLE('',#4388,2.);
#4388 = AXIS2_PLACEMENT_3D('',#4389,#4390,#4391);
#4389 = CARTESIAN_POINT('',(39.3,2.,-20.25));
#4390 = DIRECTION('',(1.,2.22044604925E-15,0.));
#4391 = DIRECTION('',(0.,0.,-1.));
#4392 = SPHERICAL_SURFACE('',#4393,2.);
#4393 = AXIS2_PLACEMENT_3D('',#4394,#4395,#4396);
#4394 = CARTESIAN_POINT('',(39.3,2.,-20.25));
#4395 = DIRECTION('',(-0.408248290464,-0.816496580928,0.408248290464));
#4396 = DIRECTION('',(0.57735026919,-0.57735026919,-0.57735026919));
#4397 = ADVANCED_FACE('',(#4398),#4409,.T.);
#4398 = FACE_BOUND('',#4399,.T.);
#4399 = EDGE_LOOP('',(#4400,#4401,#4402,#4403));
#4400 = ORIENTED_EDGE('',*,*,#4377,.F.);
#4401 = ORIENTED_EDGE('',*,*,#2681,.T.);
#4402 = ORIENTED_EDGE('',*,*,#4323,.F.);
#4403 = ORIENTED_EDGE('',*,*,#4404,.T.);
#4404 = EDGE_CURVE('',#4315,#4378,#4405,.T.);
#4405 = LINE('',#4406,#4407);
#4406 = CARTESIAN_POINT('',(39.3,0.,11.125));
#4407 = VECTOR('',#4408,1.);
#4408 = DIRECTION('',(0.,0.,-1.));
#4409 = CYLINDRICAL_SURFACE('',#4410,2.);
#4410 = AXIS2_PLACEMENT_3D('',#4411,#4412,#4413);
#4411 = CARTESIAN_POINT('',(39.3,2.,11.125));
#4412 = DIRECTION('',(0.,0.,-1.));
#4413 = DIRECTION('',(0.707106781187,-0.707106781187,0.));
#4414 = ADVANCED_FACE('',(#4415),#4426,.T.);
#4415 = FACE_BOUND('',#4416,.T.);
#4416 = EDGE_LOOP('',(#4417,#4418,#4419,#4420));
#4417 = ORIENTED_EDGE('',*,*,#4352,.F.);
#4418 = ORIENTED_EDGE('',*,*,#1452,.T.);
#4419 = ORIENTED_EDGE('',*,*,#4386,.F.);
#4420 = ORIENTED_EDGE('',*,*,#4421,.T.);
#4421 = EDGE_CURVE('',#4378,#4353,#4422,.T.);
#4422 = LINE('',#4423,#4424);
#4423 = CARTESIAN_POINT('',(20.65,0.,-20.25));
#4424 = VECTOR('',#4425,1.);
#4425 = DIRECTION('',(-1.,0.,2.150553074334E-16));
#4426 = CYLINDRICAL_SURFACE('',#4427,2.);
#4427 = AXIS2_PLACEMENT_3D('',#4428,#4429,#4430);
#4428 = CARTESIAN_POINT('',(20.65,2.,-20.25));
#4429 = DIRECTION('',(-1.,0.,2.150553074334E-16));
#4430 = DIRECTION('',(-1.520670662163E-16,-0.707106781187,
    -0.707106781187));
#4431 = ADVANCED_FACE('',(#4432),#4439,.T.);
#4432 = FACE_BOUND('',#4433,.T.);
#4433 = EDGE_LOOP('',(#4434,#4435,#4436,#4437,#4438));
#4434 = ORIENTED_EDGE('',*,*,#2376,.F.);
#4435 = ORIENTED_EDGE('',*,*,#1428,.T.);
#4436 = ORIENTED_EDGE('',*,*,#3146,.F.);
#4437 = ORIENTED_EDGE('',*,*,#1601,.T.);
#4438 = ORIENTED_EDGE('',*,*,#2519,.F.);
#4439 = CYLINDRICAL_SURFACE('',#4440,2.);
#4440 = AXIS2_PLACEMENT_3D('',#4441,#4442,#4443);
#4441 = CARTESIAN_POINT('',(20.65,13.2,-20.25));
#4442 = DIRECTION('',(-1.,0.,2.150553074334E-16));
#4443 = DIRECTION('',(-1.520670662163E-16,0.707106781187,-0.707106781187
    ));
#4444 = ADVANCED_FACE('',(#4445),#4456,.T.);
#4445 = FACE_BOUND('',#4446,.T.);
#4446 = EDGE_LOOP('',(#4447,#4448,#4449,#4450));
#4447 = ORIENTED_EDGE('',*,*,#4290,.F.);
#4448 = ORIENTED_EDGE('',*,*,#1020,.T.);
#4449 = ORIENTED_EDGE('',*,*,#4361,.F.);
#4450 = ORIENTED_EDGE('',*,*,#4451,.T.);
#4451 = EDGE_CURVE('',#4353,#4291,#4452,.T.);
#4452 = LINE('',#4453,#4454);
#4453 = CARTESIAN_POINT('',(-39.3,0.,-11.125));
#4454 = VECTOR('',#4455,1.);
#4455 = DIRECTION('',(0.,0.,1.));
#4456 = CYLINDRICAL_SURFACE('',#4457,2.);
#4457 = AXIS2_PLACEMENT_3D('',#4458,#4459,#4460);
#4458 = CARTESIAN_POINT('',(-39.3,2.,-11.125));
#4459 = DIRECTION('',(0.,0.,1.));
#4460 = DIRECTION('',(-0.707106781187,-0.707106781187,0.));
#4461 = ADVANCED_FACE('',(#4462),#4469,.T.);
#4462 = FACE_BOUND('',#4463,.T.);
#4463 = EDGE_LOOP('',(#4464,#4465,#4466,#4467,#4468));
#4464 = ORIENTED_EDGE('',*,*,#1101,.F.);
#4465 = ORIENTED_EDGE('',*,*,#1460,.T.);
#4466 = ORIENTED_EDGE('',*,*,#4345,.F.);
#4467 = ORIENTED_EDGE('',*,*,#1012,.T.);
#4468 = ORIENTED_EDGE('',*,*,#1253,.F.);
#4469 = CYLINDRICAL_SURFACE('',#4470,2.);
#4470 = AXIS2_PLACEMENT_3D('',#4471,#4472,#4473);
#4471 = CARTESIAN_POINT('',(-39.3,0.,-20.25));
#4472 = DIRECTION('',(0.,1.,0.));
#4473 = DIRECTION('',(-0.707106781187,0.,-0.707106781187));
#4474 = ADVANCED_FACE('',(#4475),#4482,.T.);
#4475 = FACE_BOUND('',#4476,.T.);
#4476 = EDGE_LOOP('',(#4477,#4478,#4479,#4480,#4481));
#4477 = ORIENTED_EDGE('',*,*,#2071,.F.);
#4478 = ORIENTED_EDGE('',*,*,#3690,.T.);
#4479 = ORIENTED_EDGE('',*,*,#4330,.F.);
#4480 = ORIENTED_EDGE('',*,*,#2673,.T.);
#4481 = ORIENTED_EDGE('',*,*,#2303,.F.);
#4482 = CYLINDRICAL_SURFACE('',#4483,2.);
#4483 = AXIS2_PLACEMENT_3D('',#4484,#4485,#4486);
#4484 = CARTESIAN_POINT('',(39.3,0.,20.25));
#4485 = DIRECTION('',(0.,1.,0.));
#4486 = DIRECTION('',(0.707106781187,-0.,0.707106781187));
#4487 = ADVANCED_FACE('',(#4488),#4499,.T.);
#4488 = FACE_BOUND('',#4489,.T.);
#4489 = EDGE_LOOP('',(#4490,#4491,#4492,#4493));
#4490 = ORIENTED_EDGE('',*,*,#4314,.F.);
#4491 = ORIENTED_EDGE('',*,*,#3682,.T.);
#4492 = ORIENTED_EDGE('',*,*,#4299,.F.);
#4493 = ORIENTED_EDGE('',*,*,#4494,.T.);
#4494 = EDGE_CURVE('',#4291,#4315,#4495,.T.);
#4495 = LINE('',#4496,#4497);
#4496 = CARTESIAN_POINT('',(-20.65,0.,20.25));
#4497 = VECTOR('',#4498,1.);
#4498 = DIRECTION('',(1.,0.,-5.376382685836E-17));
#4499 = CYLINDRICAL_SURFACE('',#4500,2.);
#4500 = AXIS2_PLACEMENT_3D('',#4501,#4502,#4503);
#4501 = CARTESIAN_POINT('',(-20.65,2.,20.25));
#4502 = DIRECTION('',(1.,0.,-5.376382685836E-17));
#4503 = DIRECTION('',(3.801676655409E-17,-0.707106781187,0.707106781187)
  );
#4504 = ADVANCED_FACE('',(#4505),#4512,.T.);
#4505 = FACE_BOUND('',#4506,.T.);
#4506 = EDGE_LOOP('',(#4507,#4508,#4509,#4510,#4511));
#4507 = ORIENTED_EDGE('',*,*,#643,.F.);
#4508 = ORIENTED_EDGE('',*,*,#3701,.T.);
#4509 = ORIENTED_EDGE('',*,*,#3431,.F.);
#4510 = ORIENTED_EDGE('',*,*,#1670,.T.);
#4511 = ORIENTED_EDGE('',*,*,#795,.F.);
#4512 = CYLINDRICAL_SURFACE('',#4513,2.);
#4513 = AXIS2_PLACEMENT_3D('',#4514,#4515,#4516);
#4514 = CARTESIAN_POINT('',(-20.65,13.2,20.25));
#4515 = DIRECTION('',(1.,0.,-5.376382685836E-17));
#4516 = DIRECTION('',(3.801676655409E-17,0.707106781187,0.707106781187)
  );
#4517 = ADVANCED_FACE('',(#4518),#4537,.F.);
#4518 = FACE_BOUND('',#4519,.T.);
#4519 = EDGE_LOOP('',(#4520,#4521,#4529,#4535,#4536));
#4520 = ORIENTED_EDGE('',*,*,#3253,.F.);
#4521 = ORIENTED_EDGE('',*,*,#4522,.F.);
#4522 = EDGE_CURVE('',#4523,#3220,#4525,.T.);
#4523 = VERTEX_POINT('',#4524);
#4524 = CARTESIAN_POINT('',(-4.673496761871,8.,-15.8589227625));
#4525 = LINE('',#4526,#4527);
#4526 = CARTESIAN_POINT('',(-4.673496761871,15.2,-15.8589227625));
#4527 = VECTOR('',#4528,1.);
#4528 = DIRECTION('',(0.,1.,0.));
#4529 = ORIENTED_EDGE('',*,*,#4530,.T.);
#4530 = EDGE_CURVE('',#4523,#3295,#4531,.T.);
#4531 = LINE('',#4532,#4533);
#4532 = CARTESIAN_POINT('',(-4.673496761871,8.,-22.25));
#4533 = VECTOR('',#4534,1.);
#4534 = DIRECTION('',(0.,0.,-1.));
#4535 = ORIENTED_EDGE('',*,*,#3294,.F.);
#4536 = ORIENTED_EDGE('',*,*,#3277,.F.);
#4537 = PLANE('',#4538);
#4538 = AXIS2_PLACEMENT_3D('',#4539,#4540,#4541);
#4539 = CARTESIAN_POINT('',(-4.673496761871,15.2,-11.2374227625));
#4540 = DIRECTION('',(-1.,0.,0.));
#4541 = DIRECTION('',(0.,0.,-1.));
#4542 = ADVANCED_FACE('',(#4543,#4549,#4552),#4555,.F.);
#4543 = FACE_BOUND('',#4544,.T.);
#4544 = EDGE_LOOP('',(#4545,#4546,#4547,#4548));
#4545 = ORIENTED_EDGE('',*,*,#4404,.F.);
#4546 = ORIENTED_EDGE('',*,*,#4494,.F.);
#4547 = ORIENTED_EDGE('',*,*,#4451,.F.);
#4548 = ORIENTED_EDGE('',*,*,#4421,.F.);
#4549 = FACE_BOUND('',#4550,.T.);
#4550 = EDGE_LOOP('',(#4551));
#4551 = ORIENTED_EDGE('',*,*,#587,.T.);
#4552 = FACE_BOUND('',#4553,.T.);
#4553 = EDGE_LOOP('',(#4554));
#4554 = ORIENTED_EDGE('',*,*,#620,.T.);
#4555 = PLANE('',#4556);
#4556 = AXIS2_PLACEMENT_3D('',#4557,#4558,#4559);
#4557 = CARTESIAN_POINT('',(0.,0.,0.));
#4558 = DIRECTION('',(0.,1.,0.));
#4559 = DIRECTION('',(0.,-0.,1.));
#4560 = ADVANCED_FACE('',(#4561),#4573,.F.);
#4561 = FACE_BOUND('',#4562,.F.);
#4562 = EDGE_LOOP('',(#4563,#4564,#4571,#4572));
#4563 = ORIENTED_EDGE('',*,*,#4522,.F.);
#4564 = ORIENTED_EDGE('',*,*,#4565,.T.);
#4565 = EDGE_CURVE('',#4523,#3334,#4566,.T.);
#4566 = CIRCLE('',#4567,4.6215);
#4567 = AXIS2_PLACEMENT_3D('',#4568,#4569,#4570);
#4568 = CARTESIAN_POINT('',(-5.199676187123E-02,8.,-15.8589227625));
#4569 = DIRECTION('',(0.,1.,0.));
#4570 = DIRECTION('',(-0.707106781187,0.,0.707106781187));
#4571 = ORIENTED_EDGE('',*,*,#3333,.F.);
#4572 = ORIENTED_EDGE('',*,*,#3227,.T.);
#4573 = CYLINDRICAL_SURFACE('',#4574,4.6215);
#4574 = AXIS2_PLACEMENT_3D('',#4575,#4576,#4577);
#4575 = CARTESIAN_POINT('',(-5.199676187123E-02,15.2,-15.8589227625));
#4576 = DIRECTION('',(0.,-1.,0.));
#4577 = DIRECTION('',(-0.707106781187,0.,0.707106781187));
#4578 = ADVANCED_FACE('',(#4579,#4586),#4589,.F.);
#4579 = FACE_BOUND('',#4580,.T.);
#4580 = EDGE_LOOP('',(#4581,#4582,#4583,#4584,#4585));
#4581 = ORIENTED_EDGE('',*,*,#3341,.T.);
#4582 = ORIENTED_EDGE('',*,*,#3368,.F.);
#4583 = ORIENTED_EDGE('',*,*,#3318,.F.);
#4584 = ORIENTED_EDGE('',*,*,#4530,.F.);
#4585 = ORIENTED_EDGE('',*,*,#4565,.T.);
#4586 = FACE_BOUND('',#4587,.T.);
#4587 = EDGE_LOOP('',(#4588));
#4588 = ORIENTED_EDGE('',*,*,#628,.T.);
#4589 = PLANE('',#4590);
#4590 = AXIS2_PLACEMENT_3D('',#4591,#4592,#4593);
#4591 = CARTESIAN_POINT('',(-5.186985654607E-02,8.,-16.74371138125));
#4592 = DIRECTION('',(0.,-1.,0.));
#4593 = DIRECTION('',(0.,0.,-1.));
#4594 = ADVANCED_FACE('',(#4595),#4614,.F.);
#4595 = FACE_BOUND('',#4596,.F.);
#4596 = EDGE_LOOP('',(#4597,#4605,#4612,#4613));
#4597 = ORIENTED_EDGE('',*,*,#4598,.F.);
#4598 = EDGE_CURVE('',#4599,#3505,#4601,.T.);
#4599 = VERTEX_POINT('',#4600);
#4600 = CARTESIAN_POINT('',(4.569757048779,8.,15.637724534505));
#4601 = LINE('',#4602,#4603);
#4602 = CARTESIAN_POINT('',(4.569757048779,15.2,15.637724534505));
#4603 = VECTOR('',#4604,1.);
#4604 = DIRECTION('',(0.,1.,0.));
#4605 = ORIENTED_EDGE('',*,*,#4606,.T.);
#4606 = EDGE_CURVE('',#4599,#3631,#4607,.T.);
#4607 = CIRCLE('',#4608,4.6215);
#4608 = AXIS2_PLACEMENT_3D('',#4609,#4610,#4611);
#4609 = CARTESIAN_POINT('',(-5.174295122091E-02,8.,15.637724534505));
#4610 = DIRECTION('',(0.,1.,0.));
#4611 = DIRECTION('',(0.707106781187,0.,-0.707106781187));
#4612 = ORIENTED_EDGE('',*,*,#3630,.F.);
#4613 = ORIENTED_EDGE('',*,*,#3512,.T.);
#4614 = CYLINDRICAL_SURFACE('',#4615,4.6215);
#4615 = AXIS2_PLACEMENT_3D('',#4616,#4617,#4618);
#4616 = CARTESIAN_POINT('',(-5.174295122091E-02,15.2,15.637724534505));
#4617 = DIRECTION('',(0.,-1.,0.));
#4618 = DIRECTION('',(0.707106781187,0.,-0.707106781187));
#4619 = ADVANCED_FACE('',(#4620,#4632),#4635,.F.);
#4620 = FACE_BOUND('',#4621,.T.);
#4621 = EDGE_LOOP('',(#4622,#4623,#4624,#4625,#4631));
#4622 = ORIENTED_EDGE('',*,*,#3638,.T.);
#4623 = ORIENTED_EDGE('',*,*,#3665,.F.);
#4624 = ORIENTED_EDGE('',*,*,#3615,.F.);
#4625 = ORIENTED_EDGE('',*,*,#4626,.F.);
#4626 = EDGE_CURVE('',#4599,#3587,#4627,.T.);
#4627 = LINE('',#4628,#4629);
#4628 = CARTESIAN_POINT('',(4.569757048779,8.,22.25));
#4629 = VECTOR('',#4630,1.);
#4630 = DIRECTION('',(0.,0.,1.));
#4631 = ORIENTED_EDGE('',*,*,#4606,.T.);
#4632 = FACE_BOUND('',#4633,.T.);
#4633 = EDGE_LOOP('',(#4634));
#4634 = ORIENTED_EDGE('',*,*,#595,.T.);
#4635 = PLANE('',#4636);
#4636 = AXIS2_PLACEMENT_3D('',#4637,#4638,#4639);
#4637 = CARTESIAN_POINT('',(-5.186985654607E-02,8.,16.633112267253));
#4638 = DIRECTION('',(0.,-1.,0.));
#4639 = DIRECTION('',(0.,0.,-1.));
#4640 = ADVANCED_FACE('',(#4641),#4666,.F.);
#4641 = FACE_BOUND('',#4642,.T.);
#4642 = EDGE_LOOP('',(#4643,#4644,#4652,#4660));
#4643 = ORIENTED_EDGE('',*,*,#1695,.F.);
#4644 = ORIENTED_EDGE('',*,*,#4645,.T.);
#4645 = EDGE_CURVE('',#1696,#4646,#4648,.T.);
#4646 = VERTEX_POINT('',#4647);
#4647 = CARTESIAN_POINT('',(5.799354110401,8.,-9.365471530728));
#4648 = LINE('',#4649,#4650);
#4649 = CARTESIAN_POINT('',(5.799354110401,15.2,-9.365471530728));
#4650 = VECTOR('',#4651,1.);
#4651 = DIRECTION('',(0.,-1.,0.));
#4652 = ORIENTED_EDGE('',*,*,#4653,.T.);
#4653 = EDGE_CURVE('',#4646,#4654,#4656,.T.);
#4654 = VERTEX_POINT('',#4655);
#4655 = CARTESIAN_POINT('',(5.799354110401,8.,9.098587732399));
#4656 = LINE('',#4657,#4658);
#4657 = CARTESIAN_POINT('',(5.799354110401,8.,9.098587732399));
#4658 = VECTOR('',#4659,1.);
#4659 = DIRECTION('',(0.,0.,1.));
#4660 = ORIENTED_EDGE('',*,*,#4661,.F.);
#4661 = EDGE_CURVE('',#1698,#4654,#4662,.T.);
#4662 = LINE('',#4663,#4664);
#4663 = CARTESIAN_POINT('',(5.799354110401,15.2,9.098587732399));
#4664 = VECTOR('',#4665,1.);
#4665 = DIRECTION('',(0.,-1.,0.));
#4666 = PLANE('',#4667);
#4667 = AXIS2_PLACEMENT_3D('',#4668,#4669,#4670);
#4668 = CARTESIAN_POINT('',(5.799354110401,15.2,-9.365471530728));
#4669 = DIRECTION('',(1.,0.,0.));
#4670 = DIRECTION('',(0.,0.,1.));
#4671 = ADVANCED_FACE('',(#4672),#4690,.F.);
#4672 = FACE_BOUND('',#4673,.T.);
#4673 = EDGE_LOOP('',(#4674,#4675,#4683,#4689));
#4674 = ORIENTED_EDGE('',*,*,#1721,.F.);
#4675 = ORIENTED_EDGE('',*,*,#4676,.T.);
#4676 = EDGE_CURVE('',#1714,#4677,#4679,.T.);
#4677 = VERTEX_POINT('',#4678);
#4678 = CARTESIAN_POINT('',(-6.050962955896,8.,-9.365471530728));
#4679 = LINE('',#4680,#4681);
#4680 = CARTESIAN_POINT('',(-6.050962955896,15.2,-9.365471530728));
#4681 = VECTOR('',#4682,1.);
#4682 = DIRECTION('',(0.,-1.,0.));
#4683 = ORIENTED_EDGE('',*,*,#4684,.T.);
#4684 = EDGE_CURVE('',#4677,#4646,#4685,.T.);
#4685 = LINE('',#4686,#4687);
#4686 = CARTESIAN_POINT('',(5.799354110401,8.,-9.365471530728));
#4687 = VECTOR('',#4688,1.);
#4688 = DIRECTION('',(1.,0.,0.));
#4689 = ORIENTED_EDGE('',*,*,#4645,.F.);
#4690 = PLANE('',#4691);
#4691 = AXIS2_PLACEMENT_3D('',#4692,#4693,#4694);
#4692 = CARTESIAN_POINT('',(-6.050962955896,15.2,-9.365471530728));
#4693 = DIRECTION('',(0.,0.,-1.));
#4694 = DIRECTION('',(1.,0.,0.));
#4695 = ADVANCED_FACE('',(#4696),#4714,.F.);
#4696 = FACE_BOUND('',#4697,.T.);
#4697 = EDGE_LOOP('',(#4698,#4699,#4707,#4713));
#4698 = ORIENTED_EDGE('',*,*,#1713,.F.);
#4699 = ORIENTED_EDGE('',*,*,#4700,.T.);
#4700 = EDGE_CURVE('',#1706,#4701,#4703,.T.);
#4701 = VERTEX_POINT('',#4702);
#4702 = CARTESIAN_POINT('',(-6.050962955896,8.,9.098587732399));
#4703 = LINE('',#4704,#4705);
#4704 = CARTESIAN_POINT('',(-6.050962955896,15.2,9.098587732399));
#4705 = VECTOR('',#4706,1.);
#4706 = DIRECTION('',(0.,-1.,0.));
#4707 = ORIENTED_EDGE('',*,*,#4708,.T.);
#4708 = EDGE_CURVE('',#4701,#4677,#4709,.T.);
#4709 = LINE('',#4710,#4711);
#4710 = CARTESIAN_POINT('',(-6.050962955896,8.,-9.365471530728));
#4711 = VECTOR('',#4712,1.);
#4712 = DIRECTION('',(0.,0.,-1.));
#4713 = ORIENTED_EDGE('',*,*,#4676,.F.);
#4714 = PLANE('',#4715);
#4715 = AXIS2_PLACEMENT_3D('',#4716,#4717,#4718);
#4716 = CARTESIAN_POINT('',(-6.050962955896,15.2,9.098587732399));
#4717 = DIRECTION('',(-1.,0.,0.));
#4718 = DIRECTION('',(0.,0.,-1.));
#4719 = ADVANCED_FACE('',(#4720),#4731,.F.);
#4720 = FACE_BOUND('',#4721,.T.);
#4721 = EDGE_LOOP('',(#4722,#4723,#4724,#4730));
#4722 = ORIENTED_EDGE('',*,*,#1705,.F.);
#4723 = ORIENTED_EDGE('',*,*,#4661,.T.);
#4724 = ORIENTED_EDGE('',*,*,#4725,.T.);
#4725 = EDGE_CURVE('',#4654,#4701,#4726,.T.);
#4726 = LINE('',#4727,#4728);
#4727 = CARTESIAN_POINT('',(-6.050962955896,8.,9.098587732399));
#4728 = VECTOR('',#4729,1.);
#4729 = DIRECTION('',(-1.,0.,0.));
#4730 = ORIENTED_EDGE('',*,*,#4700,.F.);
#4731 = PLANE('',#4732);
#4732 = AXIS2_PLACEMENT_3D('',#4733,#4734,#4735);
#4733 = CARTESIAN_POINT('',(5.799354110401,15.2,9.098587732399));
#4734 = DIRECTION('',(0.,0.,1.));
#4735 = DIRECTION('',(-1.,0.,0.));
#4736 = ADVANCED_FACE('',(#4737),#4743,.F.);
#4737 = FACE_BOUND('',#4738,.T.);
#4738 = EDGE_LOOP('',(#4739,#4740,#4741,#4742));
#4739 = ORIENTED_EDGE('',*,*,#4725,.F.);
#4740 = ORIENTED_EDGE('',*,*,#4653,.F.);
#4741 = ORIENTED_EDGE('',*,*,#4684,.F.);
#4742 = ORIENTED_EDGE('',*,*,#4708,.F.);
#4743 = PLANE('',#4744);
#4744 = AXIS2_PLACEMENT_3D('',#4745,#4746,#4747);
#4745 = CARTESIAN_POINT('',(-0.125804422747,8.,-0.133441899165));
#4746 = DIRECTION('',(0.,-1.,0.));
#4747 = DIRECTION('',(0.,0.,-1.));
#4748 = ADVANCED_FACE('',(#4749),#4756,.F.);
#4749 = FACE_BOUND('',#4750,.T.);
#4750 = EDGE_LOOP('',(#4751,#4752,#4753,#4754,#4755));
#4751 = ORIENTED_EDGE('',*,*,#3538,.F.);
#4752 = ORIENTED_EDGE('',*,*,#4598,.F.);
#4753 = ORIENTED_EDGE('',*,*,#4626,.T.);
#4754 = ORIENTED_EDGE('',*,*,#3586,.F.);
#4755 = ORIENTED_EDGE('',*,*,#3562,.F.);
#4756 = PLANE('',#4757);
#4757 = AXIS2_PLACEMENT_3D('',#4758,#4759,#4760);
#4758 = CARTESIAN_POINT('',(4.569757048779,15.2,11.016224534505));
#4759 = DIRECTION('',(1.,0.,0.));
#4760 = DIRECTION('',(0.,0.,1.));
#4761 = ADVANCED_FACE('',(#4762),#4772,.F.);
#4762 = FACE_BOUND('',#4763,.T.);
#4763 = EDGE_LOOP('',(#4764,#4765));
#4764 = ORIENTED_EDGE('',*,*,#284,.T.);
#4765 = ORIENTED_EDGE('',*,*,#4766,.T.);
#4766 = EDGE_CURVE('',#277,#253,#4767,.T.);
#4767 = CIRCLE('',#4768,8.4);
#4768 = AXIS2_PLACEMENT_3D('',#4769,#4770,#4771);
#4769 = CARTESIAN_POINT('',(-19.05,37.7,0.));
#4770 = DIRECTION('',(-0.,1.,0.));
#4771 = DIRECTION('',(1.,0.,0.));
#4772 = PLANE('',#4773);
#4773 = AXIS2_PLACEMENT_3D('',#4774,#4775,#4776);
#4774 = CARTESIAN_POINT('',(-2.22044604925E-15,37.7,0.));
#4775 = DIRECTION('',(0.,-1.,0.));
#4776 = DIRECTION('',(0.,0.,-1.));
#4777 = ADVANCED_FACE('',(#4778),#4795,.F.);
#4778 = FACE_BOUND('',#4779,.T.);
#4779 = EDGE_LOOP('',(#4780,#4788));
#4780 = ORIENTED_EDGE('',*,*,#4781,.T.);
#4781 = EDGE_CURVE('',#277,#4782,#4784,.T.);
#4782 = VERTEX_POINT('',#4783);
#4783 = CARTESIAN_POINT('',(-10.65,37.7,4.440892098501E-15));
#4784 = LINE('',#4785,#4786);
#4785 = CARTESIAN_POINT('',(-14.85,37.7,-7.274613391789));
#4786 = VECTOR('',#4787,1.);
#4787 = DIRECTION('',(0.5,0.,0.866025403784));
#4788 = ORIENTED_EDGE('',*,*,#4789,.T.);
#4789 = EDGE_CURVE('',#4782,#277,#4790,.T.);
#4790 = CIRCLE('',#4791,8.4);
#4791 = AXIS2_PLACEMENT_3D('',#4792,#4793,#4794);
#4792 = CARTESIAN_POINT('',(-19.05,37.7,0.));
#4793 = DIRECTION('',(-0.,1.,0.));
#4794 = DIRECTION('',(1.,0.,0.));
#4795 = PLANE('',#4796);
#4796 = AXIS2_PLACEMENT_3D('',#4797,#4798,#4799);
#4797 = CARTESIAN_POINT('',(-2.22044604925E-15,37.7,0.));
#4798 = DIRECTION('',(0.,-1.,0.));
#4799 = DIRECTION('',(0.,0.,-1.));
#4800 = ADVANCED_FACE('',(#4801),#4818,.F.);
#4801 = FACE_BOUND('',#4802,.T.);
#4802 = EDGE_LOOP('',(#4803,#4811));
#4803 = ORIENTED_EDGE('',*,*,#4804,.T.);
#4804 = EDGE_CURVE('',#4782,#4805,#4807,.T.);
#4805 = VERTEX_POINT('',#4806);
#4806 = CARTESIAN_POINT('',(-14.85,37.7,7.274613391789));
#4807 = LINE('',#4808,#4809);
#4808 = CARTESIAN_POINT('',(-10.65,37.7,4.440892098501E-15));
#4809 = VECTOR('',#4810,1.);
#4810 = DIRECTION('',(-0.5,0.,0.866025403784));
#4811 = ORIENTED_EDGE('',*,*,#4812,.T.);
#4812 = EDGE_CURVE('',#4805,#4782,#4813,.T.);
#4813 = CIRCLE('',#4814,8.4);
#4814 = AXIS2_PLACEMENT_3D('',#4815,#4816,#4817);
#4815 = CARTESIAN_POINT('',(-19.05,37.7,0.));
#4816 = DIRECTION('',(-0.,1.,0.));
#4817 = DIRECTION('',(1.,0.,0.));
#4818 = PLANE('',#4819);
#4819 = AXIS2_PLACEMENT_3D('',#4820,#4821,#4822);
#4820 = CARTESIAN_POINT('',(-2.22044604925E-15,37.7,0.));
#4821 = DIRECTION('',(0.,-1.,0.));
#4822 = DIRECTION('',(0.,0.,-1.));
#4823 = ADVANCED_FACE('',(#4824),#4839,.F.);
#4824 = FACE_BOUND('',#4825,.T.);
#4825 = EDGE_LOOP('',(#4826,#4832));
#4826 = ORIENTED_EDGE('',*,*,#4827,.T.);
#4827 = EDGE_CURVE('',#4805,#230,#4828,.T.);
#4828 = LINE('',#4829,#4830);
#4829 = CARTESIAN_POINT('',(-14.85,37.7,7.274613391789));
#4830 = VECTOR('',#4831,1.);
#4831 = DIRECTION('',(-1.,0.,0.));
#4832 = ORIENTED_EDGE('',*,*,#4833,.T.);
#4833 = EDGE_CURVE('',#230,#4805,#4834,.T.);
#4834 = CIRCLE('',#4835,8.4);
#4835 = AXIS2_PLACEMENT_3D('',#4836,#4837,#4838);
#4836 = CARTESIAN_POINT('',(-19.05,37.7,0.));
#4837 = DIRECTION('',(-0.,1.,0.));
#4838 = DIRECTION('',(1.,0.,0.));
#4839 = PLANE('',#4840);
#4840 = AXIS2_PLACEMENT_3D('',#4841,#4842,#4843);
#4841 = CARTESIAN_POINT('',(-2.22044604925E-15,37.7,0.));
#4842 = DIRECTION('',(0.,-1.,0.));
#4843 = DIRECTION('',(0.,0.,-1.));
#4844 = ADVANCED_FACE('',(#4845),#4855,.F.);
#4845 = FACE_BOUND('',#4846,.T.);
#4846 = EDGE_LOOP('',(#4847,#4848));
#4847 = ORIENTED_EDGE('',*,*,#229,.T.);
#4848 = ORIENTED_EDGE('',*,*,#4849,.T.);
#4849 = EDGE_CURVE('',#222,#230,#4850,.T.);
#4850 = CIRCLE('',#4851,8.4);
#4851 = AXIS2_PLACEMENT_3D('',#4852,#4853,#4854);
#4852 = CARTESIAN_POINT('',(-19.05,37.7,0.));
#4853 = DIRECTION('',(-0.,1.,0.));
#4854 = DIRECTION('',(1.,0.,0.));
#4855 = PLANE('',#4856);
#4856 = AXIS2_PLACEMENT_3D('',#4857,#4858,#4859);
#4857 = CARTESIAN_POINT('',(-2.22044604925E-15,37.7,0.));
#4858 = DIRECTION('',(0.,-1.,0.));
#4859 = DIRECTION('',(0.,0.,-1.));
#4860 = ADVANCED_FACE('',(#4861),#4871,.F.);
#4861 = FACE_BOUND('',#4862,.T.);
#4862 = EDGE_LOOP('',(#4863,#4864));
#4863 = ORIENTED_EDGE('',*,*,#260,.T.);
#4864 = ORIENTED_EDGE('',*,*,#4865,.T.);
#4865 = EDGE_CURVE('',#253,#222,#4866,.T.);
#4866 = CIRCLE('',#4867,8.4);
#4867 = AXIS2_PLACEMENT_3D('',#4868,#4869,#4870);
#4868 = CARTESIAN_POINT('',(-19.05,37.7,0.));
#4869 = DIRECTION('',(-0.,1.,0.));
#4870 = DIRECTION('',(1.,0.,0.));
#4871 = PLANE('',#4872);
#4872 = AXIS2_PLACEMENT_3D('',#4873,#4874,#4875);
#4873 = CARTESIAN_POINT('',(-2.22044604925E-15,37.7,0.));
#4874 = DIRECTION('',(0.,-1.,0.));
#4875 = DIRECTION('',(0.,0.,-1.));
#4876 = ADVANCED_FACE('',(#4877),#4901,.T.);
#4877 = FACE_BOUND('',#4878,.T.);
#4878 = EDGE_LOOP('',(#4879,#4880,#4888,#4895,#4896,#4897,#4898,#4899,
    #4900));
#4879 = ORIENTED_EDGE('',*,*,#4849,.F.);
#4880 = ORIENTED_EDGE('',*,*,#4881,.T.);
#4881 = EDGE_CURVE('',#222,#4882,#4884,.T.);
#4882 = VERTEX_POINT('',#4883);
#4883 = CARTESIAN_POINT('',(-27.45,35.5,1.028703311284E-15));
#4884 = LINE('',#4885,#4886);
#4885 = CARTESIAN_POINT('',(-27.45,35.5,1.028703311284E-15));
#4886 = VECTOR('',#4887,1.);
#4887 = DIRECTION('',(0.,-1.,0.));
#4888 = ORIENTED_EDGE('',*,*,#4889,.F.);
#4889 = EDGE_CURVE('',#4882,#4882,#4890,.T.);
#4890 = CIRCLE('',#4891,8.4);
#4891 = AXIS2_PLACEMENT_3D('',#4892,#4893,#4894);
#4892 = CARTESIAN_POINT('',(-19.05,35.5,0.));
#4893 = DIRECTION('',(0.,-1.,0.));
#4894 = DIRECTION('',(1.,0.,0.));
#4895 = ORIENTED_EDGE('',*,*,#4881,.F.);
#4896 = ORIENTED_EDGE('',*,*,#4865,.F.);
#4897 = ORIENTED_EDGE('',*,*,#4766,.F.);
#4898 = ORIENTED_EDGE('',*,*,#4789,.F.);
#4899 = ORIENTED_EDGE('',*,*,#4812,.F.);
#4900 = ORIENTED_EDGE('',*,*,#4833,.F.);
#4901 = CYLINDRICAL_SURFACE('',#4902,8.4);
#4902 = AXIS2_PLACEMENT_3D('',#4903,#4904,#4905);
#4903 = CARTESIAN_POINT('',(-19.05,35.5,0.));
#4904 = DIRECTION('',(0.,1.,0.));
#4905 = DIRECTION('',(1.,0.,0.));
#4906 = ADVANCED_FACE('',(#4907),#4917,.F.);
#4907 = FACE_BOUND('',#4908,.T.);
#4908 = EDGE_LOOP('',(#4909,#4910));
#4909 = ORIENTED_EDGE('',*,*,#562,.T.);
#4910 = ORIENTED_EDGE('',*,*,#4911,.T.);
#4911 = EDGE_CURVE('',#555,#531,#4912,.T.);
#4912 = CIRCLE('',#4913,8.4);
#4913 = AXIS2_PLACEMENT_3D('',#4914,#4915,#4916);
#4914 = CARTESIAN_POINT('',(19.05,37.7,0.));
#4915 = DIRECTION('',(-0.,1.,0.));
#4916 = DIRECTION('',(1.,0.,0.));
#4917 = PLANE('',#4918);
#4918 = AXIS2_PLACEMENT_3D('',#4919,#4920,#4921);
#4919 = CARTESIAN_POINT('',(-2.22044604925E-15,37.7,0.));
#4920 = DIRECTION('',(0.,-1.,0.));
#4921 = DIRECTION('',(0.,0.,-1.));
#4922 = ADVANCED_FACE('',(#4923),#4940,.F.);
#4923 = FACE_BOUND('',#4924,.T.);
#4924 = EDGE_LOOP('',(#4925,#4933));
#4925 = ORIENTED_EDGE('',*,*,#4926,.T.);
#4926 = EDGE_CURVE('',#555,#4927,#4929,.T.);
#4927 = VERTEX_POINT('',#4928);
#4928 = CARTESIAN_POINT('',(27.45,37.7,-2.22044604925E-15));
#4929 = LINE('',#4930,#4931);
#4930 = CARTESIAN_POINT('',(23.25,37.7,-7.274613391789));
#4931 = VECTOR('',#4932,1.);
#4932 = DIRECTION('',(0.5,0.,0.866025403784));
#4933 = ORIENTED_EDGE('',*,*,#4934,.T.);
#4934 = EDGE_CURVE('',#4927,#555,#4935,.T.);
#4935 = CIRCLE('',#4936,8.4);
#4936 = AXIS2_PLACEMENT_3D('',#4937,#4938,#4939);
#4937 = CARTESIAN_POINT('',(19.05,37.7,0.));
#4938 = DIRECTION('',(-0.,1.,0.));
#4939 = DIRECTION('',(1.,0.,0.));
#4940 = PLANE('',#4941);
#4941 = AXIS2_PLACEMENT_3D('',#4942,#4943,#4944);
#4942 = CARTESIAN_POINT('',(-2.22044604925E-15,37.7,0.));
#4943 = DIRECTION('',(0.,-1.,0.));
#4944 = DIRECTION('',(0.,0.,-1.));
#4945 = ADVANCED_FACE('',(#4946),#4963,.F.);
#4946 = FACE_BOUND('',#4947,.T.);
#4947 = EDGE_LOOP('',(#4948,#4956));
#4948 = ORIENTED_EDGE('',*,*,#4949,.T.);
#4949 = EDGE_CURVE('',#4927,#4950,#4952,.T.);
#4950 = VERTEX_POINT('',#4951);
#4951 = CARTESIAN_POINT('',(23.25,37.7,7.274613391789));
#4952 = LINE('',#4953,#4954);
#4953 = CARTESIAN_POINT('',(27.45,37.7,-2.22044604925E-15));
#4954 = VECTOR('',#4955,1.);
#4955 = DIRECTION('',(-0.5,0.,0.866025403784));
#4956 = ORIENTED_EDGE('',*,*,#4957,.T.);
#4957 = EDGE_CURVE('',#4950,#4927,#4958,.T.);
#4958 = CIRCLE('',#4959,8.4);
#4959 = AXIS2_PLACEMENT_3D('',#4960,#4961,#4962);
#4960 = CARTESIAN_POINT('',(19.05,37.7,0.));
#4961 = DIRECTION('',(-0.,1.,0.));
#4962 = DIRECTION('',(1.,0.,0.));
#4963 = PLANE('',#4964);
#4964 = AXIS2_PLACEMENT_3D('',#4965,#4966,#4967);
#4965 = CARTESIAN_POINT('',(-2.22044604925E-15,37.7,0.));
#4966 = DIRECTION('',(0.,-1.,0.));
#4967 = DIRECTION('',(0.,0.,-1.));
#4968 = ADVANCED_FACE('',(#4969),#4984,.F.);
#4969 = FACE_BOUND('',#4970,.T.);
#4970 = EDGE_LOOP('',(#4971,#4977));
#4971 = ORIENTED_EDGE('',*,*,#4972,.T.);
#4972 = EDGE_CURVE('',#4950,#508,#4973,.T.);
#4973 = LINE('',#4974,#4975);
#4974 = CARTESIAN_POINT('',(23.25,37.7,7.274613391789));
#4975 = VECTOR('',#4976,1.);
#4976 = DIRECTION('',(-1.,0.,-5.286776307739E-16));
#4977 = ORIENTED_EDGE('',*,*,#4978,.T.);
#4978 = EDGE_CURVE('',#508,#4950,#4979,.T.);
#4979 = CIRCLE('',#4980,8.4);
#4980 = AXIS2_PLACEMENT_3D('',#4981,#4982,#4983);
#4981 = CARTESIAN_POINT('',(19.05,37.7,0.));
#4982 = DIRECTION('',(-0.,1.,0.));
#4983 = DIRECTION('',(1.,0.,0.));
#4984 = PLANE('',#4985);
#4985 = AXIS2_PLACEMENT_3D('',#4986,#4987,#4988);
#4986 = CARTESIAN_POINT('',(-2.22044604925E-15,37.7,0.));
#4987 = DIRECTION('',(0.,-1.,0.));
#4988 = DIRECTION('',(0.,0.,-1.));
#4989 = ADVANCED_FACE('',(#4990),#5000,.F.);
#4990 = FACE_BOUND('',#4991,.T.);
#4991 = EDGE_LOOP('',(#4992,#4993));
#4992 = ORIENTED_EDGE('',*,*,#507,.T.);
#4993 = ORIENTED_EDGE('',*,*,#4994,.T.);
#4994 = EDGE_CURVE('',#500,#508,#4995,.T.);
#4995 = CIRCLE('',#4996,8.4);
#4996 = AXIS2_PLACEMENT_3D('',#4997,#4998,#4999);
#4997 = CARTESIAN_POINT('',(19.05,37.7,0.));
#4998 = DIRECTION('',(-0.,1.,0.));
#4999 = DIRECTION('',(1.,0.,0.));
#5000 = PLANE('',#5001);
#5001 = AXIS2_PLACEMENT_3D('',#5002,#5003,#5004);
#5002 = CARTESIAN_POINT('',(-2.22044604925E-15,37.7,0.));
#5003 = DIRECTION('',(0.,-1.,0.));
#5004 = DIRECTION('',(0.,0.,-1.));
#5005 = ADVANCED_FACE('',(#5006),#5016,.F.);
#5006 = FACE_BOUND('',#5007,.T.);
#5007 = EDGE_LOOP('',(#5008,#5009));
#5008 = ORIENTED_EDGE('',*,*,#538,.T.);
#5009 = ORIENTED_EDGE('',*,*,#5010,.T.);
#5010 = EDGE_CURVE('',#531,#500,#5011,.T.);
#5011 = CIRCLE('',#5012,8.4);
#5012 = AXIS2_PLACEMENT_3D('',#5013,#5014,#5015);
#5013 = CARTESIAN_POINT('',(19.05,37.7,0.));
#5014 = DIRECTION('',(-0.,1.,0.));
#5015 = DIRECTION('',(1.,0.,0.));
#5016 = PLANE('',#5017);
#5017 = AXIS2_PLACEMENT_3D('',#5018,#5019,#5020);
#5018 = CARTESIAN_POINT('',(-2.22044604925E-15,37.7,0.));
#5019 = DIRECTION('',(0.,-1.,0.));
#5020 = DIRECTION('',(0.,0.,-1.));
#5021 = ADVANCED_FACE('',(#5022),#5046,.T.);
#5022 = FACE_BOUND('',#5023,.T.);
#5023 = EDGE_LOOP('',(#5024,#5025,#5033,#5040,#5041,#5042,#5043,#5044,
    #5045));
#5024 = ORIENTED_EDGE('',*,*,#4994,.F.);
#5025 = ORIENTED_EDGE('',*,*,#5026,.T.);
#5026 = EDGE_CURVE('',#500,#5027,#5029,.T.);
#5027 = VERTEX_POINT('',#5028);
#5028 = CARTESIAN_POINT('',(10.65,35.5,1.028703311284E-15));
#5029 = LINE('',#5030,#5031);
#5030 = CARTESIAN_POINT('',(10.65,35.5,1.028703311284E-15));
#5031 = VECTOR('',#5032,1.);
#5032 = DIRECTION('',(0.,-1.,0.));
#5033 = ORIENTED_EDGE('',*,*,#5034,.F.);
#5034 = EDGE_CURVE('',#5027,#5027,#5035,.T.);
#5035 = CIRCLE('',#5036,8.4);
#5036 = AXIS2_PLACEMENT_3D('',#5037,#5038,#5039);
#5037 = CARTESIAN_POINT('',(19.05,35.5,0.));
#5038 = DIRECTION('',(0.,-1.,0.));
#5039 = DIRECTION('',(1.,0.,0.));
#5040 = ORIENTED_EDGE('',*,*,#5026,.F.);
#5041 = ORIENTED_EDGE('',*,*,#5010,.F.);
#5042 = ORIENTED_EDGE('',*,*,#4911,.F.);
#5043 = ORIENTED_EDGE('',*,*,#4934,.F.);
#5044 = ORIENTED_EDGE('',*,*,#4957,.F.);
#5045 = ORIENTED_EDGE('',*,*,#4978,.F.);
#5046 = CYLINDRICAL_SURFACE('',#5047,8.4);
#5047 = AXIS2_PLACEMENT_3D('',#5048,#5049,#5050);
#5048 = CARTESIAN_POINT('',(19.05,35.5,0.));
#5049 = DIRECTION('',(0.,1.,0.));
#5050 = DIRECTION('',(1.,0.,0.));
#5051 = ADVANCED_FACE('',(#5052),#5071,.T.);
#5052 = FACE_BOUND('',#5053,.T.);
#5053 = EDGE_LOOP('',(#5054,#5063,#5069,#5070));
#5054 = ORIENTED_EDGE('',*,*,#5055,.F.);
#5055 = EDGE_CURVE('',#5056,#5056,#5058,.T.);
#5056 = VERTEX_POINT('',#5057);
#5057 = CARTESIAN_POINT('',(9.55,35.5,1.16341445919E-15));
#5058 = CIRCLE('',#5059,9.5);
#5059 = AXIS2_PLACEMENT_3D('',#5060,#5061,#5062);
#5060 = CARTESIAN_POINT('',(19.05,35.5,0.));
#5061 = DIRECTION('',(-0.,1.,0.));
#5062 = DIRECTION('',(1.,0.,0.));
#5063 = ORIENTED_EDGE('',*,*,#5064,.T.);
#5064 = EDGE_CURVE('',#5056,#4249,#5065,.T.);
#5065 = LINE('',#5066,#5067);
#5066 = CARTESIAN_POINT('',(9.55,33.5,1.16341445919E-15));
#5067 = VECTOR('',#5068,1.);
#5068 = DIRECTION('',(0.,-1.,0.));
#5069 = ORIENTED_EDGE('',*,*,#4248,.F.);
#5070 = ORIENTED_EDGE('',*,*,#5064,.F.);
#5071 = CYLINDRICAL_SURFACE('',#5072,9.5);
#5072 = AXIS2_PLACEMENT_3D('',#5073,#5074,#5075);
#5073 = CARTESIAN_POINT('',(19.05,33.5,0.));
#5074 = DIRECTION('',(0.,1.,0.));
#5075 = DIRECTION('',(1.,0.,0.));
#5076 = ADVANCED_FACE('',(#5077,#5080),#5083,.T.);
#5077 = FACE_BOUND('',#5078,.T.);
#5078 = EDGE_LOOP('',(#5079));
#5079 = ORIENTED_EDGE('',*,*,#5055,.T.);
#5080 = FACE_BOUND('',#5081,.T.);
#5081 = EDGE_LOOP('',(#5082));
#5082 = ORIENTED_EDGE('',*,*,#5034,.T.);
#5083 = PLANE('',#5084);
#5084 = AXIS2_PLACEMENT_3D('',#5085,#5086,#5087);
#5085 = CARTESIAN_POINT('',(19.05,35.5,0.));
#5086 = DIRECTION('',(0.,1.,0.));
#5087 = DIRECTION('',(0.,-0.,1.));
#5088 = ADVANCED_FACE('',(#5089),#5108,.T.);
#5089 = FACE_BOUND('',#5090,.T.);
#5090 = EDGE_LOOP('',(#5091,#5100,#5106,#5107));
#5091 = ORIENTED_EDGE('',*,*,#5092,.F.);
#5092 = EDGE_CURVE('',#5093,#5093,#5095,.T.);
#5093 = VERTEX_POINT('',#5094);
#5094 = CARTESIAN_POINT('',(-28.55,35.5,1.16341445919E-15));
#5095 = CIRCLE('',#5096,9.5);
#5096 = AXIS2_PLACEMENT_3D('',#5097,#5098,#5099);
#5097 = CARTESIAN_POINT('',(-19.05,35.5,0.));
#5098 = DIRECTION('',(-0.,1.,0.));
#5099 = DIRECTION('',(1.,0.,0.));
#5100 = ORIENTED_EDGE('',*,*,#5101,.T.);
#5101 = EDGE_CURVE('',#5093,#1973,#5102,.T.);
#5102 = LINE('',#5103,#5104);
#5103 = CARTESIAN_POINT('',(-28.55,33.5,1.16341445919E-15));
#5104 = VECTOR('',#5105,1.);
#5105 = DIRECTION('',(0.,-1.,0.));
#5106 = ORIENTED_EDGE('',*,*,#1972,.F.);
#5107 = ORIENTED_EDGE('',*,*,#5101,.F.);
#5108 = CYLINDRICAL_SURFACE('',#5109,9.5);
#5109 = AXIS2_PLACEMENT_3D('',#5110,#5111,#5112);
#5110 = CARTESIAN_POINT('',(-19.05,33.5,0.));
#5111 = DIRECTION('',(0.,1.,0.));
#5112 = DIRECTION('',(1.,0.,0.));
#5113 = ADVANCED_FACE('',(#5114,#5117),#5120,.T.);
#5114 = FACE_BOUND('',#5115,.T.);
#5115 = EDGE_LOOP('',(#5116));
#5116 = ORIENTED_EDGE('',*,*,#5092,.T.);
#5117 = FACE_BOUND('',#5118,.T.);
#5118 = EDGE_LOOP('',(#5119));
#5119 = ORIENTED_EDGE('',*,*,#4889,.T.);
#5120 = PLANE('',#5121);
#5121 = AXIS2_PLACEMENT_3D('',#5122,#5123,#5124);
#5122 = CARTESIAN_POINT('',(-19.05,35.5,0.));
#5123 = DIRECTION('',(0.,1.,0.));
#5124 = DIRECTION('',(0.,-0.,1.));
#5125 = ADVANCED_FACE('',(#5126),#5133,.T.);
#5126 = FACE_BOUND('',#5127,.T.);
#5127 = EDGE_LOOP('',(#5128,#5129,#5130,#5131,#5132));
#5128 = ORIENTED_EDGE('',*,*,#2261,.F.);
#5129 = ORIENTED_EDGE('',*,*,#2705,.T.);
#5130 = ORIENTED_EDGE('',*,*,#3783,.T.);
#5131 = ORIENTED_EDGE('',*,*,#3818,.F.);
#5132 = ORIENTED_EDGE('',*,*,#3926,.T.);
#5133 = CYLINDRICAL_SURFACE('',#5134,2.);
#5134 = AXIS2_PLACEMENT_3D('',#5135,#5136,#5137);
#5135 = CARTESIAN_POINT('',(39.3,7.6,14.5));
#5136 = DIRECTION('',(0.,1.,0.));
#5137 = DIRECTION('',(0.707106781187,0.,-0.707106781187));
#5138 = ADVANCED_FACE('',(#5139),#5146,.T.);
#5139 = FACE_BOUND('',#5140,.T.);
#5140 = EDGE_LOOP('',(#5141,#5142,#5143,#5144,#5145));
#5141 = ORIENTED_EDGE('',*,*,#1332,.F.);
#5142 = ORIENTED_EDGE('',*,*,#996,.T.);
#5143 = ORIENTED_EDGE('',*,*,#3724,.T.);
#5144 = ORIENTED_EDGE('',*,*,#3759,.F.);
#5145 = ORIENTED_EDGE('',*,*,#3858,.T.);
#5146 = CYLINDRICAL_SURFACE('',#5147,2.);
#5147 = AXIS2_PLACEMENT_3D('',#5148,#5149,#5150);
#5148 = CARTESIAN_POINT('',(-39.3,7.6,-14.5));
#5149 = DIRECTION('',(0.,1.,0.));
#5150 = DIRECTION('',(-0.707106781187,0.,0.707106781187));
#5151 = ADVANCED_FACE('',(#5152),#5164,.T.);
#5152 = FACE_BOUND('',#5153,.T.);
#5153 = EDGE_LOOP('',(#5154,#5155,#5156,#5157,#5158));
#5154 = ORIENTED_EDGE('',*,*,#317,.T.);
#5155 = ORIENTED_EDGE('',*,*,#474,.T.);
#5156 = ORIENTED_EDGE('',*,*,#515,.T.);
#5157 = ORIENTED_EDGE('',*,*,#4972,.F.);
#5158 = ORIENTED_EDGE('',*,*,#5159,.F.);
#5159 = EDGE_CURVE('',#318,#4950,#5160,.T.);
#5160 = LINE('',#5161,#5162);
#5161 = CARTESIAN_POINT('',(23.25,43.7,7.274613391789));
#5162 = VECTOR('',#5163,1.);
#5163 = DIRECTION('',(0.,-1.,0.));
#5164 = PLANE('',#5165);
#5165 = AXIS2_PLACEMENT_3D('',#5166,#5167,#5168);
#5166 = CARTESIAN_POINT('',(23.25,43.7,7.274613391789));
#5167 = DIRECTION('',(-5.286776307739E-16,0.,1.));
#5168 = DIRECTION('',(-1.,0.,-5.286776307739E-16));
#5169 = ADVANCED_FACE('',(#5170),#5181,.T.);
#5170 = FACE_BOUND('',#5171,.T.);
#5171 = EDGE_LOOP('',(#5172,#5173,#5174,#5175));
#5172 = ORIENTED_EDGE('',*,*,#334,.T.);
#5173 = ORIENTED_EDGE('',*,*,#5159,.T.);
#5174 = ORIENTED_EDGE('',*,*,#4949,.F.);
#5175 = ORIENTED_EDGE('',*,*,#5176,.F.);
#5176 = EDGE_CURVE('',#335,#4927,#5177,.T.);
#5177 = LINE('',#5178,#5179);
#5178 = CARTESIAN_POINT('',(27.45,43.7,-2.732471542506E-15));
#5179 = VECTOR('',#5180,1.);
#5180 = DIRECTION('',(0.,-1.,0.));
#5181 = PLANE('',#5182);
#5182 = AXIS2_PLACEMENT_3D('',#5183,#5184,#5185);
#5183 = CARTESIAN_POINT('',(27.45,43.7,-2.604465169192E-15));
#5184 = DIRECTION('',(0.866025403784,0.,0.5));
#5185 = DIRECTION('',(-0.5,0.,0.866025403784));
#5186 = ADVANCED_FACE('',(#5187),#5193,.T.);
#5187 = FACE_BOUND('',#5188,.T.);
#5188 = EDGE_LOOP('',(#5189,#5190,#5191,#5192));
#5189 = ORIENTED_EDGE('',*,*,#362,.T.);
#5190 = ORIENTED_EDGE('',*,*,#5176,.T.);
#5191 = ORIENTED_EDGE('',*,*,#4926,.F.);
#5192 = ORIENTED_EDGE('',*,*,#554,.F.);
#5193 = PLANE('',#5194);
#5194 = AXIS2_PLACEMENT_3D('',#5195,#5196,#5197);
#5195 = CARTESIAN_POINT('',(23.25,43.7,-7.274613391789));
#5196 = DIRECTION('',(0.866025403784,0.,-0.5));
#5197 = DIRECTION('',(0.5,0.,0.866025403784));
#5198 = ADVANCED_FACE('',(#5199),#5202,.F.);
#5199 = FACE_BOUND('',#5200,.T.);
#5200 = EDGE_LOOP('',(#5201));
#5201 = ORIENTED_EDGE('',*,*,#299,.T.);
#5202 = PLANE('',#5203);
#5203 = AXIS2_PLACEMENT_3D('',#5204,#5205,#5206);
#5204 = CARTESIAN_POINT('',(19.05,43.7,1.110223024625E-15));
#5205 = DIRECTION('',(0.,-1.,0.));
#5206 = DIRECTION('',(0.,0.,-1.));
#5207 = ADVANCED_FACE('',(#5208),#5220,.T.);
#5208 = FACE_BOUND('',#5209,.T.);
#5209 = EDGE_LOOP('',(#5210,#5211,#5212,#5213,#5214));
#5210 = ORIENTED_EDGE('',*,*,#39,.T.);
#5211 = ORIENTED_EDGE('',*,*,#196,.T.);
#5212 = ORIENTED_EDGE('',*,*,#237,.T.);
#5213 = ORIENTED_EDGE('',*,*,#4827,.F.);
#5214 = ORIENTED_EDGE('',*,*,#5215,.F.);
#5215 = EDGE_CURVE('',#40,#4805,#5216,.T.);
#5216 = LINE('',#5217,#5218);
#5217 = CARTESIAN_POINT('',(-14.85,43.7,7.274613391789));
#5218 = VECTOR('',#5219,1.);
#5219 = DIRECTION('',(0.,-1.,0.));
#5220 = PLANE('',#5221);
#5221 = AXIS2_PLACEMENT_3D('',#5222,#5223,#5224);
#5222 = CARTESIAN_POINT('',(-14.85,43.7,7.274613391789));
#5223 = DIRECTION('',(0.,0.,1.));
#5224 = DIRECTION('',(-1.,0.,0.));
#5225 = ADVANCED_FACE('',(#5226),#5237,.T.);
#5226 = FACE_BOUND('',#5227,.T.);
#5227 = EDGE_LOOP('',(#5228,#5229,#5230,#5231));
#5228 = ORIENTED_EDGE('',*,*,#56,.T.);
#5229 = ORIENTED_EDGE('',*,*,#5215,.T.);
#5230 = ORIENTED_EDGE('',*,*,#4804,.F.);
#5231 = ORIENTED_EDGE('',*,*,#5232,.F.);
#5232 = EDGE_CURVE('',#57,#4782,#5233,.T.);
#5233 = LINE('',#5234,#5235);
#5234 = CARTESIAN_POINT('',(-10.65,43.7,4.9471968284E-15));
#5235 = VECTOR('',#5236,1.);
#5236 = DIRECTION('',(0.,-1.,0.));
#5237 = PLANE('',#5238);
#5238 = AXIS2_PLACEMENT_3D('',#5239,#5240,#5241);
#5239 = CARTESIAN_POINT('',(-10.65,43.7,4.820620645925E-15));
#5240 = DIRECTION('',(0.866025403784,0.,0.5));
#5241 = DIRECTION('',(-0.5,0.,0.866025403784));
#5242 = ADVANCED_FACE('',(#5243),#5249,.T.);
#5243 = FACE_BOUND('',#5244,.T.);
#5244 = EDGE_LOOP('',(#5245,#5246,#5247,#5248));
#5245 = ORIENTED_EDGE('',*,*,#84,.T.);
#5246 = ORIENTED_EDGE('',*,*,#5232,.T.);
#5247 = ORIENTED_EDGE('',*,*,#4781,.F.);
#5248 = ORIENTED_EDGE('',*,*,#276,.F.);
#5249 = PLANE('',#5250);
#5250 = AXIS2_PLACEMENT_3D('',#5251,#5252,#5253);
#5251 = CARTESIAN_POINT('',(-14.85,43.7,-7.274613391789));
#5252 = DIRECTION('',(0.866025403784,0.,-0.5));
#5253 = DIRECTION('',(0.5,0.,0.866025403784));
#5254 = ADVANCED_FACE('',(#5255),#5258,.F.);
#5255 = FACE_BOUND('',#5256,.T.);
#5256 = EDGE_LOOP('',(#5257));
#5257 = ORIENTED_EDGE('',*,*,#21,.T.);
#5258 = PLANE('',#5259);
#5259 = AXIS2_PLACEMENT_3D('',#5260,#5261,#5262);
#5260 = CARTESIAN_POINT('',(-19.05,43.7,-1.665334536938E-15));
#5261 = DIRECTION('',(0.,-1.,0.));
#5262 = DIRECTION('',(0.,0.,-1.));
#5263 = ( GEOMETRIC_REPRESENTATION_CONTEXT(3) 
GLOBAL_UNCERTAINTY_ASSIGNED_CONTEXT((#5267)) 
GLOBAL_UNIT_ASSIGNED_CONTEXT((#5264,#5265,#5266)) REPRESENTATION_CONTEXT
('Context #1','3D Context with UNIT and UNCERTAINTY') );
#5264 = ( LENGTH_UNIT() NAMED_UNIT(*) SI_UNIT(.MILLI.,.METRE.) );
#5265 = ( NAMED_UNIT(*) PLANE_ANGLE_UNIT() SI_UNIT($,.RADIAN.) );
#5266 = ( NAMED_UNIT(*) SI_UNIT($,.STERADIAN.) SOLID_ANGLE_UNIT() );
#5267 = UNCERTAINTY_MEASURE_WITH_UNIT(LENGTH_MEASURE(5.E-04),#5264,
  'distance_accuracy_value','confusion accuracy');
#5268 = PRODUCT_RELATED_PRODUCT_CATEGORY('part',$,(#7));
#5269 = SHAPE_DEFINITION_REPRESENTATION(#5270,#5276);
#5270 = PRODUCT_DEFINITION_SHAPE('','',#5271);
#5271 = PRODUCT_DEFINITION('design','',#5272,#5275);
#5272 = PRODUCT_DEFINITION_FORMATION('','',#5273);
#5273 = PRODUCT('RSB-600-001','RSB-600-001','',(#5274));
#5274 = PRODUCT_CONTEXT('',#2,'mechanical');
#5275 = PRODUCT_DEFINITION_CONTEXT('part definition',#2,'design');
#5276 = ADVANCED_BREP_SHAPE_REPRESENTATION('',(#11,#5277),#5427);
#5277 = MANIFOLD_SOLID_BREP('',#5278);
#5278 = CLOSED_SHELL('',(#5279,#5319,#5350,#5374,#5398,#5415));
#5279 = ADVANCED_FACE('',(#5280),#5314,.T.);
#5280 = FACE_BOUND('',#5281,.T.);
#5281 = EDGE_LOOP('',(#5282,#5292,#5300,#5308));
#5282 = ORIENTED_EDGE('',*,*,#5283,.T.);
#5283 = EDGE_CURVE('',#5284,#5286,#5288,.T.);
#5284 = VERTEX_POINT('',#5285);
#5285 = CARTESIAN_POINT('',(-7.95,31.266290234855,-9.232));
#5286 = VERTEX_POINT('',#5287);
#5287 = CARTESIAN_POINT('',(-7.95,31.866290234855,-9.232));
#5288 = LINE('',#5289,#5290);
#5289 = CARTESIAN_POINT('',(-7.95,31.866290234855,-9.232));
#5290 = VECTOR('',#5291,1.);
#5291 = DIRECTION('',(0.,1.,0.));
#5292 = ORIENTED_EDGE('',*,*,#5293,.T.);
#5293 = EDGE_CURVE('',#5286,#5294,#5296,.T.);
#5294 = VERTEX_POINT('',#5295);
#5295 = CARTESIAN_POINT('',(7.95,31.866290234855,-9.232));
#5296 = LINE('',#5297,#5298);
#5297 = CARTESIAN_POINT('',(7.95,31.866290234855,-9.232));
#5298 = VECTOR('',#5299,1.);
#5299 = DIRECTION('',(1.,0.,0.));
#5300 = ORIENTED_EDGE('',*,*,#5301,.T.);
#5301 = EDGE_CURVE('',#5294,#5302,#5304,.T.);
#5302 = VERTEX_POINT('',#5303);
#5303 = CARTESIAN_POINT('',(7.95,31.266290234855,-9.232));
#5304 = LINE('',#5305,#5306);
#5305 = CARTESIAN_POINT('',(7.95,31.266290234855,-9.232));
#5306 = VECTOR('',#5307,1.);
#5307 = DIRECTION('',(1.850371707709E-15,-1.,0.));
#5308 = ORIENTED_EDGE('',*,*,#5309,.T.);
#5309 = EDGE_CURVE('',#5302,#5284,#5310,.T.);
#5310 = LINE('',#5311,#5312);
#5311 = CARTESIAN_POINT('',(-7.95,31.266290234855,-9.232));
#5312 = VECTOR('',#5313,1.);
#5313 = DIRECTION('',(-1.,0.,0.));
#5314 = PLANE('',#5315);
#5315 = AXIS2_PLACEMENT_3D('',#5316,#5317,#5318);
#5316 = CARTESIAN_POINT('',(-7.771561172376E-15,31.566290234855,-9.232)
  );
#5317 = DIRECTION('',(0.,0.,-1.));
#5318 = DIRECTION('',(-1.,0.,0.));
#5319 = ADVANCED_FACE('',(#5320),#5345,.T.);
#5320 = FACE_BOUND('',#5321,.T.);
#5321 = EDGE_LOOP('',(#5322,#5330,#5338,#5344));
#5322 = ORIENTED_EDGE('',*,*,#5323,.F.);
#5323 = EDGE_CURVE('',#5324,#5286,#5326,.T.);
#5324 = VERTEX_POINT('',#5325);
#5325 = CARTESIAN_POINT('',(-7.95,31.866290234855,9.232));
#5326 = LINE('',#5327,#5328);
#5327 = CARTESIAN_POINT('',(-7.95,31.866290234855,0.));
#5328 = VECTOR('',#5329,1.);
#5329 = DIRECTION('',(0.,0.,-1.));
#5330 = ORIENTED_EDGE('',*,*,#5331,.F.);
#5331 = EDGE_CURVE('',#5332,#5324,#5334,.T.);
#5332 = VERTEX_POINT('',#5333);
#5333 = CARTESIAN_POINT('',(7.95,31.866290234855,9.232));
#5334 = LINE('',#5335,#5336);
#5335 = CARTESIAN_POINT('',(7.95,31.866290234855,9.232));
#5336 = VECTOR('',#5337,1.);
#5337 = DIRECTION('',(-1.,0.,0.));
#5338 = ORIENTED_EDGE('',*,*,#5339,.F.);
#5339 = EDGE_CURVE('',#5294,#5332,#5340,.T.);
#5340 = LINE('',#5341,#5342);
#5341 = CARTESIAN_POINT('',(7.95,31.866290234855,0.));
#5342 = VECTOR('',#5343,1.);
#5343 = DIRECTION('',(0.,0.,1.));
#5344 = ORIENTED_EDGE('',*,*,#5293,.F.);
#5345 = PLANE('',#5346);
#5346 = AXIS2_PLACEMENT_3D('',#5347,#5348,#5349);
#5347 = CARTESIAN_POINT('',(7.95,31.866290234855,0.));
#5348 = DIRECTION('',(0.,1.,0.));
#5349 = DIRECTION('',(-1.,0.,0.));
#5350 = ADVANCED_FACE('',(#5351),#5369,.T.);
#5351 = FACE_BOUND('',#5352,.T.);
#5352 = EDGE_LOOP('',(#5353,#5354,#5362,#5368));
#5353 = ORIENTED_EDGE('',*,*,#5339,.T.);
#5354 = ORIENTED_EDGE('',*,*,#5355,.F.);
#5355 = EDGE_CURVE('',#5356,#5332,#5358,.T.);
#5356 = VERTEX_POINT('',#5357);
#5357 = CARTESIAN_POINT('',(7.95,31.266290234855,9.232));
#5358 = LINE('',#5359,#5360);
#5359 = CARTESIAN_POINT('',(7.95,31.266290234855,9.232));
#5360 = VECTOR('',#5361,1.);
#5361 = DIRECTION('',(-1.850371707709E-15,1.,0.));
#5362 = ORIENTED_EDGE('',*,*,#5363,.F.);
#5363 = EDGE_CURVE('',#5302,#5356,#5364,.T.);
#5364 = LINE('',#5365,#5366);
#5365 = CARTESIAN_POINT('',(7.95,31.266290234855,0.));
#5366 = VECTOR('',#5367,1.);
#5367 = DIRECTION('',(0.,0.,1.));
#5368 = ORIENTED_EDGE('',*,*,#5301,.F.);
#5369 = PLANE('',#5370);
#5370 = AXIS2_PLACEMENT_3D('',#5371,#5372,#5373);
#5371 = CARTESIAN_POINT('',(7.95,31.266290234855,0.));
#5372 = DIRECTION('',(1.,1.850371707709E-15,0.));
#5373 = DIRECTION('',(-1.850371707709E-15,1.,0.));
#5374 = ADVANCED_FACE('',(#5375),#5393,.T.);
#5375 = FACE_BOUND('',#5376,.T.);
#5376 = EDGE_LOOP('',(#5377,#5378,#5386,#5392));
#5377 = ORIENTED_EDGE('',*,*,#5363,.T.);
#5378 = ORIENTED_EDGE('',*,*,#5379,.F.);
#5379 = EDGE_CURVE('',#5380,#5356,#5382,.T.);
#5380 = VERTEX_POINT('',#5381);
#5381 = CARTESIAN_POINT('',(-7.95,31.266290234855,9.232));
#5382 = LINE('',#5383,#5384);
#5383 = CARTESIAN_POINT('',(-7.95,31.266290234855,9.232));
#5384 = VECTOR('',#5385,1.);
#5385 = DIRECTION('',(1.,0.,0.));
#5386 = ORIENTED_EDGE('',*,*,#5387,.F.);
#5387 = EDGE_CURVE('',#5284,#5380,#5388,.T.);
#5388 = LINE('',#5389,#5390);
#5389 = CARTESIAN_POINT('',(-7.95,31.266290234855,0.));
#5390 = VECTOR('',#5391,1.);
#5391 = DIRECTION('',(0.,0.,1.));
#5392 = ORIENTED_EDGE('',*,*,#5309,.F.);
#5393 = PLANE('',#5394);
#5394 = AXIS2_PLACEMENT_3D('',#5395,#5396,#5397);
#5395 = CARTESIAN_POINT('',(-7.95,31.266290234855,0.));
#5396 = DIRECTION('',(0.,-1.,0.));
#5397 = DIRECTION('',(1.,0.,0.));
#5398 = ADVANCED_FACE('',(#5399),#5410,.T.);
#5399 = FACE_BOUND('',#5400,.T.);
#5400 = EDGE_LOOP('',(#5401,#5402,#5408,#5409));
#5401 = ORIENTED_EDGE('',*,*,#5387,.T.);
#5402 = ORIENTED_EDGE('',*,*,#5403,.F.);
#5403 = EDGE_CURVE('',#5324,#5380,#5404,.T.);
#5404 = LINE('',#5405,#5406);
#5405 = CARTESIAN_POINT('',(-7.95,31.866290234855,9.232));
#5406 = VECTOR('',#5407,1.);
#5407 = DIRECTION('',(0.,-1.,0.));
#5408 = ORIENTED_EDGE('',*,*,#5323,.T.);
#5409 = ORIENTED_EDGE('',*,*,#5283,.F.);
#5410 = PLANE('',#5411);
#5411 = AXIS2_PLACEMENT_3D('',#5412,#5413,#5414);
#5412 = CARTESIAN_POINT('',(-7.95,31.866290234855,0.));
#5413 = DIRECTION('',(-1.,0.,0.));
#5414 = DIRECTION('',(0.,-1.,0.));
#5415 = ADVANCED_FACE('',(#5416),#5422,.T.);
#5416 = FACE_BOUND('',#5417,.T.);
#5417 = EDGE_LOOP('',(#5418,#5419,#5420,#5421));
#5418 = ORIENTED_EDGE('',*,*,#5403,.T.);
#5419 = ORIENTED_EDGE('',*,*,#5379,.T.);
#5420 = ORIENTED_EDGE('',*,*,#5355,.T.);
#5421 = ORIENTED_EDGE('',*,*,#5331,.T.);
#5422 = PLANE('',#5423);
#5423 = AXIS2_PLACEMENT_3D('',#5424,#5425,#5426);
#5424 = CARTESIAN_POINT('',(-7.771561172376E-15,31.566290234855,9.232));
#5425 = DIRECTION('',(0.,0.,1.));
#5426 = DIRECTION('',(1.,0.,-0.));
#5427 = ( GEOMETRIC_REPRESENTATION_CONTEXT(3) 
GLOBAL_UNCERTAINTY_ASSIGNED_CONTEXT((#5431)) 
GLOBAL_UNIT_ASSIGNED_CONTEXT((#5428,#5429,#5430)) REPRESENTATION_CONTEXT
('Context #1','3D Context with UNIT and UNCERTAINTY') );
#5428 = ( LENGTH_UNIT() NAMED_UNIT(*) SI_UNIT(.MILLI.,.METRE.) );
#5429 = ( NAMED_UNIT(*) PLANE_ANGLE_UNIT() SI_UNIT($,.RADIAN.) );
#5430 = ( NAMED_UNIT(*) SI_UNIT($,.STERADIAN.) SOLID_ANGLE_UNIT() );
#5431 = UNCERTAINTY_MEASURE_WITH_UNIT(LENGTH_MEASURE(1.E-07),#5428,
  'distance_accuracy_value','confusion accuracy');
#5432 = PRODUCT_RELATED_PRODUCT_CATEGORY('part',$,(#5273));
#5433 = SHAPE_DEFINITION_REPRESENTATION(#5434,#5440);
#5434 = PRODUCT_DEFINITION_SHAPE('','',#5435);
#5435 = PRODUCT_DEFINITION('design','',#5436,#5439);
#5436 = PRODUCT_DEFINITION_FORMATION('','',#5437);
#5437 = PRODUCT('RSB-600-002','RSB-600-002','',(#5438));
#5438 = PRODUCT_CONTEXT('',#2,'mechanical');
#5439 = PRODUCT_DEFINITION_CONTEXT('part definition',#2,'design');
#5440 = ADVANCED_BREP_SHAPE_REPRESENTATION('',(#11,#5441),#5591);
#5441 = MANIFOLD_SOLID_BREP('',#5442);
#5442 = CLOSED_SHELL('',(#5443,#5483,#5514,#5538,#5562,#5579));
#5443 = ADVANCED_FACE('',(#5444),#5478,.T.);
#5444 = FACE_BOUND('',#5445,.T.);
#5445 = EDGE_LOOP('',(#5446,#5456,#5464,#5472));
#5446 = ORIENTED_EDGE('',*,*,#5447,.T.);
#5447 = EDGE_CURVE('',#5448,#5450,#5452,.T.);
#5448 = VERTEX_POINT('',#5449);
#5449 = CARTESIAN_POINT('',(-7.95,26.48412590672,-9.232));
#5450 = VERTEX_POINT('',#5451);
#5451 = CARTESIAN_POINT('',(-7.95,27.08412590672,-9.232));
#5452 = LINE('',#5453,#5454);
#5453 = CARTESIAN_POINT('',(-7.95,27.08412590672,-9.232));
#5454 = VECTOR('',#5455,1.);
#5455 = DIRECTION('',(0.,1.,0.));
#5456 = ORIENTED_EDGE('',*,*,#5457,.T.);
#5457 = EDGE_CURVE('',#5450,#5458,#5460,.T.);
#5458 = VERTEX_POINT('',#5459);
#5459 = CARTESIAN_POINT('',(7.95,27.08412590672,-9.232));
#5460 = LINE('',#5461,#5462);
#5461 = CARTESIAN_POINT('',(7.95,27.08412590672,-9.232));
#5462 = VECTOR('',#5463,1.);
#5463 = DIRECTION('',(1.,0.,0.));
#5464 = ORIENTED_EDGE('',*,*,#5465,.T.);
#5465 = EDGE_CURVE('',#5458,#5466,#5468,.T.);
#5466 = VERTEX_POINT('',#5467);
#5467 = CARTESIAN_POINT('',(7.95,26.48412590672,-9.232));
#5468 = LINE('',#5469,#5470);
#5469 = CARTESIAN_POINT('',(7.95,26.48412590672,-9.232));
#5470 = VECTOR('',#5471,1.);
#5471 = DIRECTION('',(0.,-1.,0.));
#5472 = ORIENTED_EDGE('',*,*,#5473,.T.);
#5473 = EDGE_CURVE('',#5466,#5448,#5474,.T.);
#5474 = LINE('',#5475,#5476);
#5475 = CARTESIAN_POINT('',(-7.95,26.48412590672,-9.232));
#5476 = VECTOR('',#5477,1.);
#5477 = DIRECTION('',(-1.,0.,0.));
#5478 = PLANE('',#5479);
#5479 = AXIS2_PLACEMENT_3D('',#5480,#5481,#5482);
#5480 = CARTESIAN_POINT('',(-7.771561172376E-15,26.78412590672,-9.232));
#5481 = DIRECTION('',(0.,0.,-1.));
#5482 = DIRECTION('',(-1.,0.,0.));
#5483 = ADVANCED_FACE('',(#5484),#5509,.T.);
#5484 = FACE_BOUND('',#5485,.T.);
#5485 = EDGE_LOOP('',(#5486,#5494,#5502,#5508));
#5486 = ORIENTED_EDGE('',*,*,#5487,.F.);
#5487 = EDGE_CURVE('',#5488,#5450,#5490,.T.);
#5488 = VERTEX_POINT('',#5489);
#5489 = CARTESIAN_POINT('',(-7.95,27.08412590672,9.232));
#5490 = LINE('',#5491,#5492);
#5491 = CARTESIAN_POINT('',(-7.95,27.08412590672,0.));
#5492 = VECTOR('',#5493,1.);
#5493 = DIRECTION('',(0.,0.,-1.));
#5494 = ORIENTED_EDGE('',*,*,#5495,.F.);
#5495 = EDGE_CURVE('',#5496,#5488,#5498,.T.);
#5496 = VERTEX_POINT('',#5497);
#5497 = CARTESIAN_POINT('',(7.95,27.08412590672,9.232));
#5498 = LINE('',#5499,#5500);
#5499 = CARTESIAN_POINT('',(7.95,27.08412590672,9.232));
#5500 = VECTOR('',#5501,1.);
#5501 = DIRECTION('',(-1.,0.,0.));
#5502 = ORIENTED_EDGE('',*,*,#5503,.F.);
#5503 = EDGE_CURVE('',#5458,#5496,#5504,.T.);
#5504 = LINE('',#5505,#5506);
#5505 = CARTESIAN_POINT('',(7.95,27.08412590672,0.));
#5506 = VECTOR('',#5507,1.);
#5507 = DIRECTION('',(0.,0.,1.));
#5508 = ORIENTED_EDGE('',*,*,#5457,.F.);
#5509 = PLANE('',#5510);
#5510 = AXIS2_PLACEMENT_3D('',#5511,#5512,#5513);
#5511 = CARTESIAN_POINT('',(7.95,27.08412590672,0.));
#5512 = DIRECTION('',(0.,1.,0.));
#5513 = DIRECTION('',(-1.,0.,0.));
#5514 = ADVANCED_FACE('',(#5515),#5533,.T.);
#5515 = FACE_BOUND('',#5516,.T.);
#5516 = EDGE_LOOP('',(#5517,#5518,#5526,#5532));
#5517 = ORIENTED_EDGE('',*,*,#5503,.T.);
#5518 = ORIENTED_EDGE('',*,*,#5519,.F.);
#5519 = EDGE_CURVE('',#5520,#5496,#5522,.T.);
#5520 = VERTEX_POINT('',#5521);
#5521 = CARTESIAN_POINT('',(7.95,26.48412590672,9.232));
#5522 = LINE('',#5523,#5524);
#5523 = CARTESIAN_POINT('',(7.95,26.48412590672,9.232));
#5524 = VECTOR('',#5525,1.);
#5525 = DIRECTION('',(0.,1.,0.));
#5526 = ORIENTED_EDGE('',*,*,#5527,.F.);
#5527 = EDGE_CURVE('',#5466,#5520,#5528,.T.);
#5528 = LINE('',#5529,#5530);
#5529 = CARTESIAN_POINT('',(7.95,26.48412590672,0.));
#5530 = VECTOR('',#5531,1.);
#5531 = DIRECTION('',(0.,0.,1.));
#5532 = ORIENTED_EDGE('',*,*,#5465,.F.);
#5533 = PLANE('',#5534);
#5534 = AXIS2_PLACEMENT_3D('',#5535,#5536,#5537);
#5535 = CARTESIAN_POINT('',(7.95,26.48412590672,0.));
#5536 = DIRECTION('',(1.,0.,0.));
#5537 = DIRECTION('',(-0.,1.,0.));
#5538 = ADVANCED_FACE('',(#5539),#5557,.T.);
#5539 = FACE_BOUND('',#5540,.T.);
#5540 = EDGE_LOOP('',(#5541,#5542,#5550,#5556));
#5541 = ORIENTED_EDGE('',*,*,#5527,.T.);
#5542 = ORIENTED_EDGE('',*,*,#5543,.F.);
#5543 = EDGE_CURVE('',#5544,#5520,#5546,.T.);
#5544 = VERTEX_POINT('',#5545);
#5545 = CARTESIAN_POINT('',(-7.95,26.48412590672,9.232));
#5546 = LINE('',#5547,#5548);
#5547 = CARTESIAN_POINT('',(-7.95,26.48412590672,9.232));
#5548 = VECTOR('',#5549,1.);
#5549 = DIRECTION('',(1.,0.,0.));
#5550 = ORIENTED_EDGE('',*,*,#5551,.F.);
#5551 = EDGE_CURVE('',#5448,#5544,#5552,.T.);
#5552 = LINE('',#5553,#5554);
#5553 = CARTESIAN_POINT('',(-7.95,26.48412590672,0.));
#5554 = VECTOR('',#5555,1.);
#5555 = DIRECTION('',(0.,0.,1.));
#5556 = ORIENTED_EDGE('',*,*,#5473,.F.);
#5557 = PLANE('',#5558);
#5558 = AXIS2_PLACEMENT_3D('',#5559,#5560,#5561);
#5559 = CARTESIAN_POINT('',(-7.95,26.48412590672,0.));
#5560 = DIRECTION('',(0.,-1.,0.));
#5561 = DIRECTION('',(1.,0.,0.));
#5562 = ADVANCED_FACE('',(#5563),#5574,.T.);
#5563 = FACE_BOUND('',#5564,.T.);
#5564 = EDGE_LOOP('',(#5565,#5566,#5572,#5573));
#5565 = ORIENTED_EDGE('',*,*,#5551,.T.);
#5566 = ORIENTED_EDGE('',*,*,#5567,.F.);
#5567 = EDGE_CURVE('',#5488,#5544,#5568,.T.);
#5568 = LINE('',#5569,#5570);
#5569 = CARTESIAN_POINT('',(-7.95,27.08412590672,9.232));
#5570 = VECTOR('',#5571,1.);
#5571 = DIRECTION('',(0.,-1.,0.));
#5572 = ORIENTED_EDGE('',*,*,#5487,.T.);
#5573 = ORIENTED_EDGE('',*,*,#5447,.F.);
#5574 = PLANE('',#5575);
#5575 = AXIS2_PLACEMENT_3D('',#5576,#5577,#5578);
#5576 = CARTESIAN_POINT('',(-7.95,27.08412590672,0.));
#5577 = DIRECTION('',(-1.,0.,0.));
#5578 = DIRECTION('',(0.,-1.,0.));
#5579 = ADVANCED_FACE('',(#5580),#5586,.T.);
#5580 = FACE_BOUND('',#5581,.T.);
#5581 = EDGE_LOOP('',(#5582,#5583,#5584,#5585));
#5582 = ORIENTED_EDGE('',*,*,#5567,.T.);
#5583 = ORIENTED_EDGE('',*,*,#5543,.T.);
#5584 = ORIENTED_EDGE('',*,*,#5519,.T.);
#5585 = ORIENTED_EDGE('',*,*,#5495,.T.);
#5586 = PLANE('',#5587);
#5587 = AXIS2_PLACEMENT_3D('',#5588,#5589,#5590);
#5588 = CARTESIAN_POINT('',(-7.771561172376E-15,26.78412590672,9.232));
#5589 = DIRECTION('',(0.,0.,1.));
#5590 = DIRECTION('',(1.,0.,-0.));
#5591 = ( GEOMETRIC_REPRESENTATION_CONTEXT(3) 
GLOBAL_UNCERTAINTY_ASSIGNED_CONTEXT((#5595)) 
GLOBAL_UNIT_ASSIGNED_CONTEXT((#5592,#5593,#5594)) REPRESENTATION_CONTEXT
('Context #1','3D Context with UNIT and UNCERTAINTY') );
#5592 = ( LENGTH_UNIT() NAMED_UNIT(*) SI_UNIT(.MILLI.,.METRE.) );
#5593 = ( NAMED_UNIT(*) PLANE_ANGLE_UNIT() SI_UNIT($,.RADIAN.) );
#5594 = ( NAMED_UNIT(*) SI_UNIT($,.STERADIAN.) SOLID_ANGLE_UNIT() );
#5595 = UNCERTAINTY_MEASURE_WITH_UNIT(LENGTH_MEASURE(1.E-07),#5592,
  'distance_accuracy_value','confusion accuracy');
#5596 = PRODUCT_RELATED_PRODUCT_CATEGORY('part',$,(#5437));
#5597 = SHAPE_DEFINITION_REPRESENTATION(#5598,#5604);
#5598 = PRODUCT_DEFINITION_SHAPE('','',#5599);
#5599 = PRODUCT_DEFINITION('design','',#5600,#5603);
#5600 = PRODUCT_DEFINITION_FORMATION('','',#5601);
#5601 = PRODUCT('RSB-600-003','RSB-600-003','',(#5602));
#5602 = PRODUCT_CONTEXT('',#2,'mechanical');
#5603 = PRODUCT_DEFINITION_CONTEXT('part definition',#2,'design');
#5604 = ADVANCED_BREP_SHAPE_REPRESENTATION('',(#11,#5605),#6543);
#5605 = MANIFOLD_SOLID_BREP('',#5606);
#5606 = CLOSED_SHELL('',(#5607,#5724,#5756,#5787,#5802,#5828,#5893,#5910
    ,#5922,#5985,#6041,#6097,#6160,#6209,#6258,#6275,#6292,#6309,#6326,
    #6343,#6361,#6379,#6397,#6415,#6433,#6457,#6488,#6513,#6524,#6534));
#5607 = ADVANCED_FACE('',(#5608),#5719,.T.);
#5608 = FACE_BOUND('',#5609,.T.);
#5609 = EDGE_LOOP('',(#5610,#5621,#5630,#5639,#5650,#5659,#5668,#5677,
    #5686,#5695,#5704,#5711,#5712));
#5610 = ORIENTED_EDGE('',*,*,#5611,.T.);
#5611 = EDGE_CURVE('',#5612,#5614,#5616,.T.);
#5612 = VERTEX_POINT('',#5613);
#5613 = CARTESIAN_POINT('',(16.103824903372,23.586546314549,
    -20.19538689273));
#5614 = VERTEX_POINT('',#5615);
#5615 = CARTESIAN_POINT('',(16.05134169273,23.586546314549,-20.2));
#5616 = B_SPLINE_CURVE_WITH_KNOTS('',3,(#5617,#5618,#5619,#5620),
  .UNSPECIFIED.,.F.,.F.,(4,4),(3.94690000352E-02,4.445908357414E-02),
  .PIECEWISE_BEZIER_KNOTS.);
#5617 = CARTESIAN_POINT('',(16.103824903372,23.586546314549,
    -20.19538689273));
#5618 = CARTESIAN_POINT('',(16.085981685075,23.586546314549,
    -20.1985481783));
#5619 = CARTESIAN_POINT('',(16.067975304527,23.586546314549,-20.2));
#5620 = CARTESIAN_POINT('',(16.05134169273,23.586546314549,-20.2));
#5621 = ORIENTED_EDGE('',*,*,#5622,.T.);
#5622 = EDGE_CURVE('',#5614,#5623,#5625,.T.);
#5623 = VERTEX_POINT('',#5624);
#5624 = CARTESIAN_POINT('',(9.14865830727,23.586546314549,-20.2));
#5625 = CIRCLE('',#5626,3.456379465199);
#5626 = AXIS2_PLACEMENT_3D('',#5627,#5628,#5629);
#5627 = CARTESIAN_POINT('',(12.6,23.4,-20.2));
#5628 = DIRECTION('',(-8.881784197001E-17,0.,1.));
#5629 = DIRECTION('',(-7.201446646217E-18,-1.,-6.396169501792E-34));
#5630 = ORIENTED_EDGE('',*,*,#5631,.T.);
#5631 = EDGE_CURVE('',#5623,#5632,#5634,.T.);
#5632 = VERTEX_POINT('',#5633);
#5633 = CARTESIAN_POINT('',(9.096175096628,23.586546314549,
    -20.19538689273));
#5634 = B_SPLINE_CURVE_WITH_KNOTS('',3,(#5635,#5636,#5637,#5638),
  .UNSPECIFIED.,.F.,.F.,(4,4),(0.133386894473,0.138376978012),
  .PIECEWISE_BEZIER_KNOTS.);
#5635 = CARTESIAN_POINT('',(9.14865830727,23.586546314549,-20.2));
#5636 = CARTESIAN_POINT('',(9.132024695473,23.586546314549,-20.2));
#5637 = CARTESIAN_POINT('',(9.114018314925,23.586546314549,
    -20.1985481783));
#5638 = CARTESIAN_POINT('',(9.096175096628,23.586546314549,
    -20.19538689273));
#5639 = ORIENTED_EDGE('',*,*,#5640,.T.);
#5640 = EDGE_CURVE('',#5632,#5641,#5643,.T.);
#5641 = VERTEX_POINT('',#5642);
#5642 = CARTESIAN_POINT('',(9.096175096628,23.213453685451,
    -20.19538689273));
#5643 = B_SPLINE_CURVE_WITH_KNOTS('',3,(#5644,#5645,#5646,#5647,#5648,
    #5649),.UNSPECIFIED.,.F.,.F.,(4,2,4),(0.256433548293,0.274524890538,
    0.292616232783),.UNSPECIFIED.);
#5644 = CARTESIAN_POINT('',(9.096175096628,23.586546314549,
    -20.19538689273));
#5645 = CARTESIAN_POINT('',(9.096175096628,23.522771108986,
    -20.19598846344));
#5646 = CARTESIAN_POINT('',(9.096175096628,23.46030447415,
    -20.19622445948));
#5647 = CARTESIAN_POINT('',(9.096175096628,23.33969552585,
    -20.19622445948));
#5648 = CARTESIAN_POINT('',(9.096175096628,23.277228891014,
    -20.19598846344));
#5649 = CARTESIAN_POINT('',(9.096175096628,23.213453685451,
    -20.19538689273));
#5650 = ORIENTED_EDGE('',*,*,#5651,.T.);
#5651 = EDGE_CURVE('',#5641,#5652,#5654,.T.);
#5652 = VERTEX_POINT('',#5653);
#5653 = CARTESIAN_POINT('',(9.14865830727,23.213453685451,-20.2));
#5654 = B_SPLINE_CURVE_WITH_KNOTS('',3,(#5655,#5656,#5657,#5658),
  .UNSPECIFIED.,.F.,.F.,(4,4),(3.94690000352E-02,4.445908357414E-02),
  .PIECEWISE_BEZIER_KNOTS.);
#5655 = CARTESIAN_POINT('',(9.096175096628,23.213453685451,
    -20.19538689273));
#5656 = CARTESIAN_POINT('',(9.114018314925,23.213453685451,
    -20.1985481783));
#5657 = CARTESIAN_POINT('',(9.132024695473,23.213453685451,-20.2));
#5658 = CARTESIAN_POINT('',(9.14865830727,23.213453685451,-20.2));
#5659 = ORIENTED_EDGE('',*,*,#5660,.T.);
#5660 = EDGE_CURVE('',#5652,#5661,#5663,.T.);
#5661 = VERTEX_POINT('',#5662);
#5662 = CARTESIAN_POINT('',(16.05134169273,23.213453685451,-20.2));
#5663 = CIRCLE('',#5664,3.456379465199);
#5664 = AXIS2_PLACEMENT_3D('',#5665,#5666,#5667);
#5665 = CARTESIAN_POINT('',(12.6,23.4,-20.2));
#5666 = DIRECTION('',(-8.881784197001E-17,0.,1.));
#5667 = DIRECTION('',(-7.201446646217E-18,-1.,-6.396169501792E-34));
#5668 = ORIENTED_EDGE('',*,*,#5669,.T.);
#5669 = EDGE_CURVE('',#5661,#5670,#5672,.T.);
#5670 = VERTEX_POINT('',#5671);
#5671 = CARTESIAN_POINT('',(16.103824903372,23.213453685451,
    -20.19538689273));
#5672 = B_SPLINE_CURVE_WITH_KNOTS('',3,(#5673,#5674,#5675,#5676),
  .UNSPECIFIED.,.F.,.F.,(4,4),(0.13338689467,0.138376978208),
  .PIECEWISE_BEZIER_KNOTS.);
#5673 = CARTESIAN_POINT('',(16.05134169273,23.213453685451,-20.2));
#5674 = CARTESIAN_POINT('',(16.067975304527,23.213453685451,-20.2));
#5675 = CARTESIAN_POINT('',(16.085981685075,23.213453685451,
    -20.1985481783));
#5676 = CARTESIAN_POINT('',(16.103824903372,23.213453685451,
    -20.19538689273));
#5677 = ORIENTED_EDGE('',*,*,#5678,.T.);
#5678 = EDGE_CURVE('',#5670,#5679,#5681,.T.);
#5679 = VERTEX_POINT('',#5680);
#5680 = CARTESIAN_POINT('',(16.103824903372,23.4,-20.19622445948));
#5681 = B_SPLINE_CURVE_WITH_KNOTS('',3,(#5682,#5683,#5684,#5685),
  .UNSPECIFIED.,.F.,.F.,(4,4),(0.256433548293,0.274524890538),
  .PIECEWISE_BEZIER_KNOTS.);
#5682 = CARTESIAN_POINT('',(16.103824903372,23.213453685451,
    -20.19538689273));
#5683 = CARTESIAN_POINT('',(16.103824903372,23.277228891014,
    -20.19598846344));
#5684 = CARTESIAN_POINT('',(16.103824903372,23.33969552585,
    -20.19622445948));
#5685 = CARTESIAN_POINT('',(16.103824903372,23.4,-20.19622445948));
#5686 = ORIENTED_EDGE('',*,*,#5687,.T.);
#5687 = EDGE_CURVE('',#5679,#5688,#5690,.T.);
#5688 = VERTEX_POINT('',#5689);
#5689 = CARTESIAN_POINT('',(16.349994550117,23.4,-19.96156445328));
#5690 = CIRCLE('',#5691,0.3);
#5691 = AXIS2_PLACEMENT_3D('',#5692,#5693,#5694);
#5692 = CARTESIAN_POINT('',(16.056379465199,23.4,-19.9));
#5693 = DIRECTION('',(0.,-1.,0.));
#5694 = DIRECTION('',(1.,0.,0.));
#5695 = ORIENTED_EDGE('',*,*,#5696,.T.);
#5696 = EDGE_CURVE('',#5688,#5697,#5699,.T.);
#5697 = VERTEX_POINT('',#5698);
#5698 = CARTESIAN_POINT('',(12.6,19.650005449883,-19.96156445328));
#5699 = CIRCLE('',#5700,3.749994550117);
#5700 = AXIS2_PLACEMENT_3D('',#5701,#5702,#5703);
#5701 = CARTESIAN_POINT('',(12.6,23.4,-19.96156445328));
#5702 = DIRECTION('',(0.,0.,-1.));
#5703 = DIRECTION('',(0.,-1.,0.));
#5704 = ORIENTED_EDGE('',*,*,#5705,.T.);
#5705 = EDGE_CURVE('',#5697,#5688,#5706,.T.);
#5706 = CIRCLE('',#5707,3.749994550117);
#5707 = AXIS2_PLACEMENT_3D('',#5708,#5709,#5710);
#5708 = CARTESIAN_POINT('',(12.6,23.4,-19.96156445328));
#5709 = DIRECTION('',(0.,0.,-1.));
#5710 = DIRECTION('',(0.,-1.,0.));
#5711 = ORIENTED_EDGE('',*,*,#5687,.F.);
#5712 = ORIENTED_EDGE('',*,*,#5713,.T.);
#5713 = EDGE_CURVE('',#5679,#5612,#5714,.T.);
#5714 = B_SPLINE_CURVE_WITH_KNOTS('',3,(#5715,#5716,#5717,#5718),
  .UNSPECIFIED.,.F.,.F.,(4,4),(0.274524890538,0.292616232783),
  .PIECEWISE_BEZIER_KNOTS.);
#5715 = CARTESIAN_POINT('',(16.103824903372,23.4,-20.19622445948));
#5716 = CARTESIAN_POINT('',(16.103824903372,23.46030447415,
    -20.19622445948));
#5717 = CARTESIAN_POINT('',(16.103824903372,23.522771108986,
    -20.19598846344));
#5718 = CARTESIAN_POINT('',(16.103824903372,23.586546314549,
    -20.19538689273));
#5719 = TOROIDAL_SURFACE('',#5720,3.456379465199,0.3);
#5720 = AXIS2_PLACEMENT_3D('',#5721,#5722,#5723);
#5721 = CARTESIAN_POINT('',(12.6,23.4,-19.9));
#5722 = DIRECTION('',(8.881784197001E-17,0.,-1.));
#5723 = DIRECTION('',(-1.,0.,-8.881784197001E-17));
#5724 = ADVANCED_FACE('',(#5725),#5751,.F.);
#5725 = FACE_BOUND('',#5726,.T.);
#5726 = EDGE_LOOP('',(#5727,#5728,#5736,#5744,#5750));
#5727 = ORIENTED_EDGE('',*,*,#5678,.F.);
#5728 = ORIENTED_EDGE('',*,*,#5729,.T.);
#5729 = EDGE_CURVE('',#5670,#5730,#5732,.T.);
#5730 = VERTEX_POINT('',#5731);
#5731 = CARTESIAN_POINT('',(16.103824903372,23.213453685451,-19.2));
#5732 = LINE('',#5733,#5734);
#5733 = CARTESIAN_POINT('',(16.103824903372,23.213453685451,-20.2));
#5734 = VECTOR('',#5735,1.);
#5735 = DIRECTION('',(0.,0.,1.));
#5736 = ORIENTED_EDGE('',*,*,#5737,.T.);
#5737 = EDGE_CURVE('',#5730,#5738,#5740,.T.);
#5738 = VERTEX_POINT('',#5739);
#5739 = CARTESIAN_POINT('',(16.103824903372,23.586546314549,-19.2));
#5740 = LINE('',#5741,#5742);
#5741 = CARTESIAN_POINT('',(16.103824903372,23.586546314549,-19.2));
#5742 = VECTOR('',#5743,1.);
#5743 = DIRECTION('',(0.,1.,0.));
#5744 = ORIENTED_EDGE('',*,*,#5745,.F.);
#5745 = EDGE_CURVE('',#5612,#5738,#5746,.T.);
#5746 = LINE('',#5747,#5748);
#5747 = CARTESIAN_POINT('',(16.103824903372,23.586546314549,-20.2));
#5748 = VECTOR('',#5749,1.);
#5749 = DIRECTION('',(0.,0.,1.));
#5750 = ORIENTED_EDGE('',*,*,#5713,.F.);
#5751 = PLANE('',#5752);
#5752 = AXIS2_PLACEMENT_3D('',#5753,#5754,#5755);
#5753 = CARTESIAN_POINT('',(16.103824903372,23.213453685451,-20.2));
#5754 = DIRECTION('',(1.,0.,0.));
#5755 = DIRECTION('',(-0.,1.,0.));
#5756 = ADVANCED_FACE('',(#5757),#5782,.F.);
#5757 = FACE_BOUND('',#5758,.T.);
#5758 = EDGE_LOOP('',(#5759,#5760,#5761,#5769,#5775,#5776));
#5759 = ORIENTED_EDGE('',*,*,#5611,.F.);
#5760 = ORIENTED_EDGE('',*,*,#5745,.T.);
#5761 = ORIENTED_EDGE('',*,*,#5762,.T.);
#5762 = EDGE_CURVE('',#5738,#5763,#5765,.T.);
#5763 = VERTEX_POINT('',#5764);
#5764 = CARTESIAN_POINT('',(9.096175096628,23.586546314549,-19.2));
#5765 = LINE('',#5766,#5767);
#5766 = CARTESIAN_POINT('',(9.096175096628,23.586546314549,-19.2));
#5767 = VECTOR('',#5768,1.);
#5768 = DIRECTION('',(-1.,0.,-8.881784197001E-17));
#5769 = ORIENTED_EDGE('',*,*,#5770,.F.);
#5770 = EDGE_CURVE('',#5632,#5763,#5771,.T.);
#5771 = LINE('',#5772,#5773);
#5772 = CARTESIAN_POINT('',(9.096175096628,23.586546314549,-20.2));
#5773 = VECTOR('',#5774,1.);
#5774 = DIRECTION('',(0.,0.,1.));
#5775 = ORIENTED_EDGE('',*,*,#5631,.F.);
#5776 = ORIENTED_EDGE('',*,*,#5777,.F.);
#5777 = EDGE_CURVE('',#5614,#5623,#5778,.T.);
#5778 = LINE('',#5779,#5780);
#5779 = CARTESIAN_POINT('',(14.351912451686,23.586546314549,-20.2));
#5780 = VECTOR('',#5781,1.);
#5781 = DIRECTION('',(-1.,0.,-8.881784197001E-17));
#5782 = PLANE('',#5783);
#5783 = AXIS2_PLACEMENT_3D('',#5784,#5785,#5786);
#5784 = CARTESIAN_POINT('',(16.103824903372,23.586546314549,-20.2));
#5785 = DIRECTION('',(0.,1.,0.));
#5786 = DIRECTION('',(-1.,0.,-8.881784197001E-17));
#5787 = ADVANCED_FACE('',(#5788),#5797,.T.);
#5788 = FACE_BOUND('',#5789,.T.);
#5789 = EDGE_LOOP('',(#5790,#5791));
#5790 = ORIENTED_EDGE('',*,*,#5660,.F.);
#5791 = ORIENTED_EDGE('',*,*,#5792,.T.);
#5792 = EDGE_CURVE('',#5652,#5661,#5793,.T.);
#5793 = LINE('',#5794,#5795);
#5794 = CARTESIAN_POINT('',(10.848087548314,23.213453685451,-20.2));
#5795 = VECTOR('',#5796,1.);
#5796 = DIRECTION('',(1.,0.,8.881784197001E-17));
#5797 = PLANE('',#5798);
#5798 = AXIS2_PLACEMENT_3D('',#5799,#5800,#5801);
#5799 = CARTESIAN_POINT('',(12.6,23.4,-20.2));
#5800 = DIRECTION('',(8.881784197001E-17,0.,-1.));
#5801 = DIRECTION('',(-1.,0.,-8.881784197001E-17));
#5802 = ADVANCED_FACE('',(#5803),#5823,.F.);
#5803 = FACE_BOUND('',#5804,.T.);
#5804 = EDGE_LOOP('',(#5805,#5806,#5807,#5808,#5816,#5822));
#5805 = ORIENTED_EDGE('',*,*,#5669,.F.);
#5806 = ORIENTED_EDGE('',*,*,#5792,.F.);
#5807 = ORIENTED_EDGE('',*,*,#5651,.F.);
#5808 = ORIENTED_EDGE('',*,*,#5809,.T.);
#5809 = EDGE_CURVE('',#5641,#5810,#5812,.T.);
#5810 = VERTEX_POINT('',#5811);
#5811 = CARTESIAN_POINT('',(9.096175096628,23.213453685451,-19.2));
#5812 = LINE('',#5813,#5814);
#5813 = CARTESIAN_POINT('',(9.096175096628,23.213453685451,-20.2));
#5814 = VECTOR('',#5815,1.);
#5815 = DIRECTION('',(0.,0.,1.));
#5816 = ORIENTED_EDGE('',*,*,#5817,.T.);
#5817 = EDGE_CURVE('',#5810,#5730,#5818,.T.);
#5818 = LINE('',#5819,#5820);
#5819 = CARTESIAN_POINT('',(16.103824903372,23.213453685451,-19.2));
#5820 = VECTOR('',#5821,1.);
#5821 = DIRECTION('',(1.,0.,8.881784197001E-17));
#5822 = ORIENTED_EDGE('',*,*,#5729,.F.);
#5823 = PLANE('',#5824);
#5824 = AXIS2_PLACEMENT_3D('',#5825,#5826,#5827);
#5825 = CARTESIAN_POINT('',(9.096175096628,23.213453685451,-20.2));
#5826 = DIRECTION('',(0.,-1.,0.));
#5827 = DIRECTION('',(1.,0.,8.881784197001E-17));
#5828 = ADVANCED_FACE('',(#5829),#5888,.T.);
#5829 = FACE_BOUND('',#5830,.T.);
#5830 = EDGE_LOOP('',(#5831,#5841,#5849,#5857,#5865,#5871,#5872,#5873,
    #5874,#5882));
#5831 = ORIENTED_EDGE('',*,*,#5832,.T.);
#5832 = EDGE_CURVE('',#5833,#5835,#5837,.T.);
#5833 = VERTEX_POINT('',#5834);
#5834 = CARTESIAN_POINT('',(8.832789493538,25.575,-17.1));
#5835 = VERTEX_POINT('',#5836);
#5836 = CARTESIAN_POINT('',(12.6,27.75,-17.1));
#5837 = ( BOUNDED_CURVE() B_SPLINE_CURVE(2,(#5838,#5839,#5840),
.UNSPECIFIED.,.F.,.F.) B_SPLINE_CURVE_WITH_KNOTS((3,3),(0.,
0.705861444319),.PIECEWISE_BEZIER_KNOTS.) CURVE() 
GEOMETRIC_REPRESENTATION_ITEM() RATIONAL_B_SPLINE_CURVE((1.,
1.154700538379,1.)) REPRESENTATION_ITEM('') );
#5838 = CARTESIAN_POINT('',(8.832789493538,25.575,-17.1));
#5839 = CARTESIAN_POINT('',(10.716394746769,26.6625,-22.28653846153));
#5840 = CARTESIAN_POINT('',(12.6,27.75,-17.1));
#5841 = ORIENTED_EDGE('',*,*,#5842,.T.);
#5842 = EDGE_CURVE('',#5835,#5843,#5845,.T.);
#5843 = VERTEX_POINT('',#5844);
#5844 = CARTESIAN_POINT('',(16.367210506462,25.575,-17.1));
#5845 = ( BOUNDED_CURVE() B_SPLINE_CURVE(2,(#5846,#5847,#5848),
.UNSPECIFIED.,.F.,.F.) B_SPLINE_CURVE_WITH_KNOTS((3,3),(0.,
0.705861444319),.PIECEWISE_BEZIER_KNOTS.) CURVE() 
GEOMETRIC_REPRESENTATION_ITEM() RATIONAL_B_SPLINE_CURVE((1.,
1.154700538379,1.)) REPRESENTATION_ITEM('') );
#5846 = CARTESIAN_POINT('',(12.6,27.75,-17.1));
#5847 = CARTESIAN_POINT('',(14.483605253231,26.6625,-22.28653846153));
#5848 = CARTESIAN_POINT('',(16.367210506462,25.575,-17.1));
#5849 = ORIENTED_EDGE('',*,*,#5850,.T.);
#5850 = EDGE_CURVE('',#5843,#5851,#5853,.T.);
#5851 = VERTEX_POINT('',#5852);
#5852 = CARTESIAN_POINT('',(16.367210506462,21.225,-17.1));
#5853 = ( BOUNDED_CURVE() B_SPLINE_CURVE(2,(#5854,#5855,#5856),
.UNSPECIFIED.,.F.,.F.) B_SPLINE_CURVE_WITH_KNOTS((3,3),(0.,
0.705861444319),.PIECEWISE_BEZIER_KNOTS.) CURVE() 
GEOMETRIC_REPRESENTATION_ITEM() RATIONAL_B_SPLINE_CURVE((1.,
1.154700538379,1.)) REPRESENTATION_ITEM('') );
#5854 = CARTESIAN_POINT('',(16.367210506462,25.575,-17.1));
#5855 = CARTESIAN_POINT('',(16.367210506462,23.4,-22.28653846153));
#5856 = CARTESIAN_POINT('',(16.367210506462,21.225,-17.1));
#5857 = ORIENTED_EDGE('',*,*,#5858,.T.);
#5858 = EDGE_CURVE('',#5851,#5859,#5861,.T.);
#5859 = VERTEX_POINT('',#5860);
#5860 = CARTESIAN_POINT('',(12.6,19.05,-17.1));
#5861 = ( BOUNDED_CURVE() B_SPLINE_CURVE(2,(#5862,#5863,#5864),
.UNSPECIFIED.,.F.,.F.) B_SPLINE_CURVE_WITH_KNOTS((3,3),(0.,
0.705861444319),.PIECEWISE_BEZIER_KNOTS.) CURVE() 
GEOMETRIC_REPRESENTATION_ITEM() RATIONAL_B_SPLINE_CURVE((1.,
1.154700538379,1.)) REPRESENTATION_ITEM('') );
#5862 = CARTESIAN_POINT('',(16.367210506462,21.225,-17.1));
#5863 = CARTESIAN_POINT('',(14.483605253231,20.1375,-22.28653846153));
#5864 = CARTESIAN_POINT('',(12.6,19.05,-17.1));
#5865 = ORIENTED_EDGE('',*,*,#5866,.T.);
#5866 = EDGE_CURVE('',#5859,#5697,#5867,.T.);
#5867 = LINE('',#5868,#5869);
#5868 = CARTESIAN_POINT('',(12.6,19.375,-18.65));
#5869 = VECTOR('',#5870,1.);
#5870 = DIRECTION('',(-1.644382310209E-16,0.205214844297,-0.978716949726
    ));
#5871 = ORIENTED_EDGE('',*,*,#5696,.F.);
#5872 = ORIENTED_EDGE('',*,*,#5705,.F.);
#5873 = ORIENTED_EDGE('',*,*,#5866,.F.);
#5874 = ORIENTED_EDGE('',*,*,#5875,.T.);
#5875 = EDGE_CURVE('',#5859,#5876,#5878,.T.);
#5876 = VERTEX_POINT('',#5877);
#5877 = CARTESIAN_POINT('',(8.832789493538,21.225,-17.1));
#5878 = ( BOUNDED_CURVE() B_SPLINE_CURVE(2,(#5879,#5880,#5881),
.UNSPECIFIED.,.F.,.F.) B_SPLINE_CURVE_WITH_KNOTS((3,3),(0.,
0.705861444319),.PIECEWISE_BEZIER_KNOTS.) CURVE() 
GEOMETRIC_REPRESENTATION_ITEM() RATIONAL_B_SPLINE_CURVE((1.,
1.154700538379,1.)) REPRESENTATION_ITEM('') );
#5879 = CARTESIAN_POINT('',(12.6,19.05,-17.1));
#5880 = CARTESIAN_POINT('',(10.716394746769,20.1375,-22.28653846153));
#5881 = CARTESIAN_POINT('',(8.832789493538,21.225,-17.1));
#5882 = ORIENTED_EDGE('',*,*,#5883,.T.);
#5883 = EDGE_CURVE('',#5876,#5833,#5884,.T.);
#5884 = ( BOUNDED_CURVE() B_SPLINE_CURVE(2,(#5885,#5886,#5887),
.UNSPECIFIED.,.F.,.F.) B_SPLINE_CURVE_WITH_KNOTS((3,3),(0.,
0.705861444319),.PIECEWISE_BEZIER_KNOTS.) CURVE() 
GEOMETRIC_REPRESENTATION_ITEM() RATIONAL_B_SPLINE_CURVE((1.,
1.154700538379,1.)) REPRESENTATION_ITEM('') );
#5885 = CARTESIAN_POINT('',(8.832789493538,21.225,-17.1));
#5886 = CARTESIAN_POINT('',(8.832789493538,23.4,-22.28653846153));
#5887 = CARTESIAN_POINT('',(8.832789493538,25.575,-17.1));
#5888 = CONICAL_SURFACE('',#5889,4.025,0.206683218484);
#5889 = AXIS2_PLACEMENT_3D('',#5890,#5891,#5892);
#5890 = CARTESIAN_POINT('',(12.6,23.4,-18.65));
#5891 = DIRECTION('',(1.7763568394E-16,0.,1.));
#5892 = DIRECTION('',(-7.657704561832E-17,1.,1.360281587252E-32));
#5893 = ADVANCED_FACE('',(#5894),#5905,.F.);
#5894 = FACE_BOUND('',#5895,.T.);
#5895 = EDGE_LOOP('',(#5896,#5897,#5898,#5904));
#5896 = ORIENTED_EDGE('',*,*,#5640,.F.);
#5897 = ORIENTED_EDGE('',*,*,#5770,.T.);
#5898 = ORIENTED_EDGE('',*,*,#5899,.T.);
#5899 = EDGE_CURVE('',#5763,#5810,#5900,.T.);
#5900 = LINE('',#5901,#5902);
#5901 = CARTESIAN_POINT('',(9.096175096628,23.213453685451,-19.2));
#5902 = VECTOR('',#5903,1.);
#5903 = DIRECTION('',(0.,-1.,0.));
#5904 = ORIENTED_EDGE('',*,*,#5809,.F.);
#5905 = PLANE('',#5906);
#5906 = AXIS2_PLACEMENT_3D('',#5907,#5908,#5909);
#5907 = CARTESIAN_POINT('',(9.096175096628,23.586546314549,-20.2));
#5908 = DIRECTION('',(-1.,0.,0.));
#5909 = DIRECTION('',(0.,-1.,0.));
#5910 = ADVANCED_FACE('',(#5911),#5917,.F.);
#5911 = FACE_BOUND('',#5912,.T.);
#5912 = EDGE_LOOP('',(#5913,#5914,#5915,#5916));
#5913 = ORIENTED_EDGE('',*,*,#5899,.F.);
#5914 = ORIENTED_EDGE('',*,*,#5762,.F.);
#5915 = ORIENTED_EDGE('',*,*,#5737,.F.);
#5916 = ORIENTED_EDGE('',*,*,#5817,.F.);
#5917 = PLANE('',#5918);
#5918 = AXIS2_PLACEMENT_3D('',#5919,#5920,#5921);
#5919 = CARTESIAN_POINT('',(12.6,23.4,-19.2));
#5920 = DIRECTION('',(0.,0.,1.));
#5921 = DIRECTION('',(1.,0.,-0.));
#5922 = ADVANCED_FACE('',(#5923),#5980,.F.);
#5923 = FACE_BOUND('',#5924,.T.);
#5924 = EDGE_LOOP('',(#5925,#5926,#5934,#5942,#5950,#5958,#5966,#5974));
#5925 = ORIENTED_EDGE('',*,*,#5858,.F.);
#5926 = ORIENTED_EDGE('',*,*,#5927,.T.);
#5927 = EDGE_CURVE('',#5851,#5928,#5930,.T.);
#5928 = VERTEX_POINT('',#5929);
#5929 = CARTESIAN_POINT('',(16.367210506462,21.225,-13.39986300779));
#5930 = LINE('',#5931,#5932);
#5931 = CARTESIAN_POINT('',(16.367210506462,21.225,-12.5));
#5932 = VECTOR('',#5933,1.);
#5933 = DIRECTION('',(-1.441848083929E-16,0.,1.));
#5934 = ORIENTED_EDGE('',*,*,#5935,.F.);
#5935 = EDGE_CURVE('',#5936,#5928,#5938,.T.);
#5936 = VERTEX_POINT('',#5937);
#5937 = CARTESIAN_POINT('',(16.069783845214,21.053280637064,
    -13.39986300779));
#5938 = LINE('',#5939,#5940);
#5939 = CARTESIAN_POINT('',(14.44871596232,20.117356658501,
    -13.39986300779));
#5940 = VECTOR('',#5941,1.);
#5941 = DIRECTION('',(0.866025403784,0.5,-1.538370149107E-16));
#5942 = ORIENTED_EDGE('',*,*,#5943,.F.);
#5943 = EDGE_CURVE('',#5944,#5936,#5946,.T.);
#5944 = VERTEX_POINT('',#5945);
#5945 = CARTESIAN_POINT('',(16.069783845214,21.053280637064,-13.2));
#5946 = LINE('',#5947,#5948);
#5947 = CARTESIAN_POINT('',(16.069783845214,21.053280637064,
    -13.29993150389));
#5948 = VECTOR('',#5949,1.);
#5949 = DIRECTION('',(-1.7763568394E-16,0.,-1.));
#5950 = ORIENTED_EDGE('',*,*,#5951,.F.);
#5951 = EDGE_CURVE('',#5952,#5944,#5954,.T.);
#5952 = VERTEX_POINT('',#5953);
#5953 = CARTESIAN_POINT('',(12.897426661248,19.221719362936,-13.2));
#5954 = LINE('',#5955,#5956);
#5955 = CARTESIAN_POINT('',(13.972401990239,19.842356658501,-13.2));
#5956 = VECTOR('',#5957,1.);
#5957 = DIRECTION('',(0.866025403784,0.5,-1.538370149107E-16));
#5958 = ORIENTED_EDGE('',*,*,#5959,.F.);
#5959 = EDGE_CURVE('',#5960,#5952,#5962,.T.);
#5960 = VERTEX_POINT('',#5961);
#5961 = CARTESIAN_POINT('',(12.897426661248,19.221719362936,
    -13.39986300779));
#5962 = LINE('',#5963,#5964);
#5963 = CARTESIAN_POINT('',(12.897426661248,19.221719362936,
    -13.29993150389));
#5964 = VECTOR('',#5965,1.);
#5965 = DIRECTION('',(1.7763568394E-16,0.,1.));
#5966 = ORIENTED_EDGE('',*,*,#5967,.F.);
#5967 = EDGE_CURVE('',#5968,#5960,#5970,.T.);
#5968 = VERTEX_POINT('',#5969);
#5969 = CARTESIAN_POINT('',(12.6,19.05,-13.39986300779));
#5970 = LINE('',#5971,#5972);
#5971 = CARTESIAN_POINT('',(14.44871596232,20.117356658501,
    -13.39986300779));
#5972 = VECTOR('',#5973,1.);
#5973 = DIRECTION('',(0.866025403784,0.5,-1.538370149107E-16));
#5974 = ORIENTED_EDGE('',*,*,#5975,.F.);
#5975 = EDGE_CURVE('',#5859,#5968,#5976,.T.);
#5976 = LINE('',#5977,#5978);
#5977 = CARTESIAN_POINT('',(12.6,19.05,-12.5));
#5978 = VECTOR('',#5979,1.);
#5979 = DIRECTION('',(-1.441848083929E-16,0.,1.));
#5980 = PLANE('',#5981);
#5981 = AXIS2_PLACEMENT_3D('',#5982,#5983,#5984);
#5982 = CARTESIAN_POINT('',(12.6,19.05,-12.5));
#5983 = DIRECTION('',(-0.5,0.866025403784,0.));
#5984 = DIRECTION('',(0.866025403784,0.5,-7.691850745534E-17));
#5985 = ADVANCED_FACE('',(#5986),#6036,.F.);
#5986 = FACE_BOUND('',#5987,.T.);
#5987 = EDGE_LOOP('',(#5988,#5989,#5990,#5998,#6006,#6014,#6022,#6030));
#5988 = ORIENTED_EDGE('',*,*,#5875,.F.);
#5989 = ORIENTED_EDGE('',*,*,#5975,.T.);
#5990 = ORIENTED_EDGE('',*,*,#5991,.F.);
#5991 = EDGE_CURVE('',#5992,#5968,#5994,.T.);
#5992 = VERTEX_POINT('',#5993);
#5993 = CARTESIAN_POINT('',(12.302573338752,19.221719362936,
    -13.39986300779));
#5994 = LINE('',#5995,#5996);
#5995 = CARTESIAN_POINT('',(8.867678784449,21.204856658501,
    -13.39986300779));
#5996 = VECTOR('',#5997,1.);
#5997 = DIRECTION('',(0.866025403784,-0.5,-1.538370149107E-16));
#5998 = ORIENTED_EDGE('',*,*,#5999,.F.);
#5999 = EDGE_CURVE('',#6000,#5992,#6002,.T.);
#6000 = VERTEX_POINT('',#6001);
#6001 = CARTESIAN_POINT('',(12.302573338752,19.221719362936,-13.2));
#6002 = LINE('',#6003,#6004);
#6003 = CARTESIAN_POINT('',(12.302573338752,19.221719362936,
    -13.29993150389));
#6004 = VECTOR('',#6005,1.);
#6005 = DIRECTION('',(-1.7763568394E-16,0.,-1.));
#6006 = ORIENTED_EDGE('',*,*,#6007,.F.);
#6007 = EDGE_CURVE('',#6008,#6000,#6010,.T.);
#6008 = VERTEX_POINT('',#6009);
#6009 = CARTESIAN_POINT('',(9.130216154786,21.053280637064,-13.2));
#6010 = LINE('',#6011,#6012);
#6011 = CARTESIAN_POINT('',(9.34399275653,20.929856658501,-13.2));
#6012 = VECTOR('',#6013,1.);
#6013 = DIRECTION('',(0.866025403784,-0.5,-1.538370149107E-16));
#6014 = ORIENTED_EDGE('',*,*,#6015,.F.);
#6015 = EDGE_CURVE('',#6016,#6008,#6018,.T.);
#6016 = VERTEX_POINT('',#6017);
#6017 = CARTESIAN_POINT('',(9.130216154786,21.053280637064,
    -13.39986300779));
#6018 = LINE('',#6019,#6020);
#6019 = CARTESIAN_POINT('',(9.130216154786,21.053280637064,
    -13.29993150389));
#6020 = VECTOR('',#6021,1.);
#6021 = DIRECTION('',(1.7763568394E-16,0.,1.));
#6022 = ORIENTED_EDGE('',*,*,#6023,.F.);
#6023 = EDGE_CURVE('',#6024,#6016,#6026,.T.);
#6024 = VERTEX_POINT('',#6025);
#6025 = CARTESIAN_POINT('',(8.832789493538,21.225,-13.39986300779));
#6026 = LINE('',#6027,#6028);
#6027 = CARTESIAN_POINT('',(8.867678784449,21.204856658501,
    -13.39986300779));
#6028 = VECTOR('',#6029,1.);
#6029 = DIRECTION('',(0.866025403784,-0.5,-1.538370149107E-16));
#6030 = ORIENTED_EDGE('',*,*,#6031,.F.);
#6031 = EDGE_CURVE('',#5876,#6024,#6032,.T.);
#6032 = LINE('',#6033,#6034);
#6033 = CARTESIAN_POINT('',(8.832789493538,21.225,-12.5));
#6034 = VECTOR('',#6035,1.);
#6035 = DIRECTION('',(-1.441848083929E-16,0.,1.));
#6036 = PLANE('',#6037);
#6037 = AXIS2_PLACEMENT_3D('',#6038,#6039,#6040);
#6038 = CARTESIAN_POINT('',(8.832789493538,21.225,-12.5));
#6039 = DIRECTION('',(0.5,0.866025403784,0.));
#6040 = DIRECTION('',(0.866025403784,-0.5,-7.691850745534E-17));
#6041 = ADVANCED_FACE('',(#6042),#6092,.F.);
#6042 = FACE_BOUND('',#6043,.T.);
#6043 = EDGE_LOOP('',(#6044,#6045,#6046,#6054,#6062,#6070,#6078,#6086));
#6044 = ORIENTED_EDGE('',*,*,#5883,.F.);
#6045 = ORIENTED_EDGE('',*,*,#6031,.T.);
#6046 = ORIENTED_EDGE('',*,*,#6047,.F.);
#6047 = EDGE_CURVE('',#6048,#6024,#6050,.T.);
#6048 = VERTEX_POINT('',#6049);
#6049 = CARTESIAN_POINT('',(8.832789493538,21.568438725872,
    -13.39986300779));
#6050 = LINE('',#6051,#6052);
#6051 = CARTESIAN_POINT('',(8.832789493538,26.581926634003,
    -13.39986300779));
#6052 = VECTOR('',#6053,1.);
#6053 = DIRECTION('',(0.,-1.,0.));
#6054 = ORIENTED_EDGE('',*,*,#6055,.F.);
#6055 = EDGE_CURVE('',#6056,#6048,#6058,.T.);
#6056 = VERTEX_POINT('',#6057);
#6057 = CARTESIAN_POINT('',(8.832789493538,21.568438725872,-13.2));
#6058 = LINE('',#6059,#6060);
#6059 = CARTESIAN_POINT('',(8.832789493538,21.568438725872,
    -13.29993150389));
#6060 = VECTOR('',#6061,1.);
#6061 = DIRECTION('',(-1.7763568394E-16,0.,-1.));
#6062 = ORIENTED_EDGE('',*,*,#6063,.F.);
#6063 = EDGE_CURVE('',#6064,#6056,#6066,.T.);
#6064 = VERTEX_POINT('',#6065);
#6065 = CARTESIAN_POINT('',(8.832789493538,25.231561274128,-13.2));
#6066 = LINE('',#6067,#6068);
#6067 = CARTESIAN_POINT('',(8.832789493538,25.481926634003,-13.2));
#6068 = VECTOR('',#6069,1.);
#6069 = DIRECTION('',(0.,-1.,0.));
#6070 = ORIENTED_EDGE('',*,*,#6071,.F.);
#6071 = EDGE_CURVE('',#6072,#6064,#6074,.T.);
#6072 = VERTEX_POINT('',#6073);
#6073 = CARTESIAN_POINT('',(8.832789493538,25.231561274128,
    -13.39986300779));
#6074 = LINE('',#6075,#6076);
#6075 = CARTESIAN_POINT('',(8.832789493538,25.231561274128,
    -13.29993150389));
#6076 = VECTOR('',#6077,1.);
#6077 = DIRECTION('',(1.7763568394E-16,0.,1.));
#6078 = ORIENTED_EDGE('',*,*,#6079,.F.);
#6079 = EDGE_CURVE('',#6080,#6072,#6082,.T.);
#6080 = VERTEX_POINT('',#6081);
#6081 = CARTESIAN_POINT('',(8.832789493538,25.575,-13.39986300779));
#6082 = LINE('',#6083,#6084);
#6083 = CARTESIAN_POINT('',(8.832789493538,26.581926634003,
    -13.39986300779));
#6084 = VECTOR('',#6085,1.);
#6085 = DIRECTION('',(0.,-1.,0.));
#6086 = ORIENTED_EDGE('',*,*,#6087,.F.);
#6087 = EDGE_CURVE('',#5833,#6080,#6088,.T.);
#6088 = LINE('',#6089,#6090);
#6089 = CARTESIAN_POINT('',(8.832789493538,25.575,-12.5));
#6090 = VECTOR('',#6091,1.);
#6091 = DIRECTION('',(-1.441848083929E-16,0.,1.));
#6092 = PLANE('',#6093);
#6093 = AXIS2_PLACEMENT_3D('',#6094,#6095,#6096);
#6094 = CARTESIAN_POINT('',(8.832789493538,25.575,-12.5));
#6095 = DIRECTION('',(1.,0.,-1.441848083929E-16));
#6096 = DIRECTION('',(0.,-1.,0.));
#6097 = ADVANCED_FACE('',(#6098),#6155,.F.);
#6098 = FACE_BOUND('',#6099,.T.);
#6099 = EDGE_LOOP('',(#6100,#6101,#6109,#6117,#6125,#6133,#6141,#6149));
#6100 = ORIENTED_EDGE('',*,*,#5842,.F.);
#6101 = ORIENTED_EDGE('',*,*,#6102,.F.);
#6102 = EDGE_CURVE('',#6103,#5835,#6105,.T.);
#6103 = VERTEX_POINT('',#6104);
#6104 = CARTESIAN_POINT('',(12.6,27.75,-13.39986300779));
#6105 = LINE('',#6106,#6107);
#6106 = CARTESIAN_POINT('',(12.6,27.75,-12.5));
#6107 = VECTOR('',#6108,1.);
#6108 = DIRECTION('',(1.441848083929E-16,0.,-1.));
#6109 = ORIENTED_EDGE('',*,*,#6110,.F.);
#6110 = EDGE_CURVE('',#6111,#6103,#6113,.T.);
#6111 = VERTEX_POINT('',#6112);
#6112 = CARTESIAN_POINT('',(12.897426661248,27.578280637064,
    -13.39986300779));
#6113 = LINE('',#6114,#6115);
#6114 = CARTESIAN_POINT('',(14.518494544142,26.642356658501,
    -13.39986300779));
#6115 = VECTOR('',#6116,1.);
#6116 = DIRECTION('',(-0.866025403784,0.5,1.538370149107E-16));
#6117 = ORIENTED_EDGE('',*,*,#6118,.F.);
#6118 = EDGE_CURVE('',#6119,#6111,#6121,.T.);
#6119 = VERTEX_POINT('',#6120);
#6120 = CARTESIAN_POINT('',(12.897426661248,27.578280637064,-13.2));
#6121 = LINE('',#6122,#6123);
#6122 = CARTESIAN_POINT('',(12.897426661248,27.578280637064,
    -13.29993150389));
#6123 = VECTOR('',#6124,1.);
#6124 = DIRECTION('',(-1.7763568394E-16,0.,-1.));
#6125 = ORIENTED_EDGE('',*,*,#6126,.F.);
#6126 = EDGE_CURVE('',#6127,#6119,#6129,.T.);
#6127 = VERTEX_POINT('',#6128);
#6128 = CARTESIAN_POINT('',(16.069783845214,25.746719362936,-13.2));
#6129 = LINE('',#6130,#6131);
#6130 = CARTESIAN_POINT('',(14.994808516224,26.367356658501,-13.2));
#6131 = VECTOR('',#6132,1.);
#6132 = DIRECTION('',(-0.866025403784,0.5,1.538370149107E-16));
#6133 = ORIENTED_EDGE('',*,*,#6134,.F.);
#6134 = EDGE_CURVE('',#6135,#6127,#6137,.T.);
#6135 = VERTEX_POINT('',#6136);
#6136 = CARTESIAN_POINT('',(16.069783845214,25.746719362936,
    -13.39986300779));
#6137 = LINE('',#6138,#6139);
#6138 = CARTESIAN_POINT('',(16.069783845214,25.746719362936,
    -13.29993150389));
#6139 = VECTOR('',#6140,1.);
#6140 = DIRECTION('',(1.7763568394E-16,0.,1.));
#6141 = ORIENTED_EDGE('',*,*,#6142,.F.);
#6142 = EDGE_CURVE('',#6143,#6135,#6145,.T.);
#6143 = VERTEX_POINT('',#6144);
#6144 = CARTESIAN_POINT('',(16.367210506462,25.575,-13.39986300779));
#6145 = LINE('',#6146,#6147);
#6146 = CARTESIAN_POINT('',(14.518494544142,26.642356658501,
    -13.39986300779));
#6147 = VECTOR('',#6148,1.);
#6148 = DIRECTION('',(-0.866025403784,0.5,1.538370149107E-16));
#6149 = ORIENTED_EDGE('',*,*,#6150,.F.);
#6150 = EDGE_CURVE('',#5843,#6143,#6151,.T.);
#6151 = LINE('',#6152,#6153);
#6152 = CARTESIAN_POINT('',(16.367210506462,25.575,-12.5));
#6153 = VECTOR('',#6154,1.);
#6154 = DIRECTION('',(-1.441848083929E-16,0.,1.));
#6155 = PLANE('',#6156);
#6156 = AXIS2_PLACEMENT_3D('',#6157,#6158,#6159);
#6157 = CARTESIAN_POINT('',(16.367210506462,25.575,-12.5));
#6158 = DIRECTION('',(-0.5,-0.866025403784,0.));
#6159 = DIRECTION('',(-0.866025403784,0.5,7.691850745534E-17));
#6160 = ADVANCED_FACE('',(#6161),#6204,.F.);
#6161 = FACE_BOUND('',#6162,.T.);
#6162 = EDGE_LOOP('',(#6163,#6164,#6165,#6173,#6181,#6189,#6197,#6203));
#6163 = ORIENTED_EDGE('',*,*,#5850,.F.);
#6164 = ORIENTED_EDGE('',*,*,#6150,.T.);
#6165 = ORIENTED_EDGE('',*,*,#6166,.F.);
#6166 = EDGE_CURVE('',#6167,#6143,#6169,.T.);
#6167 = VERTEX_POINT('',#6168);
#6168 = CARTESIAN_POINT('',(16.367210506462,25.231561274128,
    -13.39986300779));
#6169 = LINE('',#6170,#6171);
#6170 = CARTESIAN_POINT('',(16.367210506462,24.406926634003,
    -13.39986300779));
#6171 = VECTOR('',#6172,1.);
#6172 = DIRECTION('',(0.,1.,0.));
#6173 = ORIENTED_EDGE('',*,*,#6174,.F.);
#6174 = EDGE_CURVE('',#6175,#6167,#6177,.T.);
#6175 = VERTEX_POINT('',#6176);
#6176 = CARTESIAN_POINT('',(16.367210506462,25.231561274128,-13.2));
#6177 = LINE('',#6178,#6179);
#6178 = CARTESIAN_POINT('',(16.367210506462,25.231561274128,
    -13.29993150389));
#6179 = VECTOR('',#6180,1.);
#6180 = DIRECTION('',(-1.7763568394E-16,0.,-1.));
#6181 = ORIENTED_EDGE('',*,*,#6182,.F.);
#6182 = EDGE_CURVE('',#6183,#6175,#6185,.T.);
#6183 = VERTEX_POINT('',#6184);
#6184 = CARTESIAN_POINT('',(16.367210506462,21.568438725872,-13.2));
#6185 = LINE('',#6186,#6187);
#6186 = CARTESIAN_POINT('',(16.367210506462,23.306926634003,-13.2));
#6187 = VECTOR('',#6188,1.);
#6188 = DIRECTION('',(0.,1.,0.));
#6189 = ORIENTED_EDGE('',*,*,#6190,.F.);
#6190 = EDGE_CURVE('',#6191,#6183,#6193,.T.);
#6191 = VERTEX_POINT('',#6192);
#6192 = CARTESIAN_POINT('',(16.367210506462,21.568438725872,
    -13.39986300779));
#6193 = LINE('',#6194,#6195);
#6194 = CARTESIAN_POINT('',(16.367210506462,21.568438725872,
    -13.29993150389));
#6195 = VECTOR('',#6196,1.);
#6196 = DIRECTION('',(1.7763568394E-16,0.,1.));
#6197 = ORIENTED_EDGE('',*,*,#6198,.F.);
#6198 = EDGE_CURVE('',#5928,#6191,#6199,.T.);
#6199 = LINE('',#6200,#6201);
#6200 = CARTESIAN_POINT('',(16.367210506462,24.406926634003,
    -13.39986300779));
#6201 = VECTOR('',#6202,1.);
#6202 = DIRECTION('',(0.,1.,0.));
#6203 = ORIENTED_EDGE('',*,*,#5927,.F.);
#6204 = PLANE('',#6205);
#6205 = AXIS2_PLACEMENT_3D('',#6206,#6207,#6208);
#6206 = CARTESIAN_POINT('',(16.367210506462,21.225,-12.5));
#6207 = DIRECTION('',(-1.,0.,0.));
#6208 = DIRECTION('',(0.,1.,0.));
#6209 = ADVANCED_FACE('',(#6210),#6253,.F.);
#6210 = FACE_BOUND('',#6211,.T.);
#6211 = EDGE_LOOP('',(#6212,#6213,#6214,#6222,#6230,#6238,#6246,#6252));
#6212 = ORIENTED_EDGE('',*,*,#5832,.F.);
#6213 = ORIENTED_EDGE('',*,*,#6087,.T.);
#6214 = ORIENTED_EDGE('',*,*,#6215,.F.);
#6215 = EDGE_CURVE('',#6216,#6080,#6218,.T.);
#6216 = VERTEX_POINT('',#6217);
#6217 = CARTESIAN_POINT('',(9.130216154786,25.746719362936,
    -13.39986300779));
#6218 = LINE('',#6219,#6220);
#6219 = CARTESIAN_POINT('',(12.565110709089,27.729856658501,
    -13.39986300779));
#6220 = VECTOR('',#6221,1.);
#6221 = DIRECTION('',(-0.866025403784,-0.5,1.538370149107E-16));
#6222 = ORIENTED_EDGE('',*,*,#6223,.F.);
#6223 = EDGE_CURVE('',#6224,#6216,#6226,.T.);
#6224 = VERTEX_POINT('',#6225);
#6225 = CARTESIAN_POINT('',(9.130216154786,25.746719362936,-13.2));
#6226 = LINE('',#6227,#6228);
#6227 = CARTESIAN_POINT('',(9.130216154786,25.746719362936,
    -13.29993150389));
#6228 = VECTOR('',#6229,1.);
#6229 = DIRECTION('',(-1.7763568394E-16,0.,-1.));
#6230 = ORIENTED_EDGE('',*,*,#6231,.F.);
#6231 = EDGE_CURVE('',#6232,#6224,#6234,.T.);
#6232 = VERTEX_POINT('',#6233);
#6233 = CARTESIAN_POINT('',(12.302573338752,27.578280637064,-13.2));
#6234 = LINE('',#6235,#6236);
#6235 = CARTESIAN_POINT('',(12.088796737008,27.454856658501,-13.2));
#6236 = VECTOR('',#6237,1.);
#6237 = DIRECTION('',(-0.866025403784,-0.5,1.538370149107E-16));
#6238 = ORIENTED_EDGE('',*,*,#6239,.F.);
#6239 = EDGE_CURVE('',#6240,#6232,#6242,.T.);
#6240 = VERTEX_POINT('',#6241);
#6241 = CARTESIAN_POINT('',(12.302573338752,27.578280637064,
    -13.39986300779));
#6242 = LINE('',#6243,#6244);
#6243 = CARTESIAN_POINT('',(12.302573338752,27.578280637064,
    -13.29993150389));
#6244 = VECTOR('',#6245,1.);
#6245 = DIRECTION('',(1.7763568394E-16,0.,1.));
#6246 = ORIENTED_EDGE('',*,*,#6247,.F.);
#6247 = EDGE_CURVE('',#6103,#6240,#6248,.T.);
#6248 = LINE('',#6249,#6250);
#6249 = CARTESIAN_POINT('',(12.565110709089,27.729856658501,
    -13.39986300779));
#6250 = VECTOR('',#6251,1.);
#6251 = DIRECTION('',(-0.866025403784,-0.5,1.538370149107E-16));
#6252 = ORIENTED_EDGE('',*,*,#6102,.T.);
#6253 = PLANE('',#6254);
#6254 = AXIS2_PLACEMENT_3D('',#6255,#6256,#6257);
#6255 = CARTESIAN_POINT('',(12.6,27.75,-12.5));
#6256 = DIRECTION('',(0.5,-0.866025403784,-7.209240419644E-17));
#6257 = DIRECTION('',(-0.866025403784,-0.5,7.691850745534E-17));
#6258 = ADVANCED_FACE('',(#6259),#6270,.F.);
#6259 = FACE_BOUND('',#6260,.T.);
#6260 = EDGE_LOOP('',(#6261,#6262,#6263));
#6261 = ORIENTED_EDGE('',*,*,#6110,.T.);
#6262 = ORIENTED_EDGE('',*,*,#6247,.T.);
#6263 = ORIENTED_EDGE('',*,*,#6264,.T.);
#6264 = EDGE_CURVE('',#6240,#6111,#6265,.T.);
#6265 = CIRCLE('',#6266,4.188853268006);
#6266 = AXIS2_PLACEMENT_3D('',#6267,#6268,#6269);
#6267 = CARTESIAN_POINT('',(12.6,23.4,-13.39986300779));
#6268 = DIRECTION('',(-1.7763568394E-16,0.,-1.));
#6269 = DIRECTION('',(1.,0.,-1.7763568394E-16));
#6270 = PLANE('',#6271);
#6271 = AXIS2_PLACEMENT_3D('',#6272,#6273,#6274);
#6272 = CARTESIAN_POINT('',(12.6,27.588853268006,-13.39986300779));
#6273 = DIRECTION('',(-1.7763568394E-16,0.,-1.));
#6274 = DIRECTION('',(-1.,0.,1.7763568394E-16));
#6275 = ADVANCED_FACE('',(#6276),#6287,.F.);
#6276 = FACE_BOUND('',#6277,.T.);
#6277 = EDGE_LOOP('',(#6278,#6279,#6286));
#6278 = ORIENTED_EDGE('',*,*,#6079,.T.);
#6279 = ORIENTED_EDGE('',*,*,#6280,.T.);
#6280 = EDGE_CURVE('',#6072,#6216,#6281,.T.);
#6281 = CIRCLE('',#6282,4.188853268006);
#6282 = AXIS2_PLACEMENT_3D('',#6283,#6284,#6285);
#6283 = CARTESIAN_POINT('',(12.6,23.4,-13.39986300779));
#6284 = DIRECTION('',(-1.7763568394E-16,0.,-1.));
#6285 = DIRECTION('',(1.,0.,-1.7763568394E-16));
#6286 = ORIENTED_EDGE('',*,*,#6215,.T.);
#6287 = PLANE('',#6288);
#6288 = AXIS2_PLACEMENT_3D('',#6289,#6290,#6291);
#6289 = CARTESIAN_POINT('',(12.6,27.588853268006,-13.39986300779));
#6290 = DIRECTION('',(-1.7763568394E-16,0.,-1.));
#6291 = DIRECTION('',(-1.,0.,1.7763568394E-16));
#6292 = ADVANCED_FACE('',(#6293),#6304,.F.);
#6293 = FACE_BOUND('',#6294,.T.);
#6294 = EDGE_LOOP('',(#6295,#6296,#6297));
#6295 = ORIENTED_EDGE('',*,*,#6047,.T.);
#6296 = ORIENTED_EDGE('',*,*,#6023,.T.);
#6297 = ORIENTED_EDGE('',*,*,#6298,.T.);
#6298 = EDGE_CURVE('',#6016,#6048,#6299,.T.);
#6299 = CIRCLE('',#6300,4.188853268006);
#6300 = AXIS2_PLACEMENT_3D('',#6301,#6302,#6303);
#6301 = CARTESIAN_POINT('',(12.6,23.4,-13.39986300779));
#6302 = DIRECTION('',(-1.7763568394E-16,0.,-1.));
#6303 = DIRECTION('',(1.,0.,-1.7763568394E-16));
#6304 = PLANE('',#6305);
#6305 = AXIS2_PLACEMENT_3D('',#6306,#6307,#6308);
#6306 = CARTESIAN_POINT('',(12.6,27.588853268006,-13.39986300779));
#6307 = DIRECTION('',(-1.7763568394E-16,0.,-1.));
#6308 = DIRECTION('',(-1.,0.,1.7763568394E-16));
#6309 = ADVANCED_FACE('',(#6310),#6321,.F.);
#6310 = FACE_BOUND('',#6311,.T.);
#6311 = EDGE_LOOP('',(#6312,#6313,#6314));
#6312 = ORIENTED_EDGE('',*,*,#5991,.T.);
#6313 = ORIENTED_EDGE('',*,*,#5967,.T.);
#6314 = ORIENTED_EDGE('',*,*,#6315,.T.);
#6315 = EDGE_CURVE('',#5960,#5992,#6316,.T.);
#6316 = CIRCLE('',#6317,4.188853268006);
#6317 = AXIS2_PLACEMENT_3D('',#6318,#6319,#6320);
#6318 = CARTESIAN_POINT('',(12.6,23.4,-13.39986300779));
#6319 = DIRECTION('',(-1.7763568394E-16,0.,-1.));
#6320 = DIRECTION('',(1.,0.,-1.7763568394E-16));
#6321 = PLANE('',#6322);
#6322 = AXIS2_PLACEMENT_3D('',#6323,#6324,#6325);
#6323 = CARTESIAN_POINT('',(12.6,27.588853268006,-13.39986300779));
#6324 = DIRECTION('',(-1.7763568394E-16,0.,-1.));
#6325 = DIRECTION('',(-1.,0.,1.7763568394E-16));
#6326 = ADVANCED_FACE('',(#6327),#6338,.F.);
#6327 = FACE_BOUND('',#6328,.T.);
#6328 = EDGE_LOOP('',(#6329,#6330,#6337));
#6329 = ORIENTED_EDGE('',*,*,#6142,.T.);
#6330 = ORIENTED_EDGE('',*,*,#6331,.T.);
#6331 = EDGE_CURVE('',#6135,#6167,#6332,.T.);
#6332 = CIRCLE('',#6333,4.188853268006);
#6333 = AXIS2_PLACEMENT_3D('',#6334,#6335,#6336);
#6334 = CARTESIAN_POINT('',(12.6,23.4,-13.39986300779));
#6335 = DIRECTION('',(-1.7763568394E-16,0.,-1.));
#6336 = DIRECTION('',(1.,0.,-1.7763568394E-16));
#6337 = ORIENTED_EDGE('',*,*,#6166,.T.);
#6338 = PLANE('',#6339);
#6339 = AXIS2_PLACEMENT_3D('',#6340,#6341,#6342);
#6340 = CARTESIAN_POINT('',(12.6,27.588853268006,-13.39986300779));
#6341 = DIRECTION('',(-1.7763568394E-16,0.,-1.));
#6342 = DIRECTION('',(-1.,0.,1.7763568394E-16));
#6343 = ADVANCED_FACE('',(#6344),#6356,.T.);
#6344 = FACE_BOUND('',#6345,.T.);
#6345 = EDGE_LOOP('',(#6346,#6347,#6348,#6349));
#6346 = ORIENTED_EDGE('',*,*,#6055,.T.);
#6347 = ORIENTED_EDGE('',*,*,#6298,.F.);
#6348 = ORIENTED_EDGE('',*,*,#6015,.T.);
#6349 = ORIENTED_EDGE('',*,*,#6350,.T.);
#6350 = EDGE_CURVE('',#6008,#6056,#6351,.T.);
#6351 = CIRCLE('',#6352,4.188853268006);
#6352 = AXIS2_PLACEMENT_3D('',#6353,#6354,#6355);
#6353 = CARTESIAN_POINT('',(12.6,23.4,-13.2));
#6354 = DIRECTION('',(-1.7763568394E-16,0.,-1.));
#6355 = DIRECTION('',(1.,0.,-1.7763568394E-16));
#6356 = CYLINDRICAL_SURFACE('',#6357,4.188853268006);
#6357 = AXIS2_PLACEMENT_3D('',#6358,#6359,#6360);
#6358 = CARTESIAN_POINT('',(12.6,23.4,-13.29993150389));
#6359 = DIRECTION('',(-1.7763568394E-16,0.,-1.));
#6360 = DIRECTION('',(2.377402260457E-16,1.,-4.223114765368E-32));
#6361 = ADVANCED_FACE('',(#6362),#6374,.T.);
#6362 = FACE_BOUND('',#6363,.T.);
#6363 = EDGE_LOOP('',(#6364,#6365,#6372,#6373));
#6364 = ORIENTED_EDGE('',*,*,#6071,.T.);
#6365 = ORIENTED_EDGE('',*,*,#6366,.T.);
#6366 = EDGE_CURVE('',#6064,#6224,#6367,.T.);
#6367 = CIRCLE('',#6368,4.188853268006);
#6368 = AXIS2_PLACEMENT_3D('',#6369,#6370,#6371);
#6369 = CARTESIAN_POINT('',(12.6,23.4,-13.2));
#6370 = DIRECTION('',(-1.7763568394E-16,0.,-1.));
#6371 = DIRECTION('',(1.,0.,-1.7763568394E-16));
#6372 = ORIENTED_EDGE('',*,*,#6223,.T.);
#6373 = ORIENTED_EDGE('',*,*,#6280,.F.);
#6374 = CYLINDRICAL_SURFACE('',#6375,4.188853268006);
#6375 = AXIS2_PLACEMENT_3D('',#6376,#6377,#6378);
#6376 = CARTESIAN_POINT('',(12.6,23.4,-13.29993150389));
#6377 = DIRECTION('',(-1.7763568394E-16,0.,-1.));
#6378 = DIRECTION('',(2.377402260457E-16,1.,-4.223114765368E-32));
#6379 = ADVANCED_FACE('',(#6380),#6392,.T.);
#6380 = FACE_BOUND('',#6381,.T.);
#6381 = EDGE_LOOP('',(#6382,#6383,#6384,#6385));
#6382 = ORIENTED_EDGE('',*,*,#6118,.T.);
#6383 = ORIENTED_EDGE('',*,*,#6264,.F.);
#6384 = ORIENTED_EDGE('',*,*,#6239,.T.);
#6385 = ORIENTED_EDGE('',*,*,#6386,.T.);
#6386 = EDGE_CURVE('',#6232,#6119,#6387,.T.);
#6387 = CIRCLE('',#6388,4.188853268006);
#6388 = AXIS2_PLACEMENT_3D('',#6389,#6390,#6391);
#6389 = CARTESIAN_POINT('',(12.6,23.4,-13.2));
#6390 = DIRECTION('',(-1.7763568394E-16,0.,-1.));
#6391 = DIRECTION('',(1.,0.,-1.7763568394E-16));
#6392 = CYLINDRICAL_SURFACE('',#6393,4.188853268006);
#6393 = AXIS2_PLACEMENT_3D('',#6394,#6395,#6396);
#6394 = CARTESIAN_POINT('',(12.6,23.4,-13.29993150389));
#6395 = DIRECTION('',(-1.7763568394E-16,0.,-1.));
#6396 = DIRECTION('',(2.377402260457E-16,1.,-4.223114765368E-32));
#6397 = ADVANCED_FACE('',(#6398),#6410,.T.);
#6398 = FACE_BOUND('',#6399,.T.);
#6399 = EDGE_LOOP('',(#6400,#6401,#6408,#6409));
#6400 = ORIENTED_EDGE('',*,*,#5959,.T.);
#6401 = ORIENTED_EDGE('',*,*,#6402,.T.);
#6402 = EDGE_CURVE('',#5952,#6000,#6403,.T.);
#6403 = CIRCLE('',#6404,4.188853268006);
#6404 = AXIS2_PLACEMENT_3D('',#6405,#6406,#6407);
#6405 = CARTESIAN_POINT('',(12.6,23.4,-13.2));
#6406 = DIRECTION('',(-1.7763568394E-16,0.,-1.));
#6407 = DIRECTION('',(1.,0.,-1.7763568394E-16));
#6408 = ORIENTED_EDGE('',*,*,#5999,.T.);
#6409 = ORIENTED_EDGE('',*,*,#6315,.F.);
#6410 = CYLINDRICAL_SURFACE('',#6411,4.188853268006);
#6411 = AXIS2_PLACEMENT_3D('',#6412,#6413,#6414);
#6412 = CARTESIAN_POINT('',(12.6,23.4,-13.29993150389));
#6413 = DIRECTION('',(-1.7763568394E-16,0.,-1.));
#6414 = DIRECTION('',(3.288136637191E-16,-1.,-5.840904004357E-32));
#6415 = ADVANCED_FACE('',(#6416),#6428,.T.);
#6416 = FACE_BOUND('',#6417,.T.);
#6417 = EDGE_LOOP('',(#6418,#6419,#6420,#6421));
#6418 = ORIENTED_EDGE('',*,*,#6174,.T.);
#6419 = ORIENTED_EDGE('',*,*,#6331,.F.);
#6420 = ORIENTED_EDGE('',*,*,#6134,.T.);
#6421 = ORIENTED_EDGE('',*,*,#6422,.T.);
#6422 = EDGE_CURVE('',#6127,#6175,#6423,.T.);
#6423 = CIRCLE('',#6424,4.188853268006);
#6424 = AXIS2_PLACEMENT_3D('',#6425,#6426,#6427);
#6425 = CARTESIAN_POINT('',(12.6,23.4,-13.2));
#6426 = DIRECTION('',(-1.7763568394E-16,0.,-1.));
#6427 = DIRECTION('',(1.,0.,-1.7763568394E-16));
#6428 = CYLINDRICAL_SURFACE('',#6429,4.188853268006);
#6429 = AXIS2_PLACEMENT_3D('',#6430,#6431,#6432);
#6430 = CARTESIAN_POINT('',(12.6,23.4,-13.29993150389));
#6431 = DIRECTION('',(-1.7763568394E-16,0.,-1.));
#6432 = DIRECTION('',(2.377402260457E-16,1.,-4.223114765368E-32));
#6433 = ADVANCED_FACE('',(#6434),#6452,.T.);
#6434 = FACE_BOUND('',#6435,.T.);
#6435 = EDGE_LOOP('',(#6436,#6437,#6444,#6445));
#6436 = ORIENTED_EDGE('',*,*,#6190,.T.);
#6437 = ORIENTED_EDGE('',*,*,#6438,.T.);
#6438 = EDGE_CURVE('',#6183,#5944,#6439,.T.);
#6439 = CIRCLE('',#6440,4.188853268006);
#6440 = AXIS2_PLACEMENT_3D('',#6441,#6442,#6443);
#6441 = CARTESIAN_POINT('',(12.6,23.4,-13.2));
#6442 = DIRECTION('',(-1.7763568394E-16,0.,-1.));
#6443 = DIRECTION('',(1.,0.,-1.7763568394E-16));
#6444 = ORIENTED_EDGE('',*,*,#5943,.T.);
#6445 = ORIENTED_EDGE('',*,*,#6446,.F.);
#6446 = EDGE_CURVE('',#6191,#5936,#6447,.T.);
#6447 = CIRCLE('',#6448,4.188853268006);
#6448 = AXIS2_PLACEMENT_3D('',#6449,#6450,#6451);
#6449 = CARTESIAN_POINT('',(12.6,23.4,-13.39986300779));
#6450 = DIRECTION('',(-1.7763568394E-16,0.,-1.));
#6451 = DIRECTION('',(1.,0.,-1.7763568394E-16));
#6452 = CYLINDRICAL_SURFACE('',#6453,4.188853268006);
#6453 = AXIS2_PLACEMENT_3D('',#6454,#6455,#6456);
#6454 = CARTESIAN_POINT('',(12.6,23.4,-13.29993150389));
#6455 = DIRECTION('',(-1.7763568394E-16,0.,-1.));
#6456 = DIRECTION('',(2.377402260457E-16,1.,-4.223114765368E-32));
#6457 = ADVANCED_FACE('',(#6458,#6472),#6483,.F.);
#6458 = FACE_BOUND('',#6459,.T.);
#6459 = EDGE_LOOP('',(#6460,#6461,#6462,#6463,#6464,#6465,#6466,#6467,
    #6468,#6469,#6470,#6471));
#6460 = ORIENTED_EDGE('',*,*,#5951,.T.);
#6461 = ORIENTED_EDGE('',*,*,#6438,.F.);
#6462 = ORIENTED_EDGE('',*,*,#6182,.T.);
#6463 = ORIENTED_EDGE('',*,*,#6422,.F.);
#6464 = ORIENTED_EDGE('',*,*,#6126,.T.);
#6465 = ORIENTED_EDGE('',*,*,#6386,.F.);
#6466 = ORIENTED_EDGE('',*,*,#6231,.T.);
#6467 = ORIENTED_EDGE('',*,*,#6366,.F.);
#6468 = ORIENTED_EDGE('',*,*,#6063,.T.);
#6469 = ORIENTED_EDGE('',*,*,#6350,.F.);
#6470 = ORIENTED_EDGE('',*,*,#6007,.T.);
#6471 = ORIENTED_EDGE('',*,*,#6402,.F.);
#6472 = FACE_BOUND('',#6473,.T.);
#6473 = EDGE_LOOP('',(#6474));
#6474 = ORIENTED_EDGE('',*,*,#6475,.T.);
#6475 = EDGE_CURVE('',#6476,#6476,#6478,.T.);
#6476 = VERTEX_POINT('',#6477);
#6477 = CARTESIAN_POINT('',(12.6,21.411146731994,-13.2));
#6478 = CIRCLE('',#6479,1.988853268006);
#6479 = AXIS2_PLACEMENT_3D('',#6480,#6481,#6482);
#6480 = CARTESIAN_POINT('',(12.6,23.4,-13.2));
#6481 = DIRECTION('',(-1.7763568394E-16,0.,-1.));
#6482 = DIRECTION('',(1.,0.,-1.7763568394E-16));
#6483 = PLANE('',#6484);
#6484 = AXIS2_PLACEMENT_3D('',#6485,#6486,#6487);
#6485 = CARTESIAN_POINT('',(12.6,25.388853268006,-13.2));
#6486 = DIRECTION('',(-1.7763568394E-16,0.,-1.));
#6487 = DIRECTION('',(-1.,0.,1.7763568394E-16));
#6488 = ADVANCED_FACE('',(#6489),#6508,.T.);
#6489 = FACE_BOUND('',#6490,.T.);
#6490 = EDGE_LOOP('',(#6491,#6500,#6506,#6507));
#6491 = ORIENTED_EDGE('',*,*,#6492,.F.);
#6492 = EDGE_CURVE('',#6493,#6493,#6495,.T.);
#6493 = VERTEX_POINT('',#6494);
#6494 = CARTESIAN_POINT('',(12.6,21.411146731994,-12.5));
#6495 = CIRCLE('',#6496,1.988853268006);
#6496 = AXIS2_PLACEMENT_3D('',#6497,#6498,#6499);
#6497 = CARTESIAN_POINT('',(12.6,23.4,-12.5));
#6498 = DIRECTION('',(-8.881784197001E-17,0.,1.));
#6499 = DIRECTION('',(2.377402260457E-16,1.,2.111557382684E-32));
#6500 = ORIENTED_EDGE('',*,*,#6501,.T.);
#6501 = EDGE_CURVE('',#6493,#6476,#6502,.T.);
#6502 = LINE('',#6503,#6504);
#6503 = CARTESIAN_POINT('',(12.6,21.411146731994,-12.85));
#6504 = VECTOR('',#6505,1.);
#6505 = DIRECTION('',(-1.7763568394E-16,0.,-1.));
#6506 = ORIENTED_EDGE('',*,*,#6475,.F.);
#6507 = ORIENTED_EDGE('',*,*,#6501,.F.);
#6508 = CYLINDRICAL_SURFACE('',#6509,1.988853268006);
#6509 = AXIS2_PLACEMENT_3D('',#6510,#6511,#6512);
#6510 = CARTESIAN_POINT('',(12.6,23.4,-12.85));
#6511 = DIRECTION('',(-1.7763568394E-16,0.,-1.));
#6512 = DIRECTION('',(2.377402260457E-16,1.,-4.223114765368E-32));
#6513 = ADVANCED_FACE('',(#6514),#6519,.F.);
#6514 = FACE_BOUND('',#6515,.T.);
#6515 = EDGE_LOOP('',(#6516,#6517,#6518));
#6516 = ORIENTED_EDGE('',*,*,#6198,.T.);
#6517 = ORIENTED_EDGE('',*,*,#6446,.T.);
#6518 = ORIENTED_EDGE('',*,*,#5935,.T.);
#6519 = PLANE('',#6520);
#6520 = AXIS2_PLACEMENT_3D('',#6521,#6522,#6523);
#6521 = CARTESIAN_POINT('',(12.6,27.588853268006,-13.39986300779));
#6522 = DIRECTION('',(-1.7763568394E-16,0.,-1.));
#6523 = DIRECTION('',(-1.,0.,1.7763568394E-16));
#6524 = ADVANCED_FACE('',(#6525),#6529,.T.);
#6525 = FACE_BOUND('',#6526,.T.);
#6526 = EDGE_LOOP('',(#6527,#6528));
#6527 = ORIENTED_EDGE('',*,*,#5622,.F.);
#6528 = ORIENTED_EDGE('',*,*,#5777,.T.);
#6529 = PLANE('',#6530);
#6530 = AXIS2_PLACEMENT_3D('',#6531,#6532,#6533);
#6531 = CARTESIAN_POINT('',(12.6,23.4,-20.2));
#6532 = DIRECTION('',(8.881784197001E-17,0.,-1.));
#6533 = DIRECTION('',(-1.,0.,-8.881784197001E-17));
#6534 = ADVANCED_FACE('',(#6535),#6538,.F.);
#6535 = FACE_BOUND('',#6536,.T.);
#6536 = EDGE_LOOP('',(#6537));
#6537 = ORIENTED_EDGE('',*,*,#6492,.T.);
#6538 = PLANE('',#6539);
#6539 = AXIS2_PLACEMENT_3D('',#6540,#6541,#6542);
#6540 = CARTESIAN_POINT('',(12.6,23.4,-12.5));
#6541 = DIRECTION('',(8.881784197001E-17,0.,-1.));
#6542 = DIRECTION('',(-1.,0.,-8.881784197001E-17));
#6543 = ( GEOMETRIC_REPRESENTATION_CONTEXT(3) 
GLOBAL_UNCERTAINTY_ASSIGNED_CONTEXT((#6547)) 
GLOBAL_UNIT_ASSIGNED_CONTEXT((#6544,#6545,#6546)) REPRESENTATION_CONTEXT
('Context #1','3D Context with UNIT and UNCERTAINTY') );
#6544 = ( LENGTH_UNIT() NAMED_UNIT(*) SI_UNIT(.MILLI.,.METRE.) );
#6545 = ( NAMED_UNIT(*) PLANE_ANGLE_UNIT() SI_UNIT($,.RADIAN.) );
#6546 = ( NAMED_UNIT(*) SI_UNIT($,.STERADIAN.) SOLID_ANGLE_UNIT() );
#6547 = UNCERTAINTY_MEASURE_WITH_UNIT(LENGTH_MEASURE(2.E-04),#6544,
  'distance_accuracy_value','confusion accuracy');
#6548 = PRODUCT_RELATED_PRODUCT_CATEGORY('part',$,(#5601));
#6549 = SHAPE_DEFINITION_REPRESENTATION(#6550,#6556);
#6550 = PRODUCT_DEFINITION_SHAPE('','',#6551);
#6551 = PRODUCT_DEFINITION('design','',#6552,#6555);
#6552 = PRODUCT_DEFINITION_FORMATION('','',#6553);
#6553 = PRODUCT('RSB-600-004','RSB-600-004','',(#6554));
#6554 = PRODUCT_CONTEXT('',#2,'mechanical');
#6555 = PRODUCT_DEFINITION_CONTEXT('part definition',#2,'design');
#6556 = ADVANCED_BREP_SHAPE_REPRESENTATION('',(#11,#6557),#7393);
#6557 = MANIFOLD_SOLID_BREP('',#6558);
#6558 = CLOSED_SHELL('',(#6559,#6599,#6630,#6661,#6683,#6695,#6767,#6830
    ,#6893,#6965,#7019,#7073,#7090,#7107,#7124,#7141,#7158,#7225,#7237,
    #7249,#7261,#7273,#7285,#7303,#7328,#7339,#7369,#7384));
#6559 = ADVANCED_FACE('',(#6560),#6594,.F.);
#6560 = FACE_BOUND('',#6561,.T.);
#6561 = EDGE_LOOP('',(#6562,#6572,#6580,#6588));
#6562 = ORIENTED_EDGE('',*,*,#6563,.F.);
#6563 = EDGE_CURVE('',#6564,#6566,#6568,.T.);
#6564 = VERTEX_POINT('',#6565);
#6565 = CARTESIAN_POINT('',(-9.096175096628,23.586546314549,-20.2));
#6566 = VERTEX_POINT('',#6567);
#6567 = CARTESIAN_POINT('',(-16.10382490337,23.586546314549,-20.2));
#6568 = LINE('',#6569,#6570);
#6569 = CARTESIAN_POINT('',(-10.84808754831,23.586546314549,-20.2));
#6570 = VECTOR('',#6571,1.);
#6571 = DIRECTION('',(-1.,0.,-8.881784197001E-17));
#6572 = ORIENTED_EDGE('',*,*,#6573,.T.);
#6573 = EDGE_CURVE('',#6564,#6574,#6576,.T.);
#6574 = VERTEX_POINT('',#6575);
#6575 = CARTESIAN_POINT('',(-9.096175096628,23.586546314549,-19.2));
#6576 = LINE('',#6577,#6578);
#6577 = CARTESIAN_POINT('',(-9.096175096628,23.586546314549,-20.2));
#6578 = VECTOR('',#6579,1.);
#6579 = DIRECTION('',(0.,0.,1.));
#6580 = ORIENTED_EDGE('',*,*,#6581,.T.);
#6581 = EDGE_CURVE('',#6574,#6582,#6584,.T.);
#6582 = VERTEX_POINT('',#6583);
#6583 = CARTESIAN_POINT('',(-16.10382490337,23.586546314549,-19.2));
#6584 = LINE('',#6585,#6586);
#6585 = CARTESIAN_POINT('',(-16.10382490337,23.586546314549,-19.2));
#6586 = VECTOR('',#6587,1.);
#6587 = DIRECTION('',(-1.,0.,-8.881784197001E-17));
#6588 = ORIENTED_EDGE('',*,*,#6589,.F.);
#6589 = EDGE_CURVE('',#6566,#6582,#6590,.T.);
#6590 = LINE('',#6591,#6592);
#6591 = CARTESIAN_POINT('',(-16.10382490337,23.586546314549,-20.2));
#6592 = VECTOR('',#6593,1.);
#6593 = DIRECTION('',(0.,0.,1.));
#6594 = PLANE('',#6595);
#6595 = AXIS2_PLACEMENT_3D('',#6596,#6597,#6598);
#6596 = CARTESIAN_POINT('',(-9.096175096628,23.586546314549,-20.2));
#6597 = DIRECTION('',(0.,1.,0.));
#6598 = DIRECTION('',(-1.,0.,-8.881784197001E-17));
#6599 = ADVANCED_FACE('',(#6600),#6625,.F.);
#6600 = FACE_BOUND('',#6601,.T.);
#6601 = EDGE_LOOP('',(#6602,#6610,#6618,#6624));
#6602 = ORIENTED_EDGE('',*,*,#6603,.F.);
#6603 = EDGE_CURVE('',#6604,#6564,#6606,.T.);
#6604 = VERTEX_POINT('',#6605);
#6605 = CARTESIAN_POINT('',(-9.096175096628,23.213453685451,-20.2));
#6606 = LINE('',#6607,#6608);
#6607 = CARTESIAN_POINT('',(-9.096175096628,23.306726842726,-20.2));
#6608 = VECTOR('',#6609,1.);
#6609 = DIRECTION('',(0.,1.,0.));
#6610 = ORIENTED_EDGE('',*,*,#6611,.T.);
#6611 = EDGE_CURVE('',#6604,#6612,#6614,.T.);
#6612 = VERTEX_POINT('',#6613);
#6613 = CARTESIAN_POINT('',(-9.096175096628,23.213453685451,-19.2));
#6614 = LINE('',#6615,#6616);
#6615 = CARTESIAN_POINT('',(-9.096175096628,23.213453685451,-20.2));
#6616 = VECTOR('',#6617,1.);
#6617 = DIRECTION('',(0.,0.,1.));
#6618 = ORIENTED_EDGE('',*,*,#6619,.T.);
#6619 = EDGE_CURVE('',#6612,#6574,#6620,.T.);
#6620 = LINE('',#6621,#6622);
#6621 = CARTESIAN_POINT('',(-9.096175096628,23.586546314549,-19.2));
#6622 = VECTOR('',#6623,1.);
#6623 = DIRECTION('',(0.,1.,0.));
#6624 = ORIENTED_EDGE('',*,*,#6573,.F.);
#6625 = PLANE('',#6626);
#6626 = AXIS2_PLACEMENT_3D('',#6627,#6628,#6629);
#6627 = CARTESIAN_POINT('',(-9.096175096628,23.213453685451,-20.2));
#6628 = DIRECTION('',(1.,0.,0.));
#6629 = DIRECTION('',(-0.,1.,0.));
#6630 = ADVANCED_FACE('',(#6631),#6656,.F.);
#6631 = FACE_BOUND('',#6632,.T.);
#6632 = EDGE_LOOP('',(#6633,#6641,#6649,#6655));
#6633 = ORIENTED_EDGE('',*,*,#6634,.F.);
#6634 = EDGE_CURVE('',#6635,#6604,#6637,.T.);
#6635 = VERTEX_POINT('',#6636);
#6636 = CARTESIAN_POINT('',(-16.10382490337,23.213453685451,-20.2));
#6637 = LINE('',#6638,#6639);
#6638 = CARTESIAN_POINT('',(-14.35191245168,23.213453685451,-20.2));
#6639 = VECTOR('',#6640,1.);
#6640 = DIRECTION('',(1.,0.,8.881784197001E-17));
#6641 = ORIENTED_EDGE('',*,*,#6642,.T.);
#6642 = EDGE_CURVE('',#6635,#6643,#6645,.T.);
#6643 = VERTEX_POINT('',#6644);
#6644 = CARTESIAN_POINT('',(-16.10382490337,23.213453685451,-19.2));
#6645 = LINE('',#6646,#6647);
#6646 = CARTESIAN_POINT('',(-16.10382490337,23.213453685451,-20.2));
#6647 = VECTOR('',#6648,1.);
#6648 = DIRECTION('',(0.,0.,1.));
#6649 = ORIENTED_EDGE('',*,*,#6650,.T.);
#6650 = EDGE_CURVE('',#6643,#6612,#6651,.T.);
#6651 = LINE('',#6652,#6653);
#6652 = CARTESIAN_POINT('',(-9.096175096628,23.213453685451,-19.2));
#6653 = VECTOR('',#6654,1.);
#6654 = DIRECTION('',(1.,0.,8.881784197001E-17));
#6655 = ORIENTED_EDGE('',*,*,#6611,.F.);
#6656 = PLANE('',#6657);
#6657 = AXIS2_PLACEMENT_3D('',#6658,#6659,#6660);
#6658 = CARTESIAN_POINT('',(-16.10382490337,23.213453685451,-20.2));
#6659 = DIRECTION('',(0.,-1.,0.));
#6660 = DIRECTION('',(1.,0.,8.881784197001E-17));
#6661 = ADVANCED_FACE('',(#6662),#6678,.F.);
#6662 = FACE_BOUND('',#6663,.T.);
#6663 = EDGE_LOOP('',(#6664,#6670,#6671,#6677));
#6664 = ORIENTED_EDGE('',*,*,#6665,.F.);
#6665 = EDGE_CURVE('',#6566,#6635,#6666,.T.);
#6666 = LINE('',#6667,#6668);
#6667 = CARTESIAN_POINT('',(-16.10382490337,23.493273157274,-20.2));
#6668 = VECTOR('',#6669,1.);
#6669 = DIRECTION('',(0.,-1.,0.));
#6670 = ORIENTED_EDGE('',*,*,#6589,.T.);
#6671 = ORIENTED_EDGE('',*,*,#6672,.T.);
#6672 = EDGE_CURVE('',#6582,#6643,#6673,.T.);
#6673 = LINE('',#6674,#6675);
#6674 = CARTESIAN_POINT('',(-16.10382490337,23.213453685451,-19.2));
#6675 = VECTOR('',#6676,1.);
#6676 = DIRECTION('',(0.,-1.,0.));
#6677 = ORIENTED_EDGE('',*,*,#6642,.F.);
#6678 = PLANE('',#6679);
#6679 = AXIS2_PLACEMENT_3D('',#6680,#6681,#6682);
#6680 = CARTESIAN_POINT('',(-16.10382490337,23.586546314549,-20.2));
#6681 = DIRECTION('',(-1.,0.,0.));
#6682 = DIRECTION('',(0.,-1.,0.));
#6683 = ADVANCED_FACE('',(#6684),#6690,.F.);
#6684 = FACE_BOUND('',#6685,.T.);
#6685 = EDGE_LOOP('',(#6686,#6687,#6688,#6689));
#6686 = ORIENTED_EDGE('',*,*,#6672,.F.);
#6687 = ORIENTED_EDGE('',*,*,#6581,.F.);
#6688 = ORIENTED_EDGE('',*,*,#6619,.F.);
#6689 = ORIENTED_EDGE('',*,*,#6650,.F.);
#6690 = PLANE('',#6691);
#6691 = AXIS2_PLACEMENT_3D('',#6692,#6693,#6694);
#6692 = CARTESIAN_POINT('',(-12.6,23.4,-19.2));
#6693 = DIRECTION('',(0.,0.,1.));
#6694 = DIRECTION('',(1.,0.,-0.));
#6695 = ADVANCED_FACE('',(#6696),#6762,.F.);
#6696 = FACE_BOUND('',#6697,.T.);
#6697 = EDGE_LOOP('',(#6698,#6708,#6716,#6724,#6732,#6740,#6748,#6756));
#6698 = ORIENTED_EDGE('',*,*,#6699,.T.);
#6699 = EDGE_CURVE('',#6700,#6702,#6704,.T.);
#6700 = VERTEX_POINT('',#6701);
#6701 = CARTESIAN_POINT('',(-12.6,19.05,-17.1));
#6702 = VERTEX_POINT('',#6703);
#6703 = CARTESIAN_POINT('',(-8.832789493538,21.225,-17.1));
#6704 = ( BOUNDED_CURVE() B_SPLINE_CURVE(2,(#6705,#6706,#6707),
.UNSPECIFIED.,.F.,.F.) B_SPLINE_CURVE_WITH_KNOTS((3,3),(0.,
0.705861444319),.PIECEWISE_BEZIER_KNOTS.) CURVE() 
GEOMETRIC_REPRESENTATION_ITEM() RATIONAL_B_SPLINE_CURVE((1.,
1.154700538379,1.)) REPRESENTATION_ITEM('') );
#6705 = CARTESIAN_POINT('',(-12.6,19.05,-17.1));
#6706 = CARTESIAN_POINT('',(-10.71639474676,20.1375,-22.28653846153));
#6707 = CARTESIAN_POINT('',(-8.832789493538,21.225,-17.1));
#6708 = ORIENTED_EDGE('',*,*,#6709,.F.);
#6709 = EDGE_CURVE('',#6710,#6702,#6712,.T.);
#6710 = VERTEX_POINT('',#6711);
#6711 = CARTESIAN_POINT('',(-8.832789493538,21.225,-13.39986300779));
#6712 = LINE('',#6713,#6714);
#6713 = CARTESIAN_POINT('',(-8.832789493538,21.225,-12.5));
#6714 = VECTOR('',#6715,1.);
#6715 = DIRECTION('',(1.441848083929E-16,0.,-1.));
#6716 = ORIENTED_EDGE('',*,*,#6717,.T.);
#6717 = EDGE_CURVE('',#6710,#6718,#6720,.T.);
#6718 = VERTEX_POINT('',#6719);
#6719 = CARTESIAN_POINT('',(-9.130216154786,21.053280637064,
    -13.39986300779));
#6720 = LINE('',#6721,#6722);
#6721 = CARTESIAN_POINT('',(-10.75128403768,20.117356658501,
    -13.39986300779));
#6722 = VECTOR('',#6723,1.);
#6723 = DIRECTION('',(-0.866025403784,-0.5,1.538370149107E-16));
#6724 = ORIENTED_EDGE('',*,*,#6725,.T.);
#6725 = EDGE_CURVE('',#6718,#6726,#6728,.T.);
#6726 = VERTEX_POINT('',#6727);
#6727 = CARTESIAN_POINT('',(-9.130216154786,21.053280637064,-13.2));
#6728 = LINE('',#6729,#6730);
#6729 = CARTESIAN_POINT('',(-9.130216154786,21.053280637064,
    -13.29993150389));
#6730 = VECTOR('',#6731,1.);
#6731 = DIRECTION('',(1.7763568394E-16,0.,1.));
#6732 = ORIENTED_EDGE('',*,*,#6733,.T.);
#6733 = EDGE_CURVE('',#6726,#6734,#6736,.T.);
#6734 = VERTEX_POINT('',#6735);
#6735 = CARTESIAN_POINT('',(-12.30257333875,19.221719362936,-13.2));
#6736 = LINE('',#6737,#6738);
#6737 = CARTESIAN_POINT('',(-11.22759800976,19.842356658501,-13.2));
#6738 = VECTOR('',#6739,1.);
#6739 = DIRECTION('',(-0.866025403784,-0.5,1.538370149107E-16));
#6740 = ORIENTED_EDGE('',*,*,#6741,.T.);
#6741 = EDGE_CURVE('',#6734,#6742,#6744,.T.);
#6742 = VERTEX_POINT('',#6743);
#6743 = CARTESIAN_POINT('',(-12.30257333875,19.221719362936,
    -13.39986300779));
#6744 = LINE('',#6745,#6746);
#6745 = CARTESIAN_POINT('',(-12.30257333875,19.221719362936,
    -13.29993150389));
#6746 = VECTOR('',#6747,1.);
#6747 = DIRECTION('',(-1.7763568394E-16,0.,-1.));
#6748 = ORIENTED_EDGE('',*,*,#6749,.T.);
#6749 = EDGE_CURVE('',#6742,#6750,#6752,.T.);
#6750 = VERTEX_POINT('',#6751);
#6751 = CARTESIAN_POINT('',(-12.6,19.05,-13.39986300779));
#6752 = LINE('',#6753,#6754);
#6753 = CARTESIAN_POINT('',(-10.75128403768,20.117356658501,
    -13.39986300779));
#6754 = VECTOR('',#6755,1.);
#6755 = DIRECTION('',(-0.866025403784,-0.5,1.538370149107E-16));
#6756 = ORIENTED_EDGE('',*,*,#6757,.F.);
#6757 = EDGE_CURVE('',#6700,#6750,#6758,.T.);
#6758 = LINE('',#6759,#6760);
#6759 = CARTESIAN_POINT('',(-12.6,19.05,-12.5));
#6760 = VECTOR('',#6761,1.);
#6761 = DIRECTION('',(-1.441848083929E-16,0.,1.));
#6762 = PLANE('',#6763);
#6763 = AXIS2_PLACEMENT_3D('',#6764,#6765,#6766);
#6764 = CARTESIAN_POINT('',(-12.6,19.05,-12.5));
#6765 = DIRECTION('',(-0.5,0.866025403784,0.));
#6766 = DIRECTION('',(0.866025403784,0.5,-7.691850745534E-17));
#6767 = ADVANCED_FACE('',(#6768),#6825,.F.);
#6768 = FACE_BOUND('',#6769,.T.);
#6769 = EDGE_LOOP('',(#6770,#6778,#6779,#6787,#6795,#6803,#6811,#6819));
#6770 = ORIENTED_EDGE('',*,*,#6771,.T.);
#6771 = EDGE_CURVE('',#6772,#6700,#6774,.T.);
#6772 = VERTEX_POINT('',#6773);
#6773 = CARTESIAN_POINT('',(-16.36721050646,21.225,-17.1));
#6774 = ( BOUNDED_CURVE() B_SPLINE_CURVE(2,(#6775,#6776,#6777),
.UNSPECIFIED.,.F.,.F.) B_SPLINE_CURVE_WITH_KNOTS((3,3),(0.,
0.705861444319),.PIECEWISE_BEZIER_KNOTS.) CURVE() 
GEOMETRIC_REPRESENTATION_ITEM() RATIONAL_B_SPLINE_CURVE((1.,
1.154700538379,1.)) REPRESENTATION_ITEM('') );
#6775 = CARTESIAN_POINT('',(-16.36721050646,21.225,-17.1));
#6776 = CARTESIAN_POINT('',(-14.48360525323,20.1375,-22.28653846153));
#6777 = CARTESIAN_POINT('',(-12.6,19.05,-17.1));
#6778 = ORIENTED_EDGE('',*,*,#6757,.T.);
#6779 = ORIENTED_EDGE('',*,*,#6780,.T.);
#6780 = EDGE_CURVE('',#6750,#6781,#6783,.T.);
#6781 = VERTEX_POINT('',#6782);
#6782 = CARTESIAN_POINT('',(-12.89742666124,19.221719362936,
    -13.39986300779));
#6783 = LINE('',#6784,#6785);
#6784 = CARTESIAN_POINT('',(-16.33232121555,21.204856658501,
    -13.39986300779));
#6785 = VECTOR('',#6786,1.);
#6786 = DIRECTION('',(-0.866025403784,0.5,1.538370149107E-16));
#6787 = ORIENTED_EDGE('',*,*,#6788,.T.);
#6788 = EDGE_CURVE('',#6781,#6789,#6791,.T.);
#6789 = VERTEX_POINT('',#6790);
#6790 = CARTESIAN_POINT('',(-12.89742666124,19.221719362936,-13.2));
#6791 = LINE('',#6792,#6793);
#6792 = CARTESIAN_POINT('',(-12.89742666124,19.221719362936,
    -13.29993150389));
#6793 = VECTOR('',#6794,1.);
#6794 = DIRECTION('',(1.7763568394E-16,0.,1.));
#6795 = ORIENTED_EDGE('',*,*,#6796,.T.);
#6796 = EDGE_CURVE('',#6789,#6797,#6799,.T.);
#6797 = VERTEX_POINT('',#6798);
#6798 = CARTESIAN_POINT('',(-16.06978384521,21.053280637064,-13.2));
#6799 = LINE('',#6800,#6801);
#6800 = CARTESIAN_POINT('',(-15.85600724347,20.929856658501,-13.2));
#6801 = VECTOR('',#6802,1.);
#6802 = DIRECTION('',(-0.866025403784,0.5,1.538370149107E-16));
#6803 = ORIENTED_EDGE('',*,*,#6804,.T.);
#6804 = EDGE_CURVE('',#6797,#6805,#6807,.T.);
#6805 = VERTEX_POINT('',#6806);
#6806 = CARTESIAN_POINT('',(-16.06978384521,21.053280637064,
    -13.39986300779));
#6807 = LINE('',#6808,#6809);
#6808 = CARTESIAN_POINT('',(-16.06978384521,21.053280637064,
    -13.29993150389));
#6809 = VECTOR('',#6810,1.);
#6810 = DIRECTION('',(-1.7763568394E-16,0.,-1.));
#6811 = ORIENTED_EDGE('',*,*,#6812,.T.);
#6812 = EDGE_CURVE('',#6805,#6813,#6815,.T.);
#6813 = VERTEX_POINT('',#6814);
#6814 = CARTESIAN_POINT('',(-16.36721050646,21.225,-13.39986300779));
#6815 = LINE('',#6816,#6817);
#6816 = CARTESIAN_POINT('',(-16.33232121555,21.204856658501,
    -13.39986300779));
#6817 = VECTOR('',#6818,1.);
#6818 = DIRECTION('',(-0.866025403784,0.5,1.538370149107E-16));
#6819 = ORIENTED_EDGE('',*,*,#6820,.F.);
#6820 = EDGE_CURVE('',#6772,#6813,#6821,.T.);
#6821 = LINE('',#6822,#6823);
#6822 = CARTESIAN_POINT('',(-16.36721050646,21.225,-12.5));
#6823 = VECTOR('',#6824,1.);
#6824 = DIRECTION('',(-1.441848083929E-16,0.,1.));
#6825 = PLANE('',#6826);
#6826 = AXIS2_PLACEMENT_3D('',#6827,#6828,#6829);
#6827 = CARTESIAN_POINT('',(-16.36721050646,21.225,-12.5));
#6828 = DIRECTION('',(0.5,0.866025403784,0.));
#6829 = DIRECTION('',(0.866025403784,-0.5,-7.691850745534E-17));
#6830 = ADVANCED_FACE('',(#6831),#6888,.F.);
#6831 = FACE_BOUND('',#6832,.T.);
#6832 = EDGE_LOOP('',(#6833,#6841,#6842,#6850,#6858,#6866,#6874,#6882));
#6833 = ORIENTED_EDGE('',*,*,#6834,.T.);
#6834 = EDGE_CURVE('',#6835,#6772,#6837,.T.);
#6835 = VERTEX_POINT('',#6836);
#6836 = CARTESIAN_POINT('',(-16.36721050646,25.575,-17.1));
#6837 = ( BOUNDED_CURVE() B_SPLINE_CURVE(2,(#6838,#6839,#6840),
.UNSPECIFIED.,.F.,.F.) B_SPLINE_CURVE_WITH_KNOTS((3,3),(0.,
0.705861444319),.PIECEWISE_BEZIER_KNOTS.) CURVE() 
GEOMETRIC_REPRESENTATION_ITEM() RATIONAL_B_SPLINE_CURVE((1.,
1.154700538379,1.)) REPRESENTATION_ITEM('') );
#6838 = CARTESIAN_POINT('',(-16.36721050646,25.575,-17.1));
#6839 = CARTESIAN_POINT('',(-16.36721050646,23.4,-22.28653846153));
#6840 = CARTESIAN_POINT('',(-16.36721050646,21.225,-17.1));
#6841 = ORIENTED_EDGE('',*,*,#6820,.T.);
#6842 = ORIENTED_EDGE('',*,*,#6843,.T.);
#6843 = EDGE_CURVE('',#6813,#6844,#6846,.T.);
#6844 = VERTEX_POINT('',#6845);
#6845 = CARTESIAN_POINT('',(-16.36721050646,21.568438725872,
    -13.39986300779));
#6846 = LINE('',#6847,#6848);
#6847 = CARTESIAN_POINT('',(-16.36721050646,26.581926634003,
    -13.39986300779));
#6848 = VECTOR('',#6849,1.);
#6849 = DIRECTION('',(0.,1.,0.));
#6850 = ORIENTED_EDGE('',*,*,#6851,.T.);
#6851 = EDGE_CURVE('',#6844,#6852,#6854,.T.);
#6852 = VERTEX_POINT('',#6853);
#6853 = CARTESIAN_POINT('',(-16.36721050646,21.568438725872,-13.2));
#6854 = LINE('',#6855,#6856);
#6855 = CARTESIAN_POINT('',(-16.36721050646,21.568438725872,
    -13.29993150389));
#6856 = VECTOR('',#6857,1.);
#6857 = DIRECTION('',(1.7763568394E-16,0.,1.));
#6858 = ORIENTED_EDGE('',*,*,#6859,.T.);
#6859 = EDGE_CURVE('',#6852,#6860,#6862,.T.);
#6860 = VERTEX_POINT('',#6861);
#6861 = CARTESIAN_POINT('',(-16.36721050646,25.231561274128,-13.2));
#6862 = LINE('',#6863,#6864);
#6863 = CARTESIAN_POINT('',(-16.36721050646,25.481926634003,-13.2));
#6864 = VECTOR('',#6865,1.);
#6865 = DIRECTION('',(0.,1.,0.));
#6866 = ORIENTED_EDGE('',*,*,#6867,.T.);
#6867 = EDGE_CURVE('',#6860,#6868,#6870,.T.);
#6868 = VERTEX_POINT('',#6869);
#6869 = CARTESIAN_POINT('',(-16.36721050646,25.231561274128,
    -13.39986300779));
#6870 = LINE('',#6871,#6872);
#6871 = CARTESIAN_POINT('',(-16.36721050646,25.231561274128,
    -13.29993150389));
#6872 = VECTOR('',#6873,1.);
#6873 = DIRECTION('',(-1.7763568394E-16,0.,-1.));
#6874 = ORIENTED_EDGE('',*,*,#6875,.T.);
#6875 = EDGE_CURVE('',#6868,#6876,#6878,.T.);
#6876 = VERTEX_POINT('',#6877);
#6877 = CARTESIAN_POINT('',(-16.36721050646,25.575,-13.39986300779));
#6878 = LINE('',#6879,#6880);
#6879 = CARTESIAN_POINT('',(-16.36721050646,26.581926634003,
    -13.39986300779));
#6880 = VECTOR('',#6881,1.);
#6881 = DIRECTION('',(0.,1.,0.));
#6882 = ORIENTED_EDGE('',*,*,#6883,.F.);
#6883 = EDGE_CURVE('',#6835,#6876,#6884,.T.);
#6884 = LINE('',#6885,#6886);
#6885 = CARTESIAN_POINT('',(-16.36721050646,25.575,-12.5));
#6886 = VECTOR('',#6887,1.);
#6887 = DIRECTION('',(-1.441848083929E-16,0.,1.));
#6888 = PLANE('',#6889);
#6889 = AXIS2_PLACEMENT_3D('',#6890,#6891,#6892);
#6890 = CARTESIAN_POINT('',(-16.36721050646,25.575,-12.5));
#6891 = DIRECTION('',(1.,0.,-1.441848083929E-16));
#6892 = DIRECTION('',(0.,-1.,0.));
#6893 = ADVANCED_FACE('',(#6894),#6960,.F.);
#6894 = FACE_BOUND('',#6895,.T.);
#6895 = EDGE_LOOP('',(#6896,#6906,#6914,#6922,#6930,#6938,#6946,#6954));
#6896 = ORIENTED_EDGE('',*,*,#6897,.T.);
#6897 = EDGE_CURVE('',#6898,#6900,#6902,.T.);
#6898 = VERTEX_POINT('',#6899);
#6899 = CARTESIAN_POINT('',(-8.832789493538,25.575,-17.1));
#6900 = VERTEX_POINT('',#6901);
#6901 = CARTESIAN_POINT('',(-12.6,27.75,-17.1));
#6902 = ( BOUNDED_CURVE() B_SPLINE_CURVE(2,(#6903,#6904,#6905),
.UNSPECIFIED.,.F.,.F.) B_SPLINE_CURVE_WITH_KNOTS((3,3),(0.,
0.705861444319),.PIECEWISE_BEZIER_KNOTS.) CURVE() 
GEOMETRIC_REPRESENTATION_ITEM() RATIONAL_B_SPLINE_CURVE((1.,
1.154700538379,1.)) REPRESENTATION_ITEM('') );
#6903 = CARTESIAN_POINT('',(-8.832789493538,25.575,-17.1));
#6904 = CARTESIAN_POINT('',(-10.71639474676,26.6625,-22.28653846153));
#6905 = CARTESIAN_POINT('',(-12.6,27.75,-17.1));
#6906 = ORIENTED_EDGE('',*,*,#6907,.F.);
#6907 = EDGE_CURVE('',#6908,#6900,#6910,.T.);
#6908 = VERTEX_POINT('',#6909);
#6909 = CARTESIAN_POINT('',(-12.6,27.75,-13.39986300779));
#6910 = LINE('',#6911,#6912);
#6911 = CARTESIAN_POINT('',(-12.6,27.75,-12.5));
#6912 = VECTOR('',#6913,1.);
#6913 = DIRECTION('',(1.441848083929E-16,0.,-1.));
#6914 = ORIENTED_EDGE('',*,*,#6915,.T.);
#6915 = EDGE_CURVE('',#6908,#6916,#6918,.T.);
#6916 = VERTEX_POINT('',#6917);
#6917 = CARTESIAN_POINT('',(-12.30257333875,27.578280637064,
    -13.39986300779));
#6918 = LINE('',#6919,#6920);
#6919 = CARTESIAN_POINT('',(-10.68150545585,26.642356658501,
    -13.39986300779));
#6920 = VECTOR('',#6921,1.);
#6921 = DIRECTION('',(0.866025403784,-0.5,-1.538370149107E-16));
#6922 = ORIENTED_EDGE('',*,*,#6923,.T.);
#6923 = EDGE_CURVE('',#6916,#6924,#6926,.T.);
#6924 = VERTEX_POINT('',#6925);
#6925 = CARTESIAN_POINT('',(-12.30257333875,27.578280637064,-13.2));
#6926 = LINE('',#6927,#6928);
#6927 = CARTESIAN_POINT('',(-12.30257333875,27.578280637064,
    -13.29993150389));
#6928 = VECTOR('',#6929,1.);
#6929 = DIRECTION('',(1.7763568394E-16,0.,1.));
#6930 = ORIENTED_EDGE('',*,*,#6931,.T.);
#6931 = EDGE_CURVE('',#6924,#6932,#6934,.T.);
#6932 = VERTEX_POINT('',#6933);
#6933 = CARTESIAN_POINT('',(-9.130216154786,25.746719362936,-13.2));
#6934 = LINE('',#6935,#6936);
#6935 = CARTESIAN_POINT('',(-10.20519148377,26.367356658501,-13.2));
#6936 = VECTOR('',#6937,1.);
#6937 = DIRECTION('',(0.866025403784,-0.5,-1.538370149107E-16));
#6938 = ORIENTED_EDGE('',*,*,#6939,.T.);
#6939 = EDGE_CURVE('',#6932,#6940,#6942,.T.);
#6940 = VERTEX_POINT('',#6941);
#6941 = CARTESIAN_POINT('',(-9.130216154786,25.746719362936,
    -13.39986300779));
#6942 = LINE('',#6943,#6944);
#6943 = CARTESIAN_POINT('',(-9.130216154786,25.746719362936,
    -13.29993150389));
#6944 = VECTOR('',#6945,1.);
#6945 = DIRECTION('',(-1.7763568394E-16,0.,-1.));
#6946 = ORIENTED_EDGE('',*,*,#6947,.T.);
#6947 = EDGE_CURVE('',#6940,#6948,#6950,.T.);
#6948 = VERTEX_POINT('',#6949);
#6949 = CARTESIAN_POINT('',(-8.832789493538,25.575,-13.39986300779));
#6950 = LINE('',#6951,#6952);
#6951 = CARTESIAN_POINT('',(-10.68150545585,26.642356658501,
    -13.39986300779));
#6952 = VECTOR('',#6953,1.);
#6953 = DIRECTION('',(0.866025403784,-0.5,-1.538370149107E-16));
#6954 = ORIENTED_EDGE('',*,*,#6955,.F.);
#6955 = EDGE_CURVE('',#6898,#6948,#6956,.T.);
#6956 = LINE('',#6957,#6958);
#6957 = CARTESIAN_POINT('',(-8.832789493538,25.575,-12.5));
#6958 = VECTOR('',#6959,1.);
#6959 = DIRECTION('',(-1.441848083929E-16,0.,1.));
#6960 = PLANE('',#6961);
#6961 = AXIS2_PLACEMENT_3D('',#6962,#6963,#6964);
#6962 = CARTESIAN_POINT('',(-8.832789493538,25.575,-12.5));
#6963 = DIRECTION('',(-0.5,-0.866025403784,0.));
#6964 = DIRECTION('',(-0.866025403784,0.5,7.691850745534E-17));
#6965 = ADVANCED_FACE('',(#6966),#7014,.F.);
#6966 = FACE_BOUND('',#6967,.T.);
#6967 = EDGE_LOOP('',(#6968,#6974,#6975,#6983,#6991,#6999,#7007,#7013));
#6968 = ORIENTED_EDGE('',*,*,#6969,.T.);
#6969 = EDGE_CURVE('',#6702,#6898,#6970,.T.);
#6970 = ( BOUNDED_CURVE() B_SPLINE_CURVE(2,(#6971,#6972,#6973),
.UNSPECIFIED.,.F.,.F.) B_SPLINE_CURVE_WITH_KNOTS((3,3),(0.,
0.705861444319),.PIECEWISE_BEZIER_KNOTS.) CURVE() 
GEOMETRIC_REPRESENTATION_ITEM() RATIONAL_B_SPLINE_CURVE((1.,
1.154700538379,1.)) REPRESENTATION_ITEM('') );
#6971 = CARTESIAN_POINT('',(-8.832789493538,21.225,-17.1));
#6972 = CARTESIAN_POINT('',(-8.832789493538,23.4,-22.28653846153));
#6973 = CARTESIAN_POINT('',(-8.832789493538,25.575,-17.1));
#6974 = ORIENTED_EDGE('',*,*,#6955,.T.);
#6975 = ORIENTED_EDGE('',*,*,#6976,.T.);
#6976 = EDGE_CURVE('',#6948,#6977,#6979,.T.);
#6977 = VERTEX_POINT('',#6978);
#6978 = CARTESIAN_POINT('',(-8.832789493538,25.231561274128,
    -13.39986300779));
#6979 = LINE('',#6980,#6981);
#6980 = CARTESIAN_POINT('',(-8.832789493538,24.406926634003,
    -13.39986300779));
#6981 = VECTOR('',#6982,1.);
#6982 = DIRECTION('',(0.,-1.,0.));
#6983 = ORIENTED_EDGE('',*,*,#6984,.T.);
#6984 = EDGE_CURVE('',#6977,#6985,#6987,.T.);
#6985 = VERTEX_POINT('',#6986);
#6986 = CARTESIAN_POINT('',(-8.832789493538,25.231561274128,-13.2));
#6987 = LINE('',#6988,#6989);
#6988 = CARTESIAN_POINT('',(-8.832789493538,25.231561274128,
    -13.29993150389));
#6989 = VECTOR('',#6990,1.);
#6990 = DIRECTION('',(1.7763568394E-16,0.,1.));
#6991 = ORIENTED_EDGE('',*,*,#6992,.T.);
#6992 = EDGE_CURVE('',#6985,#6993,#6995,.T.);
#6993 = VERTEX_POINT('',#6994);
#6994 = CARTESIAN_POINT('',(-8.832789493538,21.568438725872,-13.2));
#6995 = LINE('',#6996,#6997);
#6996 = CARTESIAN_POINT('',(-8.832789493538,23.306926634003,-13.2));
#6997 = VECTOR('',#6998,1.);
#6998 = DIRECTION('',(0.,-1.,0.));
#6999 = ORIENTED_EDGE('',*,*,#7000,.T.);
#7000 = EDGE_CURVE('',#6993,#7001,#7003,.T.);
#7001 = VERTEX_POINT('',#7002);
#7002 = CARTESIAN_POINT('',(-8.832789493538,21.568438725872,
    -13.39986300779));
#7003 = LINE('',#7004,#7005);
#7004 = CARTESIAN_POINT('',(-8.832789493538,21.568438725872,
    -13.29993150389));
#7005 = VECTOR('',#7006,1.);
#7006 = DIRECTION('',(-1.7763568394E-16,0.,-1.));
#7007 = ORIENTED_EDGE('',*,*,#7008,.T.);
#7008 = EDGE_CURVE('',#7001,#6710,#7009,.T.);
#7009 = LINE('',#7010,#7011);
#7010 = CARTESIAN_POINT('',(-8.832789493538,24.406926634003,
    -13.39986300779));
#7011 = VECTOR('',#7012,1.);
#7012 = DIRECTION('',(0.,-1.,0.));
#7013 = ORIENTED_EDGE('',*,*,#6709,.T.);
#7014 = PLANE('',#7015);
#7015 = AXIS2_PLACEMENT_3D('',#7016,#7017,#7018);
#7016 = CARTESIAN_POINT('',(-8.832789493538,21.225,-12.5));
#7017 = DIRECTION('',(-1.,0.,0.));
#7018 = DIRECTION('',(0.,1.,0.));
#7019 = ADVANCED_FACE('',(#7020),#7068,.F.);
#7020 = FACE_BOUND('',#7021,.T.);
#7021 = EDGE_LOOP('',(#7022,#7028,#7029,#7037,#7045,#7053,#7061,#7067));
#7022 = ORIENTED_EDGE('',*,*,#7023,.T.);
#7023 = EDGE_CURVE('',#6900,#6835,#7024,.T.);
#7024 = ( BOUNDED_CURVE() B_SPLINE_CURVE(2,(#7025,#7026,#7027),
.UNSPECIFIED.,.F.,.F.) B_SPLINE_CURVE_WITH_KNOTS((3,3),(0.,
0.705861444319),.PIECEWISE_BEZIER_KNOTS.) CURVE() 
GEOMETRIC_REPRESENTATION_ITEM() RATIONAL_B_SPLINE_CURVE((1.,
1.154700538379,1.)) REPRESENTATION_ITEM('') );
#7025 = CARTESIAN_POINT('',(-12.6,27.75,-17.1));
#7026 = CARTESIAN_POINT('',(-14.48360525323,26.6625,-22.28653846153));
#7027 = CARTESIAN_POINT('',(-16.36721050646,25.575,-17.1));
#7028 = ORIENTED_EDGE('',*,*,#6883,.T.);
#7029 = ORIENTED_EDGE('',*,*,#7030,.T.);
#7030 = EDGE_CURVE('',#6876,#7031,#7033,.T.);
#7031 = VERTEX_POINT('',#7032);
#7032 = CARTESIAN_POINT('',(-16.06978384521,25.746719362936,
    -13.39986300779));
#7033 = LINE('',#7034,#7035);
#7034 = CARTESIAN_POINT('',(-12.63488929091,27.729856658501,
    -13.39986300779));
#7035 = VECTOR('',#7036,1.);
#7036 = DIRECTION('',(0.866025403784,0.5,-1.538370149107E-16));
#7037 = ORIENTED_EDGE('',*,*,#7038,.T.);
#7038 = EDGE_CURVE('',#7031,#7039,#7041,.T.);
#7039 = VERTEX_POINT('',#7040);
#7040 = CARTESIAN_POINT('',(-16.06978384521,25.746719362936,-13.2));
#7041 = LINE('',#7042,#7043);
#7042 = CARTESIAN_POINT('',(-16.06978384521,25.746719362936,
    -13.29993150389));
#7043 = VECTOR('',#7044,1.);
#7044 = DIRECTION('',(1.7763568394E-16,0.,1.));
#7045 = ORIENTED_EDGE('',*,*,#7046,.T.);
#7046 = EDGE_CURVE('',#7039,#7047,#7049,.T.);
#7047 = VERTEX_POINT('',#7048);
#7048 = CARTESIAN_POINT('',(-12.89742666124,27.578280637064,-13.2));
#7049 = LINE('',#7050,#7051);
#7050 = CARTESIAN_POINT('',(-13.11120326299,27.454856658501,-13.2));
#7051 = VECTOR('',#7052,1.);
#7052 = DIRECTION('',(0.866025403784,0.5,-1.538370149107E-16));
#7053 = ORIENTED_EDGE('',*,*,#7054,.T.);
#7054 = EDGE_CURVE('',#7047,#7055,#7057,.T.);
#7055 = VERTEX_POINT('',#7056);
#7056 = CARTESIAN_POINT('',(-12.89742666124,27.578280637064,
    -13.39986300779));
#7057 = LINE('',#7058,#7059);
#7058 = CARTESIAN_POINT('',(-12.89742666124,27.578280637064,
    -13.29993150389));
#7059 = VECTOR('',#7060,1.);
#7060 = DIRECTION('',(-1.7763568394E-16,0.,-1.));
#7061 = ORIENTED_EDGE('',*,*,#7062,.T.);
#7062 = EDGE_CURVE('',#7055,#6908,#7063,.T.);
#7063 = LINE('',#7064,#7065);
#7064 = CARTESIAN_POINT('',(-12.63488929091,27.729856658501,
    -13.39986300779));
#7065 = VECTOR('',#7066,1.);
#7066 = DIRECTION('',(0.866025403784,0.5,-1.538370149107E-16));
#7067 = ORIENTED_EDGE('',*,*,#6907,.T.);
#7068 = PLANE('',#7069);
#7069 = AXIS2_PLACEMENT_3D('',#7070,#7071,#7072);
#7070 = CARTESIAN_POINT('',(-12.6,27.75,-12.5));
#7071 = DIRECTION('',(0.5,-0.866025403784,-7.209240419644E-17));
#7072 = DIRECTION('',(-0.866025403784,-0.5,7.691850745534E-17));
#7073 = ADVANCED_FACE('',(#7074),#7085,.F.);
#7074 = FACE_BOUND('',#7075,.T.);
#7075 = EDGE_LOOP('',(#7076,#7077,#7084));
#7076 = ORIENTED_EDGE('',*,*,#6812,.F.);
#7077 = ORIENTED_EDGE('',*,*,#7078,.T.);
#7078 = EDGE_CURVE('',#6805,#6844,#7079,.T.);
#7079 = CIRCLE('',#7080,4.188853268006);
#7080 = AXIS2_PLACEMENT_3D('',#7081,#7082,#7083);
#7081 = CARTESIAN_POINT('',(-12.6,23.4,-13.39986300779));
#7082 = DIRECTION('',(-1.7763568394E-16,0.,-1.));
#7083 = DIRECTION('',(1.,0.,-1.7763568394E-16));
#7084 = ORIENTED_EDGE('',*,*,#6843,.F.);
#7085 = PLANE('',#7086);
#7086 = AXIS2_PLACEMENT_3D('',#7087,#7088,#7089);
#7087 = CARTESIAN_POINT('',(-12.6,27.588853268006,-13.39986300779));
#7088 = DIRECTION('',(-1.7763568394E-16,0.,-1.));
#7089 = DIRECTION('',(-1.,0.,1.7763568394E-16));
#7090 = ADVANCED_FACE('',(#7091),#7102,.F.);
#7091 = FACE_BOUND('',#7092,.T.);
#7092 = EDGE_LOOP('',(#7093,#7094,#7101));
#7093 = ORIENTED_EDGE('',*,*,#6875,.F.);
#7094 = ORIENTED_EDGE('',*,*,#7095,.T.);
#7095 = EDGE_CURVE('',#6868,#7031,#7096,.T.);
#7096 = CIRCLE('',#7097,4.188853268006);
#7097 = AXIS2_PLACEMENT_3D('',#7098,#7099,#7100);
#7098 = CARTESIAN_POINT('',(-12.6,23.4,-13.39986300779));
#7099 = DIRECTION('',(-1.7763568394E-16,0.,-1.));
#7100 = DIRECTION('',(1.,0.,-1.7763568394E-16));
#7101 = ORIENTED_EDGE('',*,*,#7030,.F.);
#7102 = PLANE('',#7103);
#7103 = AXIS2_PLACEMENT_3D('',#7104,#7105,#7106);
#7104 = CARTESIAN_POINT('',(-12.6,27.588853268006,-13.39986300779));
#7105 = DIRECTION('',(-1.7763568394E-16,0.,-1.));
#7106 = DIRECTION('',(-1.,0.,1.7763568394E-16));
#7107 = ADVANCED_FACE('',(#7108),#7119,.F.);
#7108 = FACE_BOUND('',#7109,.T.);
#7109 = EDGE_LOOP('',(#7110,#7111,#7112));
#7110 = ORIENTED_EDGE('',*,*,#6915,.F.);
#7111 = ORIENTED_EDGE('',*,*,#7062,.F.);
#7112 = ORIENTED_EDGE('',*,*,#7113,.T.);
#7113 = EDGE_CURVE('',#7055,#6916,#7114,.T.);
#7114 = CIRCLE('',#7115,4.188853268006);
#7115 = AXIS2_PLACEMENT_3D('',#7116,#7117,#7118);
#7116 = CARTESIAN_POINT('',(-12.6,23.4,-13.39986300779));
#7117 = DIRECTION('',(-1.7763568394E-16,0.,-1.));
#7118 = DIRECTION('',(1.,0.,-1.7763568394E-16));
#7119 = PLANE('',#7120);
#7120 = AXIS2_PLACEMENT_3D('',#7121,#7122,#7123);
#7121 = CARTESIAN_POINT('',(-12.6,27.588853268006,-13.39986300779));
#7122 = DIRECTION('',(-1.7763568394E-16,0.,-1.));
#7123 = DIRECTION('',(-1.,0.,1.7763568394E-16));
#7124 = ADVANCED_FACE('',(#7125),#7136,.F.);
#7125 = FACE_BOUND('',#7126,.T.);
#7126 = EDGE_LOOP('',(#7127,#7128,#7129));
#7127 = ORIENTED_EDGE('',*,*,#6976,.F.);
#7128 = ORIENTED_EDGE('',*,*,#6947,.F.);
#7129 = ORIENTED_EDGE('',*,*,#7130,.T.);
#7130 = EDGE_CURVE('',#6940,#6977,#7131,.T.);
#7131 = CIRCLE('',#7132,4.188853268006);
#7132 = AXIS2_PLACEMENT_3D('',#7133,#7134,#7135);
#7133 = CARTESIAN_POINT('',(-12.6,23.4,-13.39986300779));
#7134 = DIRECTION('',(-1.7763568394E-16,0.,-1.));
#7135 = DIRECTION('',(1.,0.,-1.7763568394E-16));
#7136 = PLANE('',#7137);
#7137 = AXIS2_PLACEMENT_3D('',#7138,#7139,#7140);
#7138 = CARTESIAN_POINT('',(-12.6,27.588853268006,-13.39986300779));
#7139 = DIRECTION('',(-1.7763568394E-16,0.,-1.));
#7140 = DIRECTION('',(-1.,0.,1.7763568394E-16));
#7141 = ADVANCED_FACE('',(#7142),#7153,.F.);
#7142 = FACE_BOUND('',#7143,.T.);
#7143 = EDGE_LOOP('',(#7144,#7145,#7152));
#7144 = ORIENTED_EDGE('',*,*,#6749,.F.);
#7145 = ORIENTED_EDGE('',*,*,#7146,.T.);
#7146 = EDGE_CURVE('',#6742,#6781,#7147,.T.);
#7147 = CIRCLE('',#7148,4.188853268006);
#7148 = AXIS2_PLACEMENT_3D('',#7149,#7150,#7151);
#7149 = CARTESIAN_POINT('',(-12.6,23.4,-13.39986300779));
#7150 = DIRECTION('',(-1.7763568394E-16,0.,-1.));
#7151 = DIRECTION('',(1.,0.,-1.7763568394E-16));
#7152 = ORIENTED_EDGE('',*,*,#6780,.F.);
#7153 = PLANE('',#7154);
#7154 = AXIS2_PLACEMENT_3D('',#7155,#7156,#7157);
#7155 = CARTESIAN_POINT('',(-12.6,27.588853268006,-13.39986300779));
#7156 = DIRECTION('',(-1.7763568394E-16,0.,-1.));
#7157 = DIRECTION('',(-1.,0.,1.7763568394E-16));
#7158 = ADVANCED_FACE('',(#7159,#7209),#7220,.F.);
#7159 = FACE_BOUND('',#7160,.T.);
#7160 = EDGE_LOOP('',(#7161,#7162,#7169,#7170,#7177,#7178,#7185,#7186,
    #7193,#7194,#7201,#7202));
#7161 = ORIENTED_EDGE('',*,*,#6733,.F.);
#7162 = ORIENTED_EDGE('',*,*,#7163,.F.);
#7163 = EDGE_CURVE('',#6993,#6726,#7164,.T.);
#7164 = CIRCLE('',#7165,4.188853268006);
#7165 = AXIS2_PLACEMENT_3D('',#7166,#7167,#7168);
#7166 = CARTESIAN_POINT('',(-12.6,23.4,-13.2));
#7167 = DIRECTION('',(-1.7763568394E-16,0.,-1.));
#7168 = DIRECTION('',(1.,0.,-1.7763568394E-16));
#7169 = ORIENTED_EDGE('',*,*,#6992,.F.);
#7170 = ORIENTED_EDGE('',*,*,#7171,.F.);
#7171 = EDGE_CURVE('',#6932,#6985,#7172,.T.);
#7172 = CIRCLE('',#7173,4.188853268006);
#7173 = AXIS2_PLACEMENT_3D('',#7174,#7175,#7176);
#7174 = CARTESIAN_POINT('',(-12.6,23.4,-13.2));
#7175 = DIRECTION('',(-1.7763568394E-16,0.,-1.));
#7176 = DIRECTION('',(1.,0.,-1.7763568394E-16));
#7177 = ORIENTED_EDGE('',*,*,#6931,.F.);
#7178 = ORIENTED_EDGE('',*,*,#7179,.F.);
#7179 = EDGE_CURVE('',#7047,#6924,#7180,.T.);
#7180 = CIRCLE('',#7181,4.188853268006);
#7181 = AXIS2_PLACEMENT_3D('',#7182,#7183,#7184);
#7182 = CARTESIAN_POINT('',(-12.6,23.4,-13.2));
#7183 = DIRECTION('',(-1.7763568394E-16,0.,-1.));
#7184 = DIRECTION('',(1.,0.,-1.7763568394E-16));
#7185 = ORIENTED_EDGE('',*,*,#7046,.F.);
#7186 = ORIENTED_EDGE('',*,*,#7187,.F.);
#7187 = EDGE_CURVE('',#6860,#7039,#7188,.T.);
#7188 = CIRCLE('',#7189,4.188853268006);
#7189 = AXIS2_PLACEMENT_3D('',#7190,#7191,#7192);
#7190 = CARTESIAN_POINT('',(-12.6,23.4,-13.2));
#7191 = DIRECTION('',(-1.7763568394E-16,0.,-1.));
#7192 = DIRECTION('',(1.,0.,-1.7763568394E-16));
#7193 = ORIENTED_EDGE('',*,*,#6859,.F.);
#7194 = ORIENTED_EDGE('',*,*,#7195,.F.);
#7195 = EDGE_CURVE('',#6797,#6852,#7196,.T.);
#7196 = CIRCLE('',#7197,4.188853268006);
#7197 = AXIS2_PLACEMENT_3D('',#7198,#7199,#7200);
#7198 = CARTESIAN_POINT('',(-12.6,23.4,-13.2));
#7199 = DIRECTION('',(-1.7763568394E-16,0.,-1.));
#7200 = DIRECTION('',(1.,0.,-1.7763568394E-16));
#7201 = ORIENTED_EDGE('',*,*,#6796,.F.);
#7202 = ORIENTED_EDGE('',*,*,#7203,.F.);
#7203 = EDGE_CURVE('',#6734,#6789,#7204,.T.);
#7204 = CIRCLE('',#7205,4.188853268006);
#7205 = AXIS2_PLACEMENT_3D('',#7206,#7207,#7208);
#7206 = CARTESIAN_POINT('',(-12.6,23.4,-13.2));
#7207 = DIRECTION('',(-1.7763568394E-16,0.,-1.));
#7208 = DIRECTION('',(1.,0.,-1.7763568394E-16));
#7209 = FACE_BOUND('',#7210,.T.);
#7210 = EDGE_LOOP('',(#7211));
#7211 = ORIENTED_EDGE('',*,*,#7212,.T.);
#7212 = EDGE_CURVE('',#7213,#7213,#7215,.T.);
#7213 = VERTEX_POINT('',#7214);
#7214 = CARTESIAN_POINT('',(-12.6,21.411146731994,-13.2));
#7215 = CIRCLE('',#7216,1.988853268006);
#7216 = AXIS2_PLACEMENT_3D('',#7217,#7218,#7219);
#7217 = CARTESIAN_POINT('',(-12.6,23.4,-13.2));
#7218 = DIRECTION('',(-1.7763568394E-16,0.,-1.));
#7219 = DIRECTION('',(1.,0.,-1.7763568394E-16));
#7220 = PLANE('',#7221);
#7221 = AXIS2_PLACEMENT_3D('',#7222,#7223,#7224);
#7222 = CARTESIAN_POINT('',(-12.6,25.388853268006,-13.2));
#7223 = DIRECTION('',(-1.7763568394E-16,0.,-1.));
#7224 = DIRECTION('',(-1.,0.,1.7763568394E-16));
#7225 = ADVANCED_FACE('',(#7226),#7232,.T.);
#7226 = FACE_BOUND('',#7227,.T.);
#7227 = EDGE_LOOP('',(#7228,#7229,#7230,#7231));
#7228 = ORIENTED_EDGE('',*,*,#6867,.F.);
#7229 = ORIENTED_EDGE('',*,*,#7187,.T.);
#7230 = ORIENTED_EDGE('',*,*,#7038,.F.);
#7231 = ORIENTED_EDGE('',*,*,#7095,.F.);
#7232 = CYLINDRICAL_SURFACE('',#7233,4.188853268006);
#7233 = AXIS2_PLACEMENT_3D('',#7234,#7235,#7236);
#7234 = CARTESIAN_POINT('',(-12.6,23.4,-13.29993150389));
#7235 = DIRECTION('',(-1.7763568394E-16,0.,-1.));
#7236 = DIRECTION('',(2.377402260457E-16,1.,-4.223114765368E-32));
#7237 = ADVANCED_FACE('',(#7238),#7244,.T.);
#7238 = FACE_BOUND('',#7239,.T.);
#7239 = EDGE_LOOP('',(#7240,#7241,#7242,#7243));
#7240 = ORIENTED_EDGE('',*,*,#6804,.F.);
#7241 = ORIENTED_EDGE('',*,*,#7195,.T.);
#7242 = ORIENTED_EDGE('',*,*,#6851,.F.);
#7243 = ORIENTED_EDGE('',*,*,#7078,.F.);
#7244 = CYLINDRICAL_SURFACE('',#7245,4.188853268006);
#7245 = AXIS2_PLACEMENT_3D('',#7246,#7247,#7248);
#7246 = CARTESIAN_POINT('',(-12.6,23.4,-13.29993150389));
#7247 = DIRECTION('',(-1.7763568394E-16,0.,-1.));
#7248 = DIRECTION('',(2.377402260457E-16,1.,-4.223114765368E-32));
#7249 = ADVANCED_FACE('',(#7250),#7256,.T.);
#7250 = FACE_BOUND('',#7251,.T.);
#7251 = EDGE_LOOP('',(#7252,#7253,#7254,#7255));
#7252 = ORIENTED_EDGE('',*,*,#6923,.F.);
#7253 = ORIENTED_EDGE('',*,*,#7113,.F.);
#7254 = ORIENTED_EDGE('',*,*,#7054,.F.);
#7255 = ORIENTED_EDGE('',*,*,#7179,.T.);
#7256 = CYLINDRICAL_SURFACE('',#7257,4.188853268006);
#7257 = AXIS2_PLACEMENT_3D('',#7258,#7259,#7260);
#7258 = CARTESIAN_POINT('',(-12.6,23.4,-13.29993150389));
#7259 = DIRECTION('',(-1.7763568394E-16,0.,-1.));
#7260 = DIRECTION('',(2.377402260457E-16,1.,-4.223114765368E-32));
#7261 = ADVANCED_FACE('',(#7262),#7268,.T.);
#7262 = FACE_BOUND('',#7263,.T.);
#7263 = EDGE_LOOP('',(#7264,#7265,#7266,#7267));
#7264 = ORIENTED_EDGE('',*,*,#6984,.F.);
#7265 = ORIENTED_EDGE('',*,*,#7130,.F.);
#7266 = ORIENTED_EDGE('',*,*,#6939,.F.);
#7267 = ORIENTED_EDGE('',*,*,#7171,.T.);
#7268 = CYLINDRICAL_SURFACE('',#7269,4.188853268006);
#7269 = AXIS2_PLACEMENT_3D('',#7270,#7271,#7272);
#7270 = CARTESIAN_POINT('',(-12.6,23.4,-13.29993150389));
#7271 = DIRECTION('',(-1.7763568394E-16,0.,-1.));
#7272 = DIRECTION('',(2.377402260457E-16,1.,-4.223114765368E-32));
#7273 = ADVANCED_FACE('',(#7274),#7280,.T.);
#7274 = FACE_BOUND('',#7275,.T.);
#7275 = EDGE_LOOP('',(#7276,#7277,#7278,#7279));
#7276 = ORIENTED_EDGE('',*,*,#6741,.F.);
#7277 = ORIENTED_EDGE('',*,*,#7203,.T.);
#7278 = ORIENTED_EDGE('',*,*,#6788,.F.);
#7279 = ORIENTED_EDGE('',*,*,#7146,.F.);
#7280 = CYLINDRICAL_SURFACE('',#7281,4.188853268006);
#7281 = AXIS2_PLACEMENT_3D('',#7282,#7283,#7284);
#7282 = CARTESIAN_POINT('',(-12.6,23.4,-13.29993150389));
#7283 = DIRECTION('',(-1.7763568394E-16,0.,-1.));
#7284 = DIRECTION('',(3.288136637191E-16,-1.,-5.840904004357E-32));
#7285 = ADVANCED_FACE('',(#7286),#7298,.T.);
#7286 = FACE_BOUND('',#7287,.T.);
#7287 = EDGE_LOOP('',(#7288,#7289,#7296,#7297));
#7288 = ORIENTED_EDGE('',*,*,#6725,.F.);
#7289 = ORIENTED_EDGE('',*,*,#7290,.F.);
#7290 = EDGE_CURVE('',#7001,#6718,#7291,.T.);
#7291 = CIRCLE('',#7292,4.188853268006);
#7292 = AXIS2_PLACEMENT_3D('',#7293,#7294,#7295);
#7293 = CARTESIAN_POINT('',(-12.6,23.4,-13.39986300779));
#7294 = DIRECTION('',(-1.7763568394E-16,0.,-1.));
#7295 = DIRECTION('',(1.,0.,-1.7763568394E-16));
#7296 = ORIENTED_EDGE('',*,*,#7000,.F.);
#7297 = ORIENTED_EDGE('',*,*,#7163,.T.);
#7298 = CYLINDRICAL_SURFACE('',#7299,4.188853268006);
#7299 = AXIS2_PLACEMENT_3D('',#7300,#7301,#7302);
#7300 = CARTESIAN_POINT('',(-12.6,23.4,-13.29993150389));
#7301 = DIRECTION('',(-1.7763568394E-16,0.,-1.));
#7302 = DIRECTION('',(2.377402260457E-16,1.,-4.223114765368E-32));
#7303 = ADVANCED_FACE('',(#7304),#7323,.T.);
#7304 = FACE_BOUND('',#7305,.T.);
#7305 = EDGE_LOOP('',(#7306,#7315,#7321,#7322));
#7306 = ORIENTED_EDGE('',*,*,#7307,.F.);
#7307 = EDGE_CURVE('',#7308,#7308,#7310,.T.);
#7308 = VERTEX_POINT('',#7309);
#7309 = CARTESIAN_POINT('',(-12.6,21.411146731994,-12.5));
#7310 = CIRCLE('',#7311,1.988853268006);
#7311 = AXIS2_PLACEMENT_3D('',#7312,#7313,#7314);
#7312 = CARTESIAN_POINT('',(-12.6,23.4,-12.5));
#7313 = DIRECTION('',(-8.881784197001E-17,0.,1.));
#7314 = DIRECTION('',(2.377402260457E-16,1.,2.111557382684E-32));
#7315 = ORIENTED_EDGE('',*,*,#7316,.T.);
#7316 = EDGE_CURVE('',#7308,#7213,#7317,.T.);
#7317 = LINE('',#7318,#7319);
#7318 = CARTESIAN_POINT('',(-12.6,21.411146731994,-12.85));
#7319 = VECTOR('',#7320,1.);
#7320 = DIRECTION('',(-1.7763568394E-16,0.,-1.));
#7321 = ORIENTED_EDGE('',*,*,#7212,.F.);
#7322 = ORIENTED_EDGE('',*,*,#7316,.F.);
#7323 = CYLINDRICAL_SURFACE('',#7324,1.988853268006);
#7324 = AXIS2_PLACEMENT_3D('',#7325,#7326,#7327);
#7325 = CARTESIAN_POINT('',(-12.6,23.4,-12.85));
#7326 = DIRECTION('',(-1.7763568394E-16,0.,-1.));
#7327 = DIRECTION('',(2.377402260457E-16,1.,-4.223114765368E-32));
#7328 = ADVANCED_FACE('',(#7329),#7334,.F.);
#7329 = FACE_BOUND('',#7330,.T.);
#7330 = EDGE_LOOP('',(#7331,#7332,#7333));
#7331 = ORIENTED_EDGE('',*,*,#6717,.F.);
#7332 = ORIENTED_EDGE('',*,*,#7008,.F.);
#7333 = ORIENTED_EDGE('',*,*,#7290,.T.);
#7334 = PLANE('',#7335);
#7335 = AXIS2_PLACEMENT_3D('',#7336,#7337,#7338);
#7336 = CARTESIAN_POINT('',(-12.6,27.588853268006,-13.39986300779));
#7337 = DIRECTION('',(-1.7763568394E-16,0.,-1.));
#7338 = DIRECTION('',(-1.,0.,1.7763568394E-16));
#7339 = ADVANCED_FACE('',(#7340),#7364,.T.);
#7340 = FACE_BOUND('',#7341,.T.);
#7341 = EDGE_LOOP('',(#7342,#7343,#7344,#7345,#7346,#7347,#7355,#7362,
    #7363));
#7342 = ORIENTED_EDGE('',*,*,#6834,.F.);
#7343 = ORIENTED_EDGE('',*,*,#7023,.F.);
#7344 = ORIENTED_EDGE('',*,*,#6897,.F.);
#7345 = ORIENTED_EDGE('',*,*,#6969,.F.);
#7346 = ORIENTED_EDGE('',*,*,#6699,.F.);
#7347 = ORIENTED_EDGE('',*,*,#7348,.T.);
#7348 = EDGE_CURVE('',#6700,#7349,#7351,.T.);
#7349 = VERTEX_POINT('',#7350);
#7350 = CARTESIAN_POINT('',(-12.6,19.7,-20.2));
#7351 = LINE('',#7352,#7353);
#7352 = CARTESIAN_POINT('',(-12.6,19.375,-18.65));
#7353 = VECTOR('',#7354,1.);
#7354 = DIRECTION('',(-1.644382310209E-16,0.205214844297,-0.978716949726
    ));
#7355 = ORIENTED_EDGE('',*,*,#7356,.F.);
#7356 = EDGE_CURVE('',#7349,#7349,#7357,.T.);
#7357 = CIRCLE('',#7358,3.7);
#7358 = AXIS2_PLACEMENT_3D('',#7359,#7360,#7361);
#7359 = CARTESIAN_POINT('',(-12.6,23.4,-20.2));
#7360 = DIRECTION('',(8.881784197001E-17,0.,-1.));
#7361 = DIRECTION('',(-7.657704561832E-17,1.,-6.801407936258E-33));
#7362 = ORIENTED_EDGE('',*,*,#7348,.F.);
#7363 = ORIENTED_EDGE('',*,*,#6771,.F.);
#7364 = CONICAL_SURFACE('',#7365,4.025,0.206683218484);
#7365 = AXIS2_PLACEMENT_3D('',#7366,#7367,#7368);
#7366 = CARTESIAN_POINT('',(-12.6,23.4,-18.65));
#7367 = DIRECTION('',(1.7763568394E-16,0.,1.));
#7368 = DIRECTION('',(-7.657704561832E-17,1.,1.360281587252E-32));
#7369 = ADVANCED_FACE('',(#7370,#7373),#7379,.T.);
#7370 = FACE_BOUND('',#7371,.T.);
#7371 = EDGE_LOOP('',(#7372));
#7372 = ORIENTED_EDGE('',*,*,#7356,.T.);
#7373 = FACE_BOUND('',#7374,.T.);
#7374 = EDGE_LOOP('',(#7375,#7376,#7377,#7378));
#7375 = ORIENTED_EDGE('',*,*,#6563,.T.);
#7376 = ORIENTED_EDGE('',*,*,#6665,.T.);
#7377 = ORIENTED_EDGE('',*,*,#6634,.T.);
#7378 = ORIENTED_EDGE('',*,*,#6603,.T.);
#7379 = PLANE('',#7380);
#7380 = AXIS2_PLACEMENT_3D('',#7381,#7382,#7383);
#7381 = CARTESIAN_POINT('',(-12.6,23.4,-20.2));
#7382 = DIRECTION('',(8.881784197001E-17,0.,-1.));
#7383 = DIRECTION('',(-1.,0.,-8.881784197001E-17));
#7384 = ADVANCED_FACE('',(#7385),#7388,.F.);
#7385 = FACE_BOUND('',#7386,.T.);
#7386 = EDGE_LOOP('',(#7387));
#7387 = ORIENTED_EDGE('',*,*,#7307,.T.);
#7388 = PLANE('',#7389);
#7389 = AXIS2_PLACEMENT_3D('',#7390,#7391,#7392);
#7390 = CARTESIAN_POINT('',(-12.6,23.4,-12.5));
#7391 = DIRECTION('',(8.881784197001E-17,0.,-1.));
#7392 = DIRECTION('',(-1.,0.,-8.881784197001E-17));
#7393 = ( GEOMETRIC_REPRESENTATION_CONTEXT(3) 
GLOBAL_UNCERTAINTY_ASSIGNED_CONTEXT((#7397)) 
GLOBAL_UNIT_ASSIGNED_CONTEXT((#7394,#7395,#7396)) REPRESENTATION_CONTEXT
('Context #1','3D Context with UNIT and UNCERTAINTY') );
#7394 = ( LENGTH_UNIT() NAMED_UNIT(*) SI_UNIT(.MILLI.,.METRE.) );
#7395 = ( NAMED_UNIT(*) PLANE_ANGLE_UNIT() SI_UNIT($,.RADIAN.) );
#7396 = ( NAMED_UNIT(*) SI_UNIT($,.STERADIAN.) SOLID_ANGLE_UNIT() );
#7397 = UNCERTAINTY_MEASURE_WITH_UNIT(LENGTH_MEASURE(1.E-07),#7394,
  'distance_accuracy_value','confusion accuracy');
#7398 = PRODUCT_RELATED_PRODUCT_CATEGORY('part',$,(#6553));
#7399 = SHAPE_DEFINITION_REPRESENTATION(#7400,#7406);
#7400 = PRODUCT_DEFINITION_SHAPE('','',#7401);
#7401 = PRODUCT_DEFINITION('design','',#7402,#7405);
#7402 = PRODUCT_DEFINITION_FORMATION('','',#7403);
#7403 = PRODUCT('RSB-600-005','RSB-600-005','',(#7404));
#7404 = PRODUCT_CONTEXT('',#2,'mechanical');
#7405 = PRODUCT_DEFINITION_CONTEXT('part definition',#2,'design');
#7406 = SHAPE_REPRESENTATION('',(#11,#7407,#7411,#7415,#7419,#7423),
  #7427);
#7407 = AXIS2_PLACEMENT_3D('',#7408,#7409,#7410);
#7408 = CARTESIAN_POINT('',(0.,0.,0.));
#7409 = DIRECTION('',(0.,0.,1.));
#7410 = DIRECTION('',(1.,0.,0.));
#7411 = AXIS2_PLACEMENT_3D('',#7412,#7413,#7414);
#7412 = CARTESIAN_POINT('',(0.,0.,0.));
#7413 = DIRECTION('',(0.,0.,1.));
#7414 = DIRECTION('',(1.,0.,0.));
#7415 = AXIS2_PLACEMENT_3D('',#7416,#7417,#7418);
#7416 = CARTESIAN_POINT('',(0.,0.,0.));
#7417 = DIRECTION('',(0.,0.,1.));
#7418 = DIRECTION('',(1.,0.,0.));
#7419 = AXIS2_PLACEMENT_3D('',#7420,#7421,#7422);
#7420 = CARTESIAN_POINT('',(0.,0.,0.));
#7421 = DIRECTION('',(0.,0.,1.));
#7422 = DIRECTION('',(1.,0.,0.));
#7423 = AXIS2_PLACEMENT_3D('',#7424,#7425,#7426);
#7424 = CARTESIAN_POINT('',(0.,0.,0.));
#7425 = DIRECTION('',(0.,0.,1.));
#7426 = DIRECTION('',(1.,0.,0.));
#7427 = ( GEOMETRIC_REPRESENTATION_CONTEXT(3) 
GLOBAL_UNCERTAINTY_ASSIGNED_CONTEXT((#7431)) 
GLOBAL_UNIT_ASSIGNED_CONTEXT((#7428,#7429,#7430)) REPRESENTATION_CONTEXT
('Context #1','3D Context with UNIT and UNCERTAINTY') );
#7428 = ( LENGTH_UNIT() NAMED_UNIT(*) SI_UNIT(.MILLI.,.METRE.) );
#7429 = ( NAMED_UNIT(*) PLANE_ANGLE_UNIT() SI_UNIT($,.RADIAN.) );
#7430 = ( NAMED_UNIT(*) SI_UNIT($,.STERADIAN.) SOLID_ANGLE_UNIT() );
#7431 = UNCERTAINTY_MEASURE_WITH_UNIT(LENGTH_MEASURE(2.E-04),#7428,
  'distance_accuracy_value','confusion accuracy');
#7432 = PRODUCT_RELATED_PRODUCT_CATEGORY('part',$,(#7403));
#7433 = CONTEXT_DEPENDENT_SHAPE_REPRESENTATION(#7434,#7436);
#7434 = ( REPRESENTATION_RELATIONSHIP('','',#10,#7406) 
REPRESENTATION_RELATIONSHIP_WITH_TRANSFORMATION(#7435) 
SHAPE_REPRESENTATION_RELATIONSHIP() );
#7435 = ITEM_DEFINED_TRANSFORMATION('','',#11,#7407);
#7436 = PRODUCT_DEFINITION_SHAPE('Placement','Placement of an item',
  #7437);
#7437 = NEXT_ASSEMBLY_USAGE_OCCURRENCE('1','=>[0:1:1:6]','',#7401,#5,$);
#7438 = CONTEXT_DEPENDENT_SHAPE_REPRESENTATION(#7439,#7441);
#7439 = ( REPRESENTATION_RELATIONSHIP('','',#5276,#7406) 
REPRESENTATION_RELATIONSHIP_WITH_TRANSFORMATION(#7440) 
SHAPE_REPRESENTATION_RELATIONSHIP() );
#7440 = ITEM_DEFINED_TRANSFORMATION('','',#11,#7411);
#7441 = PRODUCT_DEFINITION_SHAPE('Placement','Placement of an item',
  #7442);
#7442 = NEXT_ASSEMBLY_USAGE_OCCURRENCE('2','=>[0:1:1:7]','',#7401,#5271,
  $);
#7443 = CONTEXT_DEPENDENT_SHAPE_REPRESENTATION(#7444,#7446);
#7444 = ( REPRESENTATION_RELATIONSHIP('','',#5440,#7406) 
REPRESENTATION_RELATIONSHIP_WITH_TRANSFORMATION(#7445) 
SHAPE_REPRESENTATION_RELATIONSHIP() );
#7445 = ITEM_DEFINED_TRANSFORMATION('','',#11,#7415);
#7446 = PRODUCT_DEFINITION_SHAPE('Placement','Placement of an item',
  #7447);
#7447 = NEXT_ASSEMBLY_USAGE_OCCURRENCE('3','=>[0:1:1:8]','',#7401,#5435,
  $);
#7448 = CONTEXT_DEPENDENT_SHAPE_REPRESENTATION(#7449,#7451);
#7449 = ( REPRESENTATION_RELATIONSHIP('','',#5604,#7406) 
REPRESENTATION_RELATIONSHIP_WITH_TRANSFORMATION(#7450) 
SHAPE_REPRESENTATION_RELATIONSHIP() );
#7450 = ITEM_DEFINED_TRANSFORMATION('','',#11,#7419);
#7451 = PRODUCT_DEFINITION_SHAPE('Placement','Placement of an item',
  #7452);
#7452 = NEXT_ASSEMBLY_USAGE_OCCURRENCE('4','=>[0:1:1:9]','',#7401,#5599,
  $);
#7453 = CONTEXT_DEPENDENT_SHAPE_REPRESENTATION(#7454,#7456);
#7454 = ( REPRESENTATION_RELATIONSHIP('','',#6556,#7406) 
REPRESENTATION_RELATIONSHIP_WITH_TRANSFORMATION(#7455) 
SHAPE_REPRESENTATION_RELATIONSHIP() );
#7455 = ITEM_DEFINED_TRANSFORMATION('','',#11,#7423);
#7456 = PRODUCT_DEFINITION_SHAPE('Placement','Placement of an item',
  #7457);
#7457 = NEXT_ASSEMBLY_USAGE_OCCURRENCE('5','=>[0:1:1:10]','',#7401,#6551
  ,$);
#7458 = MECHANICAL_DESIGN_GEOMETRIC_PRESENTATION_REPRESENTATION('',(
    #7459,#7467,#7474,#7481,#7488,#7495,#7502,#7509,#7516,#7523,#7530,
    #7537,#7544,#7551,#7558,#7565,#7572,#7579,#7586,#7593,#7600,#7607,
    #7614,#7621,#7628,#7635,#7642,#7649,#7656,#7663),#6543);
#7459 = STYLED_ITEM('color',(#7460),#5607);
#7460 = PRESENTATION_STYLE_ASSIGNMENT((#7461));
#7461 = SURFACE_STYLE_USAGE(.BOTH.,#7462);
#7462 = SURFACE_SIDE_STYLE('',(#7463));
#7463 = SURFACE_STYLE_FILL_AREA(#7464);
#7464 = FILL_AREA_STYLE('',(#7465));
#7465 = FILL_AREA_STYLE_COLOUR('',#7466);
#7466 = COLOUR_RGB('',0.996078432391,0.83529413669,0.);
#7467 = STYLED_ITEM('color',(#7468),#5724);
#7468 = PRESENTATION_STYLE_ASSIGNMENT((#7469));
#7469 = SURFACE_STYLE_USAGE(.BOTH.,#7470);
#7470 = SURFACE_SIDE_STYLE('',(#7471));
#7471 = SURFACE_STYLE_FILL_AREA(#7472);
#7472 = FILL_AREA_STYLE('',(#7473));
#7473 = FILL_AREA_STYLE_COLOUR('',#7466);
#7474 = STYLED_ITEM('color',(#7475),#5756);
#7475 = PRESENTATION_STYLE_ASSIGNMENT((#7476));
#7476 = SURFACE_STYLE_USAGE(.BOTH.,#7477);
#7477 = SURFACE_SIDE_STYLE('',(#7478));
#7478 = SURFACE_STYLE_FILL_AREA(#7479);
#7479 = FILL_AREA_STYLE('',(#7480));
#7480 = FILL_AREA_STYLE_COLOUR('',#7466);
#7481 = STYLED_ITEM('color',(#7482),#5787);
#7482 = PRESENTATION_STYLE_ASSIGNMENT((#7483));
#7483 = SURFACE_STYLE_USAGE(.BOTH.,#7484);
#7484 = SURFACE_SIDE_STYLE('',(#7485));
#7485 = SURFACE_STYLE_FILL_AREA(#7486);
#7486 = FILL_AREA_STYLE('',(#7487));
#7487 = FILL_AREA_STYLE_COLOUR('',#7466);
#7488 = STYLED_ITEM('color',(#7489),#5802);
#7489 = PRESENTATION_STYLE_ASSIGNMENT((#7490));
#7490 = SURFACE_STYLE_USAGE(.BOTH.,#7491);
#7491 = SURFACE_SIDE_STYLE('',(#7492));
#7492 = SURFACE_STYLE_FILL_AREA(#7493);
#7493 = FILL_AREA_STYLE('',(#7494));
#7494 = FILL_AREA_STYLE_COLOUR('',#7466);
#7495 = STYLED_ITEM('color',(#7496),#5828);
#7496 = PRESENTATION_STYLE_ASSIGNMENT((#7497));
#7497 = SURFACE_STYLE_USAGE(.BOTH.,#7498);
#7498 = SURFACE_SIDE_STYLE('',(#7499));
#7499 = SURFACE_STYLE_FILL_AREA(#7500);
#7500 = FILL_AREA_STYLE('',(#7501));
#7501 = FILL_AREA_STYLE_COLOUR('',#7466);
#7502 = STYLED_ITEM('color',(#7503),#5893);
#7503 = PRESENTATION_STYLE_ASSIGNMENT((#7504));
#7504 = SURFACE_STYLE_USAGE(.BOTH.,#7505);
#7505 = SURFACE_SIDE_STYLE('',(#7506));
#7506 = SURFACE_STYLE_FILL_AREA(#7507);
#7507 = FILL_AREA_STYLE('',(#7508));
#7508 = FILL_AREA_STYLE_COLOUR('',#7466);
#7509 = STYLED_ITEM('color',(#7510),#5910);
#7510 = PRESENTATION_STYLE_ASSIGNMENT((#7511));
#7511 = SURFACE_STYLE_USAGE(.BOTH.,#7512);
#7512 = SURFACE_SIDE_STYLE('',(#7513));
#7513 = SURFACE_STYLE_FILL_AREA(#7514);
#7514 = FILL_AREA_STYLE('',(#7515));
#7515 = FILL_AREA_STYLE_COLOUR('',#7466);
#7516 = STYLED_ITEM('color',(#7517),#5922);
#7517 = PRESENTATION_STYLE_ASSIGNMENT((#7518));
#7518 = SURFACE_STYLE_USAGE(.BOTH.,#7519);
#7519 = SURFACE_SIDE_STYLE('',(#7520));
#7520 = SURFACE_STYLE_FILL_AREA(#7521);
#7521 = FILL_AREA_STYLE('',(#7522));
#7522 = FILL_AREA_STYLE_COLOUR('',#7466);
#7523 = STYLED_ITEM('color',(#7524),#5985);
#7524 = PRESENTATION_STYLE_ASSIGNMENT((#7525));
#7525 = SURFACE_STYLE_USAGE(.BOTH.,#7526);
#7526 = SURFACE_SIDE_STYLE('',(#7527));
#7527 = SURFACE_STYLE_FILL_AREA(#7528);
#7528 = FILL_AREA_STYLE('',(#7529));
#7529 = FILL_AREA_STYLE_COLOUR('',#7466);
#7530 = STYLED_ITEM('color',(#7531),#6041);
#7531 = PRESENTATION_STYLE_ASSIGNMENT((#7532));
#7532 = SURFACE_STYLE_USAGE(.BOTH.,#7533);
#7533 = SURFACE_SIDE_STYLE('',(#7534));
#7534 = SURFACE_STYLE_FILL_AREA(#7535);
#7535 = FILL_AREA_STYLE('',(#7536));
#7536 = FILL_AREA_STYLE_COLOUR('',#7466);
#7537 = STYLED_ITEM('color',(#7538),#6097);
#7538 = PRESENTATION_STYLE_ASSIGNMENT((#7539));
#7539 = SURFACE_STYLE_USAGE(.BOTH.,#7540);
#7540 = SURFACE_SIDE_STYLE('',(#7541));
#7541 = SURFACE_STYLE_FILL_AREA(#7542);
#7542 = FILL_AREA_STYLE('',(#7543));
#7543 = FILL_AREA_STYLE_COLOUR('',#7466);
#7544 = STYLED_ITEM('color',(#7545),#6160);
#7545 = PRESENTATION_STYLE_ASSIGNMENT((#7546));
#7546 = SURFACE_STYLE_USAGE(.BOTH.,#7547);
#7547 = SURFACE_SIDE_STYLE('',(#7548));
#7548 = SURFACE_STYLE_FILL_AREA(#7549);
#7549 = FILL_AREA_STYLE('',(#7550));
#7550 = FILL_AREA_STYLE_COLOUR('',#7466);
#7551 = STYLED_ITEM('color',(#7552),#6209);
#7552 = PRESENTATION_STYLE_ASSIGNMENT((#7553));
#7553 = SURFACE_STYLE_USAGE(.BOTH.,#7554);
#7554 = SURFACE_SIDE_STYLE('',(#7555));
#7555 = SURFACE_STYLE_FILL_AREA(#7556);
#7556 = FILL_AREA_STYLE('',(#7557));
#7557 = FILL_AREA_STYLE_COLOUR('',#7466);
#7558 = STYLED_ITEM('color',(#7559),#6258);
#7559 = PRESENTATION_STYLE_ASSIGNMENT((#7560));
#7560 = SURFACE_STYLE_USAGE(.BOTH.,#7561);
#7561 = SURFACE_SIDE_STYLE('',(#7562));
#7562 = SURFACE_STYLE_FILL_AREA(#7563);
#7563 = FILL_AREA_STYLE('',(#7564));
#7564 = FILL_AREA_STYLE_COLOUR('',#7466);
#7565 = STYLED_ITEM('color',(#7566),#6275);
#7566 = PRESENTATION_STYLE_ASSIGNMENT((#7567));
#7567 = SURFACE_STYLE_USAGE(.BOTH.,#7568);
#7568 = SURFACE_SIDE_STYLE('',(#7569));
#7569 = SURFACE_STYLE_FILL_AREA(#7570);
#7570 = FILL_AREA_STYLE('',(#7571));
#7571 = FILL_AREA_STYLE_COLOUR('',#7466);
#7572 = STYLED_ITEM('color',(#7573),#6292);
#7573 = PRESENTATION_STYLE_ASSIGNMENT((#7574));
#7574 = SURFACE_STYLE_USAGE(.BOTH.,#7575);
#7575 = SURFACE_SIDE_STYLE('',(#7576));
#7576 = SURFACE_STYLE_FILL_AREA(#7577);
#7577 = FILL_AREA_STYLE('',(#7578));
#7578 = FILL_AREA_STYLE_COLOUR('',#7466);
#7579 = STYLED_ITEM('color',(#7580),#6309);
#7580 = PRESENTATION_STYLE_ASSIGNMENT((#7581));
#7581 = SURFACE_STYLE_USAGE(.BOTH.,#7582);
#7582 = SURFACE_SIDE_STYLE('',(#7583));
#7583 = SURFACE_STYLE_FILL_AREA(#7584);
#7584 = FILL_AREA_STYLE('',(#7585));
#7585 = FILL_AREA_STYLE_COLOUR('',#7466);
#7586 = STYLED_ITEM('color',(#7587),#6326);
#7587 = PRESENTATION_STYLE_ASSIGNMENT((#7588));
#7588 = SURFACE_STYLE_USAGE(.BOTH.,#7589);
#7589 = SURFACE_SIDE_STYLE('',(#7590));
#7590 = SURFACE_STYLE_FILL_AREA(#7591);
#7591 = FILL_AREA_STYLE('',(#7592));
#7592 = FILL_AREA_STYLE_COLOUR('',#7466);
#7593 = STYLED_ITEM('color',(#7594),#6343);
#7594 = PRESENTATION_STYLE_ASSIGNMENT((#7595));
#7595 = SURFACE_STYLE_USAGE(.BOTH.,#7596);
#7596 = SURFACE_SIDE_STYLE('',(#7597));
#7597 = SURFACE_STYLE_FILL_AREA(#7598);
#7598 = FILL_AREA_STYLE('',(#7599));
#7599 = FILL_AREA_STYLE_COLOUR('',#7466);
#7600 = STYLED_ITEM('color',(#7601),#6361);
#7601 = PRESENTATION_STYLE_ASSIGNMENT((#7602));
#7602 = SURFACE_STYLE_USAGE(.BOTH.,#7603);
#7603 = SURFACE_SIDE_STYLE('',(#7604));
#7604 = SURFACE_STYLE_FILL_AREA(#7605);
#7605 = FILL_AREA_STYLE('',(#7606));
#7606 = FILL_AREA_STYLE_COLOUR('',#7466);
#7607 = STYLED_ITEM('color',(#7608),#6379);
#7608 = PRESENTATION_STYLE_ASSIGNMENT((#7609));
#7609 = SURFACE_STYLE_USAGE(.BOTH.,#7610);
#7610 = SURFACE_SIDE_STYLE('',(#7611));
#7611 = SURFACE_STYLE_FILL_AREA(#7612);
#7612 = FILL_AREA_STYLE('',(#7613));
#7613 = FILL_AREA_STYLE_COLOUR('',#7466);
#7614 = STYLED_ITEM('color',(#7615),#6397);
#7615 = PRESENTATION_STYLE_ASSIGNMENT((#7616));
#7616 = SURFACE_STYLE_USAGE(.BOTH.,#7617);
#7617 = SURFACE_SIDE_STYLE('',(#7618));
#7618 = SURFACE_STYLE_FILL_AREA(#7619);
#7619 = FILL_AREA_STYLE('',(#7620));
#7620 = FILL_AREA_STYLE_COLOUR('',#7466);
#7621 = STYLED_ITEM('color',(#7622),#6415);
#7622 = PRESENTATION_STYLE_ASSIGNMENT((#7623));
#7623 = SURFACE_STYLE_USAGE(.BOTH.,#7624);
#7624 = SURFACE_SIDE_STYLE('',(#7625));
#7625 = SURFACE_STYLE_FILL_AREA(#7626);
#7626 = FILL_AREA_STYLE('',(#7627));
#7627 = FILL_AREA_STYLE_COLOUR('',#7466);
#7628 = STYLED_ITEM('color',(#7629),#6433);
#7629 = PRESENTATION_STYLE_ASSIGNMENT((#7630));
#7630 = SURFACE_STYLE_USAGE(.BOTH.,#7631);
#7631 = SURFACE_SIDE_STYLE('',(#7632));
#7632 = SURFACE_STYLE_FILL_AREA(#7633);
#7633 = FILL_AREA_STYLE('',(#7634));
#7634 = FILL_AREA_STYLE_COLOUR('',#7466);
#7635 = STYLED_ITEM('color',(#7636),#6457);
#7636 = PRESENTATION_STYLE_ASSIGNMENT((#7637));
#7637 = SURFACE_STYLE_USAGE(.BOTH.,#7638);
#7638 = SURFACE_SIDE_STYLE('',(#7639));
#7639 = SURFACE_STYLE_FILL_AREA(#7640);
#7640 = FILL_AREA_STYLE('',(#7641));
#7641 = FILL_AREA_STYLE_COLOUR('',#7466);
#7642 = STYLED_ITEM('color',(#7643),#6488);
#7643 = PRESENTATION_STYLE_ASSIGNMENT((#7644));
#7644 = SURFACE_STYLE_USAGE(.BOTH.,#7645);
#7645 = SURFACE_SIDE_STYLE('',(#7646));
#7646 = SURFACE_STYLE_FILL_AREA(#7647);
#7647 = FILL_AREA_STYLE('',(#7648));
#7648 = FILL_AREA_STYLE_COLOUR('',#7466);
#7649 = STYLED_ITEM('color',(#7650),#6513);
#7650 = PRESENTATION_STYLE_ASSIGNMENT((#7651));
#7651 = SURFACE_STYLE_USAGE(.BOTH.,#7652);
#7652 = SURFACE_SIDE_STYLE('',(#7653));
#7653 = SURFACE_STYLE_FILL_AREA(#7654);
#7654 = FILL_AREA_STYLE('',(#7655));
#7655 = FILL_AREA_STYLE_COLOUR('',#7466);
#7656 = STYLED_ITEM('color',(#7657),#6524);
#7657 = PRESENTATION_STYLE_ASSIGNMENT((#7658));
#7658 = SURFACE_STYLE_USAGE(.BOTH.,#7659);
#7659 = SURFACE_SIDE_STYLE('',(#7660));
#7660 = SURFACE_STYLE_FILL_AREA(#7661);
#7661 = FILL_AREA_STYLE('',(#7662));
#7662 = FILL_AREA_STYLE_COLOUR('',#7466);
#7663 = STYLED_ITEM('color',(#7664),#6534);
#7664 = PRESENTATION_STYLE_ASSIGNMENT((#7665));
#7665 = SURFACE_STYLE_USAGE(.BOTH.,#7666);
#7666 = SURFACE_SIDE_STYLE('',(#7667));
#7667 = SURFACE_STYLE_FILL_AREA(#7668);
#7668 = FILL_AREA_STYLE('',(#7669));
#7669 = FILL_AREA_STYLE_COLOUR('',#7466);
#7670 = MECHANICAL_DESIGN_GEOMETRIC_PRESENTATION_REPRESENTATION('',(
    #7671,#7678,#7685,#7692,#7699,#7706,#7713,#7720,#7727,#7734,#7741,
    #7748,#7755,#7762,#7769,#7776,#7783,#7790,#7797,#7804,#7811,#7818,
    #7825,#7832,#7839,#7846,#7853,#7860),#7393);
#7671 = STYLED_ITEM('color',(#7672),#6559);
#7672 = PRESENTATION_STYLE_ASSIGNMENT((#7673));
#7673 = SURFACE_STYLE_USAGE(.BOTH.,#7674);
#7674 = SURFACE_SIDE_STYLE('',(#7675));
#7675 = SURFACE_STYLE_FILL_AREA(#7676);
#7676 = FILL_AREA_STYLE('',(#7677));
#7677 = FILL_AREA_STYLE_COLOUR('',#7466);
#7678 = STYLED_ITEM('color',(#7679),#6599);
#7679 = PRESENTATION_STYLE_ASSIGNMENT((#7680));
#7680 = SURFACE_STYLE_USAGE(.BOTH.,#7681);
#7681 = SURFACE_SIDE_STYLE('',(#7682));
#7682 = SURFACE_STYLE_FILL_AREA(#7683);
#7683 = FILL_AREA_STYLE('',(#7684));
#7684 = FILL_AREA_STYLE_COLOUR('',#7466);
#7685 = STYLED_ITEM('color',(#7686),#6630);
#7686 = PRESENTATION_STYLE_ASSIGNMENT((#7687));
#7687 = SURFACE_STYLE_USAGE(.BOTH.,#7688);
#7688 = SURFACE_SIDE_STYLE('',(#7689));
#7689 = SURFACE_STYLE_FILL_AREA(#7690);
#7690 = FILL_AREA_STYLE('',(#7691));
#7691 = FILL_AREA_STYLE_COLOUR('',#7466);
#7692 = STYLED_ITEM('color',(#7693),#6661);
#7693 = PRESENTATION_STYLE_ASSIGNMENT((#7694));
#7694 = SURFACE_STYLE_USAGE(.BOTH.,#7695);
#7695 = SURFACE_SIDE_STYLE('',(#7696));
#7696 = SURFACE_STYLE_FILL_AREA(#7697);
#7697 = FILL_AREA_STYLE('',(#7698));
#7698 = FILL_AREA_STYLE_COLOUR('',#7466);
#7699 = STYLED_ITEM('color',(#7700),#6683);
#7700 = PRESENTATION_STYLE_ASSIGNMENT((#7701));
#7701 = SURFACE_STYLE_USAGE(.BOTH.,#7702);
#7702 = SURFACE_SIDE_STYLE('',(#7703));
#7703 = SURFACE_STYLE_FILL_AREA(#7704);
#7704 = FILL_AREA_STYLE('',(#7705));
#7705 = FILL_AREA_STYLE_COLOUR('',#7466);
#7706 = STYLED_ITEM('color',(#7707),#6695);
#7707 = PRESENTATION_STYLE_ASSIGNMENT((#7708));
#7708 = SURFACE_STYLE_USAGE(.BOTH.,#7709);
#7709 = SURFACE_SIDE_STYLE('',(#7710));
#7710 = SURFACE_STYLE_FILL_AREA(#7711);
#7711 = FILL_AREA_STYLE('',(#7712));
#7712 = FILL_AREA_STYLE_COLOUR('',#7466);
#7713 = STYLED_ITEM('color',(#7714),#6767);
#7714 = PRESENTATION_STYLE_ASSIGNMENT((#7715));
#7715 = SURFACE_STYLE_USAGE(.BOTH.,#7716);
#7716 = SURFACE_SIDE_STYLE('',(#7717));
#7717 = SURFACE_STYLE_FILL_AREA(#7718);
#7718 = FILL_AREA_STYLE('',(#7719));
#7719 = FILL_AREA_STYLE_COLOUR('',#7466);
#7720 = STYLED_ITEM('color',(#7721),#6830);
#7721 = PRESENTATION_STYLE_ASSIGNMENT((#7722));
#7722 = SURFACE_STYLE_USAGE(.BOTH.,#7723);
#7723 = SURFACE_SIDE_STYLE('',(#7724));
#7724 = SURFACE_STYLE_FILL_AREA(#7725);
#7725 = FILL_AREA_STYLE('',(#7726));
#7726 = FILL_AREA_STYLE_COLOUR('',#7466);
#7727 = STYLED_ITEM('color',(#7728),#6893);
#7728 = PRESENTATION_STYLE_ASSIGNMENT((#7729));
#7729 = SURFACE_STYLE_USAGE(.BOTH.,#7730);
#7730 = SURFACE_SIDE_STYLE('',(#7731));
#7731 = SURFACE_STYLE_FILL_AREA(#7732);
#7732 = FILL_AREA_STYLE('',(#7733));
#7733 = FILL_AREA_STYLE_COLOUR('',#7466);
#7734 = STYLED_ITEM('color',(#7735),#6965);
#7735 = PRESENTATION_STYLE_ASSIGNMENT((#7736));
#7736 = SURFACE_STYLE_USAGE(.BOTH.,#7737);
#7737 = SURFACE_SIDE_STYLE('',(#7738));
#7738 = SURFACE_STYLE_FILL_AREA(#7739);
#7739 = FILL_AREA_STYLE('',(#7740));
#7740 = FILL_AREA_STYLE_COLOUR('',#7466);
#7741 = STYLED_ITEM('color',(#7742),#7019);
#7742 = PRESENTATION_STYLE_ASSIGNMENT((#7743));
#7743 = SURFACE_STYLE_USAGE(.BOTH.,#7744);
#7744 = SURFACE_SIDE_STYLE('',(#7745));
#7745 = SURFACE_STYLE_FILL_AREA(#7746);
#7746 = FILL_AREA_STYLE('',(#7747));
#7747 = FILL_AREA_STYLE_COLOUR('',#7466);
#7748 = STYLED_ITEM('color',(#7749),#7073);
#7749 = PRESENTATION_STYLE_ASSIGNMENT((#7750));
#7750 = SURFACE_STYLE_USAGE(.BOTH.,#7751);
#7751 = SURFACE_SIDE_STYLE('',(#7752));
#7752 = SURFACE_STYLE_FILL_AREA(#7753);
#7753 = FILL_AREA_STYLE('',(#7754));
#7754 = FILL_AREA_STYLE_COLOUR('',#7466);
#7755 = STYLED_ITEM('color',(#7756),#7090);
#7756 = PRESENTATION_STYLE_ASSIGNMENT((#7757));
#7757 = SURFACE_STYLE_USAGE(.BOTH.,#7758);
#7758 = SURFACE_SIDE_STYLE('',(#7759));
#7759 = SURFACE_STYLE_FILL_AREA(#7760);
#7760 = FILL_AREA_STYLE('',(#7761));
#7761 = FILL_AREA_STYLE_COLOUR('',#7466);
#7762 = STYLED_ITEM('color',(#7763),#7107);
#7763 = PRESENTATION_STYLE_ASSIGNMENT((#7764));
#7764 = SURFACE_STYLE_USAGE(.BOTH.,#7765);
#7765 = SURFACE_SIDE_STYLE('',(#7766));
#7766 = SURFACE_STYLE_FILL_AREA(#7767);
#7767 = FILL_AREA_STYLE('',(#7768));
#7768 = FILL_AREA_STYLE_COLOUR('',#7466);
#7769 = STYLED_ITEM('color',(#7770),#7124);
#7770 = PRESENTATION_STYLE_ASSIGNMENT((#7771));
#7771 = SURFACE_STYLE_USAGE(.BOTH.,#7772);
#7772 = SURFACE_SIDE_STYLE('',(#7773));
#7773 = SURFACE_STYLE_FILL_AREA(#7774);
#7774 = FILL_AREA_STYLE('',(#7775));
#7775 = FILL_AREA_STYLE_COLOUR('',#7466);
#7776 = STYLED_ITEM('color',(#7777),#7141);
#7777 = PRESENTATION_STYLE_ASSIGNMENT((#7778));
#7778 = SURFACE_STYLE_USAGE(.BOTH.,#7779);
#7779 = SURFACE_SIDE_STYLE('',(#7780));
#7780 = SURFACE_STYLE_FILL_AREA(#7781);
#7781 = FILL_AREA_STYLE('',(#7782));
#7782 = FILL_AREA_STYLE_COLOUR('',#7466);
#7783 = STYLED_ITEM('color',(#7784),#7158);
#7784 = PRESENTATION_STYLE_ASSIGNMENT((#7785));
#7785 = SURFACE_STYLE_USAGE(.BOTH.,#7786);
#7786 = SURFACE_SIDE_STYLE('',(#7787));
#7787 = SURFACE_STYLE_FILL_AREA(#7788);
#7788 = FILL_AREA_STYLE('',(#7789));
#7789 = FILL_AREA_STYLE_COLOUR('',#7466);
#7790 = STYLED_ITEM('color',(#7791),#7225);
#7791 = PRESENTATION_STYLE_ASSIGNMENT((#7792));
#7792 = SURFACE_STYLE_USAGE(.BOTH.,#7793);
#7793 = SURFACE_SIDE_STYLE('',(#7794));
#7794 = SURFACE_STYLE_FILL_AREA(#7795);
#7795 = FILL_AREA_STYLE('',(#7796));
#7796 = FILL_AREA_STYLE_COLOUR('',#7466);
#7797 = STYLED_ITEM('color',(#7798),#7237);
#7798 = PRESENTATION_STYLE_ASSIGNMENT((#7799));
#7799 = SURFACE_STYLE_USAGE(.BOTH.,#7800);
#7800 = SURFACE_SIDE_STYLE('',(#7801));
#7801 = SURFACE_STYLE_FILL_AREA(#7802);
#7802 = FILL_AREA_STYLE('',(#7803));
#7803 = FILL_AREA_STYLE_COLOUR('',#7466);
#7804 = STYLED_ITEM('color',(#7805),#7249);
#7805 = PRESENTATION_STYLE_ASSIGNMENT((#7806));
#7806 = SURFACE_STYLE_USAGE(.BOTH.,#7807);
#7807 = SURFACE_SIDE_STYLE('',(#7808));
#7808 = SURFACE_STYLE_FILL_AREA(#7809);
#7809 = FILL_AREA_STYLE('',(#7810));
#7810 = FILL_AREA_STYLE_COLOUR('',#7466);
#7811 = STYLED_ITEM('color',(#7812),#7261);
#7812 = PRESENTATION_STYLE_ASSIGNMENT((#7813));
#7813 = SURFACE_STYLE_USAGE(.BOTH.,#7814);
#7814 = SURFACE_SIDE_STYLE('',(#7815));
#7815 = SURFACE_STYLE_FILL_AREA(#7816);
#7816 = FILL_AREA_STYLE('',(#7817));
#7817 = FILL_AREA_STYLE_COLOUR('',#7466);
#7818 = STYLED_ITEM('color',(#7819),#7273);
#7819 = PRESENTATION_STYLE_ASSIGNMENT((#7820));
#7820 = SURFACE_STYLE_USAGE(.BOTH.,#7821);
#7821 = SURFACE_SIDE_STYLE('',(#7822));
#7822 = SURFACE_STYLE_FILL_AREA(#7823);
#7823 = FILL_AREA_STYLE('',(#7824));
#7824 = FILL_AREA_STYLE_COLOUR('',#7466);
#7825 = STYLED_ITEM('color',(#7826),#7285);
#7826 = PRESENTATION_STYLE_ASSIGNMENT((#7827));
#7827 = SURFACE_STYLE_USAGE(.BOTH.,#7828);
#7828 = SURFACE_SIDE_STYLE('',(#7829));
#7829 = SURFACE_STYLE_FILL_AREA(#7830);
#7830 = FILL_AREA_STYLE('',(#7831));
#7831 = FILL_AREA_STYLE_COLOUR('',#7466);
#7832 = STYLED_ITEM('color',(#7833),#7303);
#7833 = PRESENTATION_STYLE_ASSIGNMENT((#7834));
#7834 = SURFACE_STYLE_USAGE(.BOTH.,#7835);
#7835 = SURFACE_SIDE_STYLE('',(#7836));
#7836 = SURFACE_STYLE_FILL_AREA(#7837);
#7837 = FILL_AREA_STYLE('',(#7838));
#7838 = FILL_AREA_STYLE_COLOUR('',#7466);
#7839 = STYLED_ITEM('color',(#7840),#7328);
#7840 = PRESENTATION_STYLE_ASSIGNMENT((#7841));
#7841 = SURFACE_STYLE_USAGE(.BOTH.,#7842);
#7842 = SURFACE_SIDE_STYLE('',(#7843));
#7843 = SURFACE_STYLE_FILL_AREA(#7844);
#7844 = FILL_AREA_STYLE('',(#7845));
#7845 = FILL_AREA_STYLE_COLOUR('',#7466);
#7846 = STYLED_ITEM('color',(#7847),#7339);
#7847 = PRESENTATION_STYLE_ASSIGNMENT((#7848));
#7848 = SURFACE_STYLE_USAGE(.BOTH.,#7849);
#7849 = SURFACE_SIDE_STYLE('',(#7850));
#7850 = SURFACE_STYLE_FILL_AREA(#7851);
#7851 = FILL_AREA_STYLE('',(#7852));
#7852 = FILL_AREA_STYLE_COLOUR('',#7466);
#7853 = STYLED_ITEM('color',(#7854),#7369);
#7854 = PRESENTATION_STYLE_ASSIGNMENT((#7855));
#7855 = SURFACE_STYLE_USAGE(.BOTH.,#7856);
#7856 = SURFACE_SIDE_STYLE('',(#7857));
#7857 = SURFACE_STYLE_FILL_AREA(#7858);
#7858 = FILL_AREA_STYLE('',(#7859));
#7859 = FILL_AREA_STYLE_COLOUR('',#7466);
#7860 = STYLED_ITEM('color',(#7861),#7384);
#7861 = PRESENTATION_STYLE_ASSIGNMENT((#7862));
#7862 = SURFACE_STYLE_USAGE(.BOTH.,#7863);
#7863 = SURFACE_SIDE_STYLE('',(#7864));
#7864 = SURFACE_STYLE_FILL_AREA(#7865);
#7865 = FILL_AREA_STYLE('',(#7866));
#7866 = FILL_AREA_STYLE_COLOUR('',#7466);
#7867 = MECHANICAL_DESIGN_GEOMETRIC_PRESENTATION_REPRESENTATION('',(
    #7868,#7875,#7882,#7889,#7896,#7903),#5427);
#7868 = STYLED_ITEM('color',(#7869),#5279);
#7869 = PRESENTATION_STYLE_ASSIGNMENT((#7870));
#7870 = SURFACE_STYLE_USAGE(.BOTH.,#7871);
#7871 = SURFACE_SIDE_STYLE('',(#7872));
#7872 = SURFACE_STYLE_FILL_AREA(#7873);
#7873 = FILL_AREA_STYLE('',(#7874));
#7874 = FILL_AREA_STYLE_COLOUR('',#7466);
#7875 = STYLED_ITEM('color',(#7876),#5319);
#7876 = PRESENTATION_STYLE_ASSIGNMENT((#7877));
#7877 = SURFACE_STYLE_USAGE(.BOTH.,#7878);
#7878 = SURFACE_SIDE_STYLE('',(#7879));
#7879 = SURFACE_STYLE_FILL_AREA(#7880);
#7880 = FILL_AREA_STYLE('',(#7881));
#7881 = FILL_AREA_STYLE_COLOUR('',#7466);
#7882 = STYLED_ITEM('color',(#7883),#5350);
#7883 = PRESENTATION_STYLE_ASSIGNMENT((#7884));
#7884 = SURFACE_STYLE_USAGE(.BOTH.,#7885);
#7885 = SURFACE_SIDE_STYLE('',(#7886));
#7886 = SURFACE_STYLE_FILL_AREA(#7887);
#7887 = FILL_AREA_STYLE('',(#7888));
#7888 = FILL_AREA_STYLE_COLOUR('',#7466);
#7889 = STYLED_ITEM('color',(#7890),#5374);
#7890 = PRESENTATION_STYLE_ASSIGNMENT((#7891));
#7891 = SURFACE_STYLE_USAGE(.BOTH.,#7892);
#7892 = SURFACE_SIDE_STYLE('',(#7893));
#7893 = SURFACE_STYLE_FILL_AREA(#7894);
#7894 = FILL_AREA_STYLE('',(#7895));
#7895 = FILL_AREA_STYLE_COLOUR('',#7466);
#7896 = STYLED_ITEM('color',(#7897),#5398);
#7897 = PRESENTATION_STYLE_ASSIGNMENT((#7898));
#7898 = SURFACE_STYLE_USAGE(.BOTH.,#7899);
#7899 = SURFACE_SIDE_STYLE('',(#7900));
#7900 = SURFACE_STYLE_FILL_AREA(#7901);
#7901 = FILL_AREA_STYLE('',(#7902));
#7902 = FILL_AREA_STYLE_COLOUR('',#7466);
#7903 = STYLED_ITEM('color',(#7904),#5415);
#7904 = PRESENTATION_STYLE_ASSIGNMENT((#7905));
#7905 = SURFACE_STYLE_USAGE(.BOTH.,#7906);
#7906 = SURFACE_SIDE_STYLE('',(#7907));
#7907 = SURFACE_STYLE_FILL_AREA(#7908);
#7908 = FILL_AREA_STYLE('',(#7909));
#7909 = FILL_AREA_STYLE_COLOUR('',#7466);
#7910 = MECHANICAL_DESIGN_GEOMETRIC_PRESENTATION_REPRESENTATION('',(
    #7911,#7918,#7925,#7932,#7939,#7946),#5591);
#7911 = STYLED_ITEM('color',(#7912),#5443);
#7912 = PRESENTATION_STYLE_ASSIGNMENT((#7913));
#7913 = SURFACE_STYLE_USAGE(.BOTH.,#7914);
#7914 = SURFACE_SIDE_STYLE('',(#7915));
#7915 = SURFACE_STYLE_FILL_AREA(#7916);
#7916 = FILL_AREA_STYLE('',(#7917));
#7917 = FILL_AREA_STYLE_COLOUR('',#7466);
#7918 = STYLED_ITEM('color',(#7919),#5483);
#7919 = PRESENTATION_STYLE_ASSIGNMENT((#7920));
#7920 = SURFACE_STYLE_USAGE(.BOTH.,#7921);
#7921 = SURFACE_SIDE_STYLE('',(#7922));
#7922 = SURFACE_STYLE_FILL_AREA(#7923);
#7923 = FILL_AREA_STYLE('',(#7924));
#7924 = FILL_AREA_STYLE_COLOUR('',#7466);
#7925 = STYLED_ITEM('color',(#7926),#5514);
#7926 = PRESENTATION_STYLE_ASSIGNMENT((#7927));
#7927 = SURFACE_STYLE_USAGE(.BOTH.,#7928);
#7928 = SURFACE_SIDE_STYLE('',(#7929));
#7929 = SURFACE_STYLE_FILL_AREA(#7930);
#7930 = FILL_AREA_STYLE('',(#7931));
#7931 = FILL_AREA_STYLE_COLOUR('',#7466);
#7932 = STYLED_ITEM('color',(#7933),#5538);
#7933 = PRESENTATION_STYLE_ASSIGNMENT((#7934));
#7934 = SURFACE_STYLE_USAGE(.BOTH.,#7935);
#7935 = SURFACE_SIDE_STYLE('',(#7936));
#7936 = SURFACE_STYLE_FILL_AREA(#7937);
#7937 = FILL_AREA_STYLE('',(#7938));
#7938 = FILL_AREA_STYLE_COLOUR('',#7466);
#7939 = STYLED_ITEM('color',(#7940),#5562);
#7940 = PRESENTATION_STYLE_ASSIGNMENT((#7941));
#7941 = SURFACE_STYLE_USAGE(.BOTH.,#7942);
#7942 = SURFACE_SIDE_STYLE('',(#7943));
#7943 = SURFACE_STYLE_FILL_AREA(#7944);
#7944 = FILL_AREA_STYLE('',(#7945));
#7945 = FILL_AREA_STYLE_COLOUR('',#7466);
#7946 = STYLED_ITEM('color',(#7947),#5579);
#7947 = PRESENTATION_STYLE_ASSIGNMENT((#7948));
#7948 = SURFACE_STYLE_USAGE(.BOTH.,#7949);
#7949 = SURFACE_SIDE_STYLE('',(#7950));
#7950 = SURFACE_STYLE_FILL_AREA(#7951);
#7951 = FILL_AREA_STYLE('',(#7952));
#7952 = FILL_AREA_STYLE_COLOUR('',#7466);
#7953 = MECHANICAL_DESIGN_GEOMETRIC_PRESENTATION_REPRESENTATION('',(
    #7954,#7961,#7968,#7975,#7982,#7989,#7996,#8003,#8010,#8018,#8025,
    #8033,#8040,#8047,#8054,#8061,#8068,#8075,#8082,#8089,#8096,#8103,
    #8110,#8117,#8124,#8131,#8138,#8145,#8152,#8159,#8166,#8173,#8180,
    #8187,#8194,#8201,#8208,#8215,#8222,#8229,#8236,#8243,#8250,#8257,
    #8264,#8271,#8278,#8285,#8292,#8299,#8306,#8313,#8320,#8327,#8334,
    #8341,#8348,#8355,#8362,#8369,#8376,#8383,#8390,#8397,#8404,#8411,
    #8418,#8425,#8432,#8439,#8446,#8453,#8460,#8467,#8474,#8481,#8488,
    #8495,#8502,#8509,#8516,#8523,#8530,#8537,#8544,#8551,#8558,#8565,
    #8572,#8579,#8586,#8593,#8600,#8607,#8614,#8621,#8628,#8635,#8642,
    #8649,#8656,#8663,#8670,#8677,#8684,#8691,#8698,#8705,#8712,#8719,
    #8726,#8733,#8740,#8747,#8754,#8761,#8768,#8775,#8782,#8789,#8796,
    #8803,#8810,#8817,#8824,#8831,#8838,#8845,#8852,#8859,#8866,#8873,
    #8880,#8887,#8894,#8901,#8908,#8915,#8922,#8929,#8936,#8943,#8950,
    #8957,#8964,#8971,#8978,#8985,#8992,#8999,#9006,#9013,#9020,#9027,
    #9034,#9041,#9048,#9055,#9062,#9069,#9076,#9083,#9090,#9097,#9104),
  #5263);
#7954 = STYLED_ITEM('color',(#7955),#17);
#7955 = PRESENTATION_STYLE_ASSIGNMENT((#7956));
#7956 = SURFACE_STYLE_USAGE(.BOTH.,#7957);
#7957 = SURFACE_SIDE_STYLE('',(#7958));
#7958 = SURFACE_STYLE_FILL_AREA(#7959);
#7959 = FILL_AREA_STYLE('',(#7960));
#7960 = FILL_AREA_STYLE_COLOUR('',#7466);
#7961 = STYLED_ITEM('color',(#7962),#216);
#7962 = PRESENTATION_STYLE_ASSIGNMENT((#7963));
#7963 = SURFACE_STYLE_USAGE(.BOTH.,#7964);
#7964 = SURFACE_SIDE_STYLE('',(#7965));
#7965 = SURFACE_STYLE_FILL_AREA(#7966);
#7966 = FILL_AREA_STYLE('',(#7967));
#7967 = FILL_AREA_STYLE_COLOUR('',#7466);
#7968 = STYLED_ITEM('color',(#7969),#247);
#7969 = PRESENTATION_STYLE_ASSIGNMENT((#7970));
#7970 = SURFACE_STYLE_USAGE(.BOTH.,#7971);
#7971 = SURFACE_SIDE_STYLE('',(#7972));
#7972 = SURFACE_STYLE_FILL_AREA(#7973);
#7973 = FILL_AREA_STYLE('',(#7974));
#7974 = FILL_AREA_STYLE_COLOUR('',#7466);
#7975 = STYLED_ITEM('color',(#7976),#271);
#7976 = PRESENTATION_STYLE_ASSIGNMENT((#7977));
#7977 = SURFACE_STYLE_USAGE(.BOTH.,#7978);
#7978 = SURFACE_SIDE_STYLE('',(#7979));
#7979 = SURFACE_STYLE_FILL_AREA(#7980);
#7980 = FILL_AREA_STYLE('',(#7981));
#7981 = FILL_AREA_STYLE_COLOUR('',#7466);
#7982 = STYLED_ITEM('color',(#7983),#295);
#7983 = PRESENTATION_STYLE_ASSIGNMENT((#7984));
#7984 = SURFACE_STYLE_USAGE(.BOTH.,#7985);
#7985 = SURFACE_SIDE_STYLE('',(#7986));
#7986 = SURFACE_STYLE_FILL_AREA(#7987);
#7987 = FILL_AREA_STYLE('',(#7988));
#7988 = FILL_AREA_STYLE_COLOUR('',#7466);
#7989 = STYLED_ITEM('color',(#7990),#494);
#7990 = PRESENTATION_STYLE_ASSIGNMENT((#7991));
#7991 = SURFACE_STYLE_USAGE(.BOTH.,#7992);
#7992 = SURFACE_SIDE_STYLE('',(#7993));
#7993 = SURFACE_STYLE_FILL_AREA(#7994);
#7994 = FILL_AREA_STYLE('',(#7995));
#7995 = FILL_AREA_STYLE_COLOUR('',#7466);
#7996 = STYLED_ITEM('color',(#7997),#525);
#7997 = PRESENTATION_STYLE_ASSIGNMENT((#7998));
#7998 = SURFACE_STYLE_USAGE(.BOTH.,#7999);
#7999 = SURFACE_SIDE_STYLE('',(#8000));
#8000 = SURFACE_STYLE_FILL_AREA(#8001);
#8001 = FILL_AREA_STYLE('',(#8002));
#8002 = FILL_AREA_STYLE_COLOUR('',#7466);
#8003 = STYLED_ITEM('color',(#8004),#549);
#8004 = PRESENTATION_STYLE_ASSIGNMENT((#8005));
#8005 = SURFACE_STYLE_USAGE(.BOTH.,#8006);
#8006 = SURFACE_SIDE_STYLE('',(#8007));
#8007 = SURFACE_STYLE_FILL_AREA(#8008);
#8008 = FILL_AREA_STYLE('',(#8009));
#8009 = FILL_AREA_STYLE_COLOUR('',#7466);
#8010 = STYLED_ITEM('color',(#8011),#573);
#8011 = PRESENTATION_STYLE_ASSIGNMENT((#8012));
#8012 = SURFACE_STYLE_USAGE(.BOTH.,#8013);
#8013 = SURFACE_SIDE_STYLE('',(#8014));
#8014 = SURFACE_STYLE_FILL_AREA(#8015);
#8015 = FILL_AREA_STYLE('',(#8016));
#8016 = FILL_AREA_STYLE_COLOUR('',#8017);
#8017 = COLOUR_RGB('',0.749019635948,0.749019635948,0.749019635948);
#8018 = STYLED_ITEM('color',(#8019),#606);
#8019 = PRESENTATION_STYLE_ASSIGNMENT((#8020));
#8020 = SURFACE_STYLE_USAGE(.BOTH.,#8021);
#8021 = SURFACE_SIDE_STYLE('',(#8022));
#8022 = SURFACE_STYLE_FILL_AREA(#8023);
#8023 = FILL_AREA_STYLE('',(#8024));
#8024 = FILL_AREA_STYLE_COLOUR('',#8017);
#8025 = STYLED_ITEM('color',(#8026),#639);
#8026 = PRESENTATION_STYLE_ASSIGNMENT((#8027));
#8027 = SURFACE_STYLE_USAGE(.BOTH.,#8028);
#8028 = SURFACE_SIDE_STYLE('',(#8029));
#8029 = SURFACE_STYLE_FILL_AREA(#8030);
#8030 = FILL_AREA_STYLE('',(#8031));
#8031 = FILL_AREA_STYLE_COLOUR('',#8032);
#8032 = COLOUR_RGB('',3.921568724327E-02,3.921568724327E-02,
  3.921568724327E-02);
#8033 = STYLED_ITEM('color',(#8034),#790);
#8034 = PRESENTATION_STYLE_ASSIGNMENT((#8035));
#8035 = SURFACE_STYLE_USAGE(.BOTH.,#8036);
#8036 = SURFACE_SIDE_STYLE('',(#8037));
#8037 = SURFACE_STYLE_FILL_AREA(#8038);
#8038 = FILL_AREA_STYLE('',(#8039));
#8039 = FILL_AREA_STYLE_COLOUR('',#8032);
#8040 = STYLED_ITEM('color',(#8041),#847);
#8041 = PRESENTATION_STYLE_ASSIGNMENT((#8042));
#8042 = SURFACE_STYLE_USAGE(.BOTH.,#8043);
#8043 = SURFACE_SIDE_STYLE('',(#8044));
#8044 = SURFACE_STYLE_FILL_AREA(#8045);
#8045 = FILL_AREA_STYLE('',(#8046));
#8046 = FILL_AREA_STYLE_COLOUR('',#8032);
#8047 = STYLED_ITEM('color',(#8048),#878);
#8048 = PRESENTATION_STYLE_ASSIGNMENT((#8049));
#8049 = SURFACE_STYLE_USAGE(.BOTH.,#8050);
#8050 = SURFACE_SIDE_STYLE('',(#8051));
#8051 = SURFACE_STYLE_FILL_AREA(#8052);
#8052 = FILL_AREA_STYLE('',(#8053));
#8053 = FILL_AREA_STYLE_COLOUR('',#8032);
#8054 = STYLED_ITEM('color',(#8055),#911);
#8055 = PRESENTATION_STYLE_ASSIGNMENT((#8056));
#8056 = SURFACE_STYLE_USAGE(.BOTH.,#8057);
#8057 = SURFACE_SIDE_STYLE('',(#8058));
#8058 = SURFACE_STYLE_FILL_AREA(#8059);
#8059 = FILL_AREA_STYLE('',(#8060));
#8060 = FILL_AREA_STYLE_COLOUR('',#8032);
#8061 = STYLED_ITEM('color',(#8062),#942);
#8062 = PRESENTATION_STYLE_ASSIGNMENT((#8063));
#8063 = SURFACE_STYLE_USAGE(.BOTH.,#8064);
#8064 = SURFACE_SIDE_STYLE('',(#8065));
#8065 = SURFACE_STYLE_FILL_AREA(#8066);
#8066 = FILL_AREA_STYLE('',(#8067));
#8067 = FILL_AREA_STYLE_COLOUR('',#8032);
#8068 = STYLED_ITEM('color',(#8069),#975);
#8069 = PRESENTATION_STYLE_ASSIGNMENT((#8070));
#8070 = SURFACE_STYLE_USAGE(.BOTH.,#8071);
#8071 = SURFACE_SIDE_STYLE('',(#8072));
#8072 = SURFACE_STYLE_FILL_AREA(#8073);
#8073 = FILL_AREA_STYLE('',(#8074));
#8074 = FILL_AREA_STYLE_COLOUR('',#8032);
#8075 = STYLED_ITEM('color',(#8076),#1031);
#8076 = PRESENTATION_STYLE_ASSIGNMENT((#8077));
#8077 = SURFACE_STYLE_USAGE(.BOTH.,#8078);
#8078 = SURFACE_SIDE_STYLE('',(#8079));
#8079 = SURFACE_STYLE_FILL_AREA(#8080);
#8080 = FILL_AREA_STYLE('',(#8081));
#8081 = FILL_AREA_STYLE_COLOUR('',#8032);
#8082 = STYLED_ITEM('color',(#8083),#1065);
#8083 = PRESENTATION_STYLE_ASSIGNMENT((#8084));
#8084 = SURFACE_STYLE_USAGE(.BOTH.,#8085);
#8085 = SURFACE_SIDE_STYLE('',(#8086));
#8086 = SURFACE_STYLE_FILL_AREA(#8087);
#8087 = FILL_AREA_STYLE('',(#8088));
#8088 = FILL_AREA_STYLE_COLOUR('',#8032);
#8089 = STYLED_ITEM('color',(#8090),#1097);
#8090 = PRESENTATION_STYLE_ASSIGNMENT((#8091));
#8091 = SURFACE_STYLE_USAGE(.BOTH.,#8092);
#8092 = SURFACE_SIDE_STYLE('',(#8093));
#8093 = SURFACE_STYLE_FILL_AREA(#8094);
#8094 = FILL_AREA_STYLE('',(#8095));
#8095 = FILL_AREA_STYLE_COLOUR('',#8032);
#8096 = STYLED_ITEM('color',(#8097),#1248);
#8097 = PRESENTATION_STYLE_ASSIGNMENT((#8098));
#8098 = SURFACE_STYLE_USAGE(.BOTH.,#8099);
#8099 = SURFACE_SIDE_STYLE('',(#8100));
#8100 = SURFACE_STYLE_FILL_AREA(#8101);
#8101 = FILL_AREA_STYLE('',(#8102));
#8102 = FILL_AREA_STYLE_COLOUR('',#8032);
#8103 = STYLED_ITEM('color',(#8104),#1303);
#8104 = PRESENTATION_STYLE_ASSIGNMENT((#8105));
#8105 = SURFACE_STYLE_USAGE(.BOTH.,#8106);
#8106 = SURFACE_SIDE_STYLE('',(#8107));
#8107 = SURFACE_STYLE_FILL_AREA(#8108);
#8108 = FILL_AREA_STYLE('',(#8109));
#8109 = FILL_AREA_STYLE_COLOUR('',#8032);
#8110 = STYLED_ITEM('color',(#8111),#1327);
#8111 = PRESENTATION_STYLE_ASSIGNMENT((#8112));
#8112 = SURFACE_STYLE_USAGE(.BOTH.,#8113);
#8113 = SURFACE_SIDE_STYLE('',(#8114));
#8114 = SURFACE_STYLE_FILL_AREA(#8115);
#8115 = FILL_AREA_STYLE('',(#8116));
#8116 = FILL_AREA_STYLE_COLOUR('',#8032);
#8117 = STYLED_ITEM('color',(#8118),#1360);
#8118 = PRESENTATION_STYLE_ASSIGNMENT((#8119));
#8119 = SURFACE_STYLE_USAGE(.BOTH.,#8120);
#8120 = SURFACE_SIDE_STYLE('',(#8121));
#8121 = SURFACE_STYLE_FILL_AREA(#8122);
#8122 = FILL_AREA_STYLE('',(#8123));
#8123 = FILL_AREA_STYLE_COLOUR('',#8032);
#8124 = STYLED_ITEM('color',(#8125),#1391);
#8125 = PRESENTATION_STYLE_ASSIGNMENT((#8126));
#8126 = SURFACE_STYLE_USAGE(.BOTH.,#8127);
#8127 = SURFACE_SIDE_STYLE('',(#8128));
#8128 = SURFACE_STYLE_FILL_AREA(#8129);
#8129 = FILL_AREA_STYLE('',(#8130));
#8130 = FILL_AREA_STYLE_COLOUR('',#8032);
#8131 = STYLED_ITEM('color',(#8132),#1470);
#8132 = PRESENTATION_STYLE_ASSIGNMENT((#8133));
#8133 = SURFACE_STYLE_USAGE(.BOTH.,#8134);
#8134 = SURFACE_SIDE_STYLE('',(#8135));
#8135 = SURFACE_STYLE_FILL_AREA(#8136);
#8136 = FILL_AREA_STYLE('',(#8137));
#8137 = FILL_AREA_STYLE_COLOUR('',#8032);
#8138 = STYLED_ITEM('color',(#8139),#1496);
#8139 = PRESENTATION_STYLE_ASSIGNMENT((#8140));
#8140 = SURFACE_STYLE_USAGE(.BOTH.,#8141);
#8141 = SURFACE_SIDE_STYLE('',(#8142));
#8142 = SURFACE_STYLE_FILL_AREA(#8143);
#8143 = FILL_AREA_STYLE('',(#8144));
#8144 = FILL_AREA_STYLE_COLOUR('',#8032);
#8145 = STYLED_ITEM('color',(#8146),#1731);
#8146 = PRESENTATION_STYLE_ASSIGNMENT((#8147));
#8147 = SURFACE_STYLE_USAGE(.BOTH.,#8148);
#8148 = SURFACE_SIDE_STYLE('',(#8149));
#8149 = SURFACE_STYLE_FILL_AREA(#8150);
#8150 = FILL_AREA_STYLE('',(#8151));
#8151 = FILL_AREA_STYLE_COLOUR('',#8032);
#8152 = STYLED_ITEM('color',(#8153),#1763);
#8153 = PRESENTATION_STYLE_ASSIGNMENT((#8154));
#8154 = SURFACE_STYLE_USAGE(.BOTH.,#8155);
#8155 = SURFACE_SIDE_STYLE('',(#8156));
#8156 = SURFACE_STYLE_FILL_AREA(#8157);
#8157 = FILL_AREA_STYLE('',(#8158));
#8158 = FILL_AREA_STYLE_COLOUR('',#8032);
#8159 = STYLED_ITEM('color',(#8160),#1802);
#8160 = PRESENTATION_STYLE_ASSIGNMENT((#8161));
#8161 = SURFACE_STYLE_USAGE(.BOTH.,#8162);
#8162 = SURFACE_SIDE_STYLE('',(#8163));
#8163 = SURFACE_STYLE_FILL_AREA(#8164);
#8164 = FILL_AREA_STYLE('',(#8165));
#8165 = FILL_AREA_STYLE_COLOUR('',#8032);
#8166 = STYLED_ITEM('color',(#8167),#1833);
#8167 = PRESENTATION_STYLE_ASSIGNMENT((#8168));
#8168 = SURFACE_STYLE_USAGE(.BOTH.,#8169);
#8169 = SURFACE_SIDE_STYLE('',(#8170));
#8170 = SURFACE_STYLE_FILL_AREA(#8171);
#8171 = FILL_AREA_STYLE('',(#8172));
#8172 = FILL_AREA_STYLE_COLOUR('',#8032);
#8173 = STYLED_ITEM('color',(#8174),#1865);
#8174 = PRESENTATION_STYLE_ASSIGNMENT((#8175));
#8175 = SURFACE_STYLE_USAGE(.BOTH.,#8176);
#8176 = SURFACE_SIDE_STYLE('',(#8177));
#8177 = SURFACE_STYLE_FILL_AREA(#8178);
#8178 = FILL_AREA_STYLE('',(#8179));
#8179 = FILL_AREA_STYLE_COLOUR('',#8032);
#8180 = STYLED_ITEM('color',(#8181),#1904);
#8181 = PRESENTATION_STYLE_ASSIGNMENT((#8182));
#8182 = SURFACE_STYLE_USAGE(.BOTH.,#8183);
#8183 = SURFACE_SIDE_STYLE('',(#8184));
#8184 = SURFACE_STYLE_FILL_AREA(#8185);
#8185 = FILL_AREA_STYLE('',(#8186));
#8186 = FILL_AREA_STYLE_COLOUR('',#8032);
#8187 = STYLED_ITEM('color',(#8188),#1926);
#8188 = PRESENTATION_STYLE_ASSIGNMENT((#8189));
#8189 = SURFACE_STYLE_USAGE(.BOTH.,#8190);
#8190 = SURFACE_SIDE_STYLE('',(#8191));
#8191 = SURFACE_STYLE_FILL_AREA(#8192);
#8192 = FILL_AREA_STYLE('',(#8193));
#8193 = FILL_AREA_STYLE_COLOUR('',#8032);
#8194 = STYLED_ITEM('color',(#8195),#1957);
#8195 = PRESENTATION_STYLE_ASSIGNMENT((#8196));
#8196 = SURFACE_STYLE_USAGE(.BOTH.,#8197);
#8197 = SURFACE_SIDE_STYLE('',(#8198));
#8198 = SURFACE_STYLE_FILL_AREA(#8199);
#8199 = FILL_AREA_STYLE('',(#8200));
#8200 = FILL_AREA_STYLE_COLOUR('',#8032);
#8201 = STYLED_ITEM('color',(#8202),#1985);
#8202 = PRESENTATION_STYLE_ASSIGNMENT((#8203));
#8203 = SURFACE_STYLE_USAGE(.BOTH.,#8204);
#8204 = SURFACE_SIDE_STYLE('',(#8205));
#8205 = SURFACE_STYLE_FILL_AREA(#8206);
#8206 = FILL_AREA_STYLE('',(#8207));
#8207 = FILL_AREA_STYLE_COLOUR('',#8032);
#8208 = STYLED_ITEM('color',(#8209),#2018);
#8209 = PRESENTATION_STYLE_ASSIGNMENT((#8210));
#8210 = SURFACE_STYLE_USAGE(.BOTH.,#8211);
#8211 = SURFACE_SIDE_STYLE('',(#8212));
#8212 = SURFACE_STYLE_FILL_AREA(#8213);
#8213 = FILL_AREA_STYLE('',(#8214));
#8214 = FILL_AREA_STYLE_COLOUR('',#8032);
#8215 = STYLED_ITEM('color',(#8216),#2050);
#8216 = PRESENTATION_STYLE_ASSIGNMENT((#8217));
#8217 = SURFACE_STYLE_USAGE(.BOTH.,#8218);
#8218 = SURFACE_SIDE_STYLE('',(#8219));
#8219 = SURFACE_STYLE_FILL_AREA(#8220);
#8220 = FILL_AREA_STYLE('',(#8221));
#8221 = FILL_AREA_STYLE_COLOUR('',#8032);
#8222 = STYLED_ITEM('color',(#8223),#2067);
#8223 = PRESENTATION_STYLE_ASSIGNMENT((#8224));
#8224 = SURFACE_STYLE_USAGE(.BOTH.,#8225);
#8225 = SURFACE_SIDE_STYLE('',(#8226));
#8226 = SURFACE_STYLE_FILL_AREA(#8227);
#8227 = FILL_AREA_STYLE('',(#8228));
#8228 = FILL_AREA_STYLE_COLOUR('',#8032);
#8229 = STYLED_ITEM('color',(#8230),#2218);
#8230 = PRESENTATION_STYLE_ASSIGNMENT((#8231));
#8231 = SURFACE_STYLE_USAGE(.BOTH.,#8232);
#8232 = SURFACE_SIDE_STYLE('',(#8233));
#8233 = SURFACE_STYLE_FILL_AREA(#8234);
#8234 = FILL_AREA_STYLE('',(#8235));
#8235 = FILL_AREA_STYLE_COLOUR('',#8032);
#8236 = STYLED_ITEM('color',(#8237),#2249);
#8237 = PRESENTATION_STYLE_ASSIGNMENT((#8238));
#8238 = SURFACE_STYLE_USAGE(.BOTH.,#8239);
#8239 = SURFACE_SIDE_STYLE('',(#8240));
#8240 = SURFACE_STYLE_FILL_AREA(#8241);
#8241 = FILL_AREA_STYLE('',(#8242));
#8242 = FILL_AREA_STYLE_COLOUR('',#8032);
#8243 = STYLED_ITEM('color',(#8244),#2274);
#8244 = PRESENTATION_STYLE_ASSIGNMENT((#8245));
#8245 = SURFACE_STYLE_USAGE(.BOTH.,#8246);
#8246 = SURFACE_SIDE_STYLE('',(#8247));
#8247 = SURFACE_STYLE_FILL_AREA(#8248);
#8248 = FILL_AREA_STYLE('',(#8249));
#8249 = FILL_AREA_STYLE_COLOUR('',#8032);
#8250 = STYLED_ITEM('color',(#8251),#2298);
#8251 = PRESENTATION_STYLE_ASSIGNMENT((#8252));
#8252 = SURFACE_STYLE_USAGE(.BOTH.,#8253);
#8253 = SURFACE_SIDE_STYLE('',(#8254));
#8254 = SURFACE_STYLE_FILL_AREA(#8255);
#8255 = FILL_AREA_STYLE('',(#8256));
#8256 = FILL_AREA_STYLE_COLOUR('',#8032);
#8257 = STYLED_ITEM('color',(#8258),#2346);
#8258 = PRESENTATION_STYLE_ASSIGNMENT((#8259));
#8259 = SURFACE_STYLE_USAGE(.BOTH.,#8260);
#8260 = SURFACE_SIDE_STYLE('',(#8261));
#8261 = SURFACE_STYLE_FILL_AREA(#8262);
#8262 = FILL_AREA_STYLE('',(#8263));
#8263 = FILL_AREA_STYLE_COLOUR('',#8032);
#8264 = STYLED_ITEM('color',(#8265),#2372);
#8265 = PRESENTATION_STYLE_ASSIGNMENT((#8266));
#8266 = SURFACE_STYLE_USAGE(.BOTH.,#8267);
#8267 = SURFACE_SIDE_STYLE('',(#8268));
#8268 = SURFACE_STYLE_FILL_AREA(#8269);
#8269 = FILL_AREA_STYLE('',(#8270));
#8270 = FILL_AREA_STYLE_COLOUR('',#8032);
#8271 = STYLED_ITEM('color',(#8272),#2514);
#8272 = PRESENTATION_STYLE_ASSIGNMENT((#8273));
#8273 = SURFACE_STYLE_USAGE(.BOTH.,#8274);
#8274 = SURFACE_SIDE_STYLE('',(#8275));
#8275 = SURFACE_STYLE_FILL_AREA(#8276);
#8276 = FILL_AREA_STYLE('',(#8277));
#8277 = FILL_AREA_STYLE_COLOUR('',#8032);
#8278 = STYLED_ITEM('color',(#8279),#2569);
#8279 = PRESENTATION_STYLE_ASSIGNMENT((#8280));
#8280 = SURFACE_STYLE_USAGE(.BOTH.,#8281);
#8281 = SURFACE_SIDE_STYLE('',(#8282));
#8282 = SURFACE_STYLE_FILL_AREA(#8283);
#8283 = FILL_AREA_STYLE('',(#8284));
#8284 = FILL_AREA_STYLE_COLOUR('',#8032);
#8285 = STYLED_ITEM('color',(#8286),#2593);
#8286 = PRESENTATION_STYLE_ASSIGNMENT((#8287));
#8287 = SURFACE_STYLE_USAGE(.BOTH.,#8288);
#8288 = SURFACE_SIDE_STYLE('',(#8289));
#8289 = SURFACE_STYLE_FILL_AREA(#8290);
#8290 = FILL_AREA_STYLE('',(#8291));
#8291 = FILL_AREA_STYLE_COLOUR('',#8032);
#8292 = STYLED_ITEM('color',(#8293),#2618);
#8293 = PRESENTATION_STYLE_ASSIGNMENT((#8294));
#8294 = SURFACE_STYLE_USAGE(.BOTH.,#8295);
#8295 = SURFACE_SIDE_STYLE('',(#8296));
#8296 = SURFACE_STYLE_FILL_AREA(#8297);
#8297 = FILL_AREA_STYLE('',(#8298));
#8298 = FILL_AREA_STYLE_COLOUR('',#8032);
#8299 = STYLED_ITEM('color',(#8300),#2642);
#8300 = PRESENTATION_STYLE_ASSIGNMENT((#8301));
#8301 = SURFACE_STYLE_USAGE(.BOTH.,#8302);
#8302 = SURFACE_SIDE_STYLE('',(#8303));
#8303 = SURFACE_STYLE_FILL_AREA(#8304);
#8304 = FILL_AREA_STYLE('',(#8305));
#8305 = FILL_AREA_STYLE_COLOUR('',#8032);
#8306 = STYLED_ITEM('color',(#8307),#2668);
#8307 = PRESENTATION_STYLE_ASSIGNMENT((#8308));
#8308 = SURFACE_STYLE_USAGE(.BOTH.,#8309);
#8309 = SURFACE_SIDE_STYLE('',(#8310));
#8310 = SURFACE_STYLE_FILL_AREA(#8311);
#8311 = FILL_AREA_STYLE('',(#8312));
#8312 = FILL_AREA_STYLE_COLOUR('',#8032);
#8313 = STYLED_ITEM('color',(#8314),#2715);
#8314 = PRESENTATION_STYLE_ASSIGNMENT((#8315));
#8315 = SURFACE_STYLE_USAGE(.BOTH.,#8316);
#8316 = SURFACE_SIDE_STYLE('',(#8317));
#8317 = SURFACE_STYLE_FILL_AREA(#8318);
#8318 = FILL_AREA_STYLE('',(#8319));
#8319 = FILL_AREA_STYLE_COLOUR('',#8032);
#8320 = STYLED_ITEM('color',(#8321),#2749);
#8321 = PRESENTATION_STYLE_ASSIGNMENT((#8322));
#8322 = SURFACE_STYLE_USAGE(.BOTH.,#8323);
#8323 = SURFACE_SIDE_STYLE('',(#8324));
#8324 = SURFACE_STYLE_FILL_AREA(#8325);
#8325 = FILL_AREA_STYLE('',(#8326));
#8326 = FILL_AREA_STYLE_COLOUR('',#8032);
#8327 = STYLED_ITEM('color',(#8328),#2781);
#8328 = PRESENTATION_STYLE_ASSIGNMENT((#8329));
#8329 = SURFACE_STYLE_USAGE(.BOTH.,#8330);
#8330 = SURFACE_SIDE_STYLE('',(#8331));
#8331 = SURFACE_STYLE_FILL_AREA(#8332);
#8332 = FILL_AREA_STYLE('',(#8333));
#8333 = FILL_AREA_STYLE_COLOUR('',#8032);
#8334 = STYLED_ITEM('color',(#8335),#2813);
#8335 = PRESENTATION_STYLE_ASSIGNMENT((#8336));
#8336 = SURFACE_STYLE_USAGE(.BOTH.,#8337);
#8337 = SURFACE_SIDE_STYLE('',(#8338));
#8338 = SURFACE_STYLE_FILL_AREA(#8339);
#8339 = FILL_AREA_STYLE('',(#8340));
#8340 = FILL_AREA_STYLE_COLOUR('',#8032);
#8341 = STYLED_ITEM('color',(#8342),#2845);
#8342 = PRESENTATION_STYLE_ASSIGNMENT((#8343));
#8343 = SURFACE_STYLE_USAGE(.BOTH.,#8344);
#8344 = SURFACE_SIDE_STYLE('',(#8345));
#8345 = SURFACE_STYLE_FILL_AREA(#8346);
#8346 = FILL_AREA_STYLE('',(#8347));
#8347 = FILL_AREA_STYLE_COLOUR('',#8032);
#8348 = STYLED_ITEM('color',(#8349),#2884);
#8349 = PRESENTATION_STYLE_ASSIGNMENT((#8350));
#8350 = SURFACE_STYLE_USAGE(.BOTH.,#8351);
#8351 = SURFACE_SIDE_STYLE('',(#8352));
#8352 = SURFACE_STYLE_FILL_AREA(#8353);
#8353 = FILL_AREA_STYLE('',(#8354));
#8354 = FILL_AREA_STYLE_COLOUR('',#8032);
#8355 = STYLED_ITEM('color',(#8356),#2906);
#8356 = PRESENTATION_STYLE_ASSIGNMENT((#8357));
#8357 = SURFACE_STYLE_USAGE(.BOTH.,#8358);
#8358 = SURFACE_SIDE_STYLE('',(#8359));
#8359 = SURFACE_STYLE_FILL_AREA(#8360);
#8360 = FILL_AREA_STYLE('',(#8361));
#8361 = FILL_AREA_STYLE_COLOUR('',#8032);
#8362 = STYLED_ITEM('color',(#8363),#2937);
#8363 = PRESENTATION_STYLE_ASSIGNMENT((#8364));
#8364 = SURFACE_STYLE_USAGE(.BOTH.,#8365);
#8365 = SURFACE_SIDE_STYLE('',(#8366));
#8366 = SURFACE_STYLE_FILL_AREA(#8367);
#8367 = FILL_AREA_STYLE('',(#8368));
#8368 = FILL_AREA_STYLE_COLOUR('',#8032);
#8369 = STYLED_ITEM('color',(#8370),#2976);
#8370 = PRESENTATION_STYLE_ASSIGNMENT((#8371));
#8371 = SURFACE_STYLE_USAGE(.BOTH.,#8372);
#8372 = SURFACE_SIDE_STYLE('',(#8373));
#8373 = SURFACE_STYLE_FILL_AREA(#8374);
#8374 = FILL_AREA_STYLE('',(#8375));
#8375 = FILL_AREA_STYLE_COLOUR('',#8032);
#8376 = STYLED_ITEM('color',(#8377),#3007);
#8377 = PRESENTATION_STYLE_ASSIGNMENT((#8378));
#8378 = SURFACE_STYLE_USAGE(.BOTH.,#8379);
#8379 = SURFACE_SIDE_STYLE('',(#8380));
#8380 = SURFACE_STYLE_FILL_AREA(#8381);
#8381 = FILL_AREA_STYLE('',(#8382));
#8382 = FILL_AREA_STYLE_COLOUR('',#8032);
#8383 = STYLED_ITEM('color',(#8384),#3046);
#8384 = PRESENTATION_STYLE_ASSIGNMENT((#8385));
#8385 = SURFACE_STYLE_USAGE(.BOTH.,#8386);
#8386 = SURFACE_SIDE_STYLE('',(#8387));
#8387 = SURFACE_STYLE_FILL_AREA(#8388);
#8388 = FILL_AREA_STYLE('',(#8389));
#8389 = FILL_AREA_STYLE_COLOUR('',#8032);
#8390 = STYLED_ITEM('color',(#8391),#3063);
#8391 = PRESENTATION_STYLE_ASSIGNMENT((#8392));
#8392 = SURFACE_STYLE_USAGE(.BOTH.,#8393);
#8393 = SURFACE_SIDE_STYLE('',(#8394));
#8394 = SURFACE_STYLE_FILL_AREA(#8395);
#8395 = FILL_AREA_STYLE('',(#8396));
#8396 = FILL_AREA_STYLE_COLOUR('',#8032);
#8397 = STYLED_ITEM('color',(#8398),#3103);
#8398 = PRESENTATION_STYLE_ASSIGNMENT((#8399));
#8399 = SURFACE_STYLE_USAGE(.BOTH.,#8400);
#8400 = SURFACE_SIDE_STYLE('',(#8401));
#8401 = SURFACE_STYLE_FILL_AREA(#8402);
#8402 = FILL_AREA_STYLE('',(#8403));
#8403 = FILL_AREA_STYLE_COLOUR('',#8032);
#8404 = STYLED_ITEM('color',(#8405),#3134);
#8405 = PRESENTATION_STYLE_ASSIGNMENT((#8406));
#8406 = SURFACE_STYLE_USAGE(.BOTH.,#8407);
#8407 = SURFACE_SIDE_STYLE('',(#8408));
#8408 = SURFACE_STYLE_FILL_AREA(#8409);
#8409 = FILL_AREA_STYLE('',(#8410));
#8410 = FILL_AREA_STYLE_COLOUR('',#8032);
#8411 = STYLED_ITEM('color',(#8412),#3165);
#8412 = PRESENTATION_STYLE_ASSIGNMENT((#8413));
#8413 = SURFACE_STYLE_USAGE(.BOTH.,#8414);
#8414 = SURFACE_SIDE_STYLE('',(#8415));
#8415 = SURFACE_STYLE_FILL_AREA(#8416);
#8416 = FILL_AREA_STYLE('',(#8417));
#8417 = FILL_AREA_STYLE_COLOUR('',#8032);
#8418 = STYLED_ITEM('color',(#8419),#3189);
#8419 = PRESENTATION_STYLE_ASSIGNMENT((#8420));
#8420 = SURFACE_STYLE_USAGE(.BOTH.,#8421);
#8421 = SURFACE_SIDE_STYLE('',(#8422));
#8422 = SURFACE_STYLE_FILL_AREA(#8423);
#8423 = FILL_AREA_STYLE('',(#8424));
#8424 = FILL_AREA_STYLE_COLOUR('',#8032);
#8425 = STYLED_ITEM('color',(#8426),#3214);
#8426 = PRESENTATION_STYLE_ASSIGNMENT((#8427));
#8427 = SURFACE_STYLE_USAGE(.BOTH.,#8428);
#8428 = SURFACE_SIDE_STYLE('',(#8429));
#8429 = SURFACE_STYLE_FILL_AREA(#8430);
#8430 = FILL_AREA_STYLE('',(#8431));
#8431 = FILL_AREA_STYLE_COLOUR('',#8032);
#8432 = STYLED_ITEM('color',(#8433),#3239);
#8433 = PRESENTATION_STYLE_ASSIGNMENT((#8434));
#8434 = SURFACE_STYLE_USAGE(.BOTH.,#8435);
#8435 = SURFACE_SIDE_STYLE('',(#8436));
#8436 = SURFACE_STYLE_FILL_AREA(#8437);
#8437 = FILL_AREA_STYLE('',(#8438));
#8438 = FILL_AREA_STYLE_COLOUR('',#8032);
#8439 = STYLED_ITEM('color',(#8440),#3263);
#8440 = PRESENTATION_STYLE_ASSIGNMENT((#8441));
#8441 = SURFACE_STYLE_USAGE(.BOTH.,#8442);
#8442 = SURFACE_SIDE_STYLE('',(#8443));
#8443 = SURFACE_STYLE_FILL_AREA(#8444);
#8444 = FILL_AREA_STYLE('',(#8445));
#8445 = FILL_AREA_STYLE_COLOUR('',#8032);
#8446 = STYLED_ITEM('color',(#8447),#3288);
#8447 = PRESENTATION_STYLE_ASSIGNMENT((#8448));
#8448 = SURFACE_STYLE_USAGE(.BOTH.,#8449);
#8449 = SURFACE_SIDE_STYLE('',(#8450));
#8450 = SURFACE_STYLE_FILL_AREA(#8451);
#8451 = FILL_AREA_STYLE('',(#8452));
#8452 = FILL_AREA_STYLE_COLOUR('',#8032);
#8453 = STYLED_ITEM('color',(#8454),#3312);
#8454 = PRESENTATION_STYLE_ASSIGNMENT((#8455));
#8455 = SURFACE_STYLE_USAGE(.BOTH.,#8456);
#8456 = SURFACE_SIDE_STYLE('',(#8457));
#8457 = SURFACE_STYLE_FILL_AREA(#8458);
#8458 = FILL_AREA_STYLE('',(#8459));
#8459 = FILL_AREA_STYLE_COLOUR('',#8032);
#8460 = STYLED_ITEM('color',(#8461),#3329);
#8461 = PRESENTATION_STYLE_ASSIGNMENT((#8462));
#8462 = SURFACE_STYLE_USAGE(.BOTH.,#8463);
#8463 = SURFACE_SIDE_STYLE('',(#8464));
#8464 = SURFACE_STYLE_FILL_AREA(#8465);
#8465 = FILL_AREA_STYLE('',(#8466));
#8466 = FILL_AREA_STYLE_COLOUR('',#8032);
#8467 = STYLED_ITEM('color',(#8468),#3361);
#8468 = PRESENTATION_STYLE_ASSIGNMENT((#8469));
#8469 = SURFACE_STYLE_USAGE(.BOTH.,#8470);
#8470 = SURFACE_SIDE_STYLE('',(#8471));
#8471 = SURFACE_STYLE_FILL_AREA(#8472);
#8472 = FILL_AREA_STYLE('',(#8473));
#8473 = FILL_AREA_STYLE_COLOUR('',#8032);
#8474 = STYLED_ITEM('color',(#8475),#3379);
#8475 = PRESENTATION_STYLE_ASSIGNMENT((#8476));
#8476 = SURFACE_STYLE_USAGE(.BOTH.,#8477);
#8477 = SURFACE_SIDE_STYLE('',(#8478));
#8478 = SURFACE_STYLE_FILL_AREA(#8479);
#8479 = FILL_AREA_STYLE('',(#8480));
#8480 = FILL_AREA_STYLE_COLOUR('',#8032);
#8481 = STYLED_ITEM('color',(#8482),#3419);
#8482 = PRESENTATION_STYLE_ASSIGNMENT((#8483));
#8483 = SURFACE_STYLE_USAGE(.BOTH.,#8484);
#8484 = SURFACE_SIDE_STYLE('',(#8485));
#8485 = SURFACE_STYLE_FILL_AREA(#8486);
#8486 = FILL_AREA_STYLE('',(#8487));
#8487 = FILL_AREA_STYLE_COLOUR('',#8032);
#8488 = STYLED_ITEM('color',(#8489),#3450);
#8489 = PRESENTATION_STYLE_ASSIGNMENT((#8490));
#8490 = SURFACE_STYLE_USAGE(.BOTH.,#8491);
#8491 = SURFACE_SIDE_STYLE('',(#8492));
#8492 = SURFACE_STYLE_FILL_AREA(#8493);
#8493 = FILL_AREA_STYLE('',(#8494));
#8494 = FILL_AREA_STYLE_COLOUR('',#8032);
#8495 = STYLED_ITEM('color',(#8496),#3474);
#8496 = PRESENTATION_STYLE_ASSIGNMENT((#8497));
#8497 = SURFACE_STYLE_USAGE(.BOTH.,#8498);
#8498 = SURFACE_SIDE_STYLE('',(#8499));
#8499 = SURFACE_STYLE_FILL_AREA(#8500);
#8500 = FILL_AREA_STYLE('',(#8501));
#8501 = FILL_AREA_STYLE_COLOUR('',#8032);
#8502 = STYLED_ITEM('color',(#8503),#3499);
#8503 = PRESENTATION_STYLE_ASSIGNMENT((#8504));
#8504 = SURFACE_STYLE_USAGE(.BOTH.,#8505);
#8505 = SURFACE_SIDE_STYLE('',(#8506));
#8506 = SURFACE_STYLE_FILL_AREA(#8507);
#8507 = FILL_AREA_STYLE('',(#8508));
#8508 = FILL_AREA_STYLE_COLOUR('',#8032);
#8509 = STYLED_ITEM('color',(#8510),#3524);
#8510 = PRESENTATION_STYLE_ASSIGNMENT((#8511));
#8511 = SURFACE_STYLE_USAGE(.BOTH.,#8512);
#8512 = SURFACE_SIDE_STYLE('',(#8513));
#8513 = SURFACE_STYLE_FILL_AREA(#8514);
#8514 = FILL_AREA_STYLE('',(#8515));
#8515 = FILL_AREA_STYLE_COLOUR('',#8032);
#8516 = STYLED_ITEM('color',(#8517),#3548);
#8517 = PRESENTATION_STYLE_ASSIGNMENT((#8518));
#8518 = SURFACE_STYLE_USAGE(.BOTH.,#8519);
#8519 = SURFACE_SIDE_STYLE('',(#8520));
#8520 = SURFACE_STYLE_FILL_AREA(#8521);
#8521 = FILL_AREA_STYLE('',(#8522));
#8522 = FILL_AREA_STYLE_COLOUR('',#8032);
#8523 = STYLED_ITEM('color',(#8524),#3573);
#8524 = PRESENTATION_STYLE_ASSIGNMENT((#8525));
#8525 = SURFACE_STYLE_USAGE(.BOTH.,#8526);
#8526 = SURFACE_SIDE_STYLE('',(#8527));
#8527 = SURFACE_STYLE_FILL_AREA(#8528);
#8528 = FILL_AREA_STYLE('',(#8529));
#8529 = FILL_AREA_STYLE_COLOUR('',#8032);
#8530 = STYLED_ITEM('color',(#8531),#3604);
#8531 = PRESENTATION_STYLE_ASSIGNMENT((#8532));
#8532 = SURFACE_STYLE_USAGE(.BOTH.,#8533);
#8533 = SURFACE_SIDE_STYLE('',(#8534));
#8534 = SURFACE_STYLE_FILL_AREA(#8535);
#8535 = FILL_AREA_STYLE('',(#8536));
#8536 = FILL_AREA_STYLE_COLOUR('',#8032);
#8537 = STYLED_ITEM('color',(#8538),#3626);
#8538 = PRESENTATION_STYLE_ASSIGNMENT((#8539));
#8539 = SURFACE_STYLE_USAGE(.BOTH.,#8540);
#8540 = SURFACE_SIDE_STYLE('',(#8541));
#8541 = SURFACE_STYLE_FILL_AREA(#8542);
#8542 = FILL_AREA_STYLE('',(#8543));
#8543 = FILL_AREA_STYLE_COLOUR('',#8032);
#8544 = STYLED_ITEM('color',(#8545),#3658);
#8545 = PRESENTATION_STYLE_ASSIGNMENT((#8546));
#8546 = SURFACE_STYLE_USAGE(.BOTH.,#8547);
#8547 = SURFACE_SIDE_STYLE('',(#8548));
#8548 = SURFACE_STYLE_FILL_AREA(#8549);
#8549 = FILL_AREA_STYLE('',(#8550));
#8550 = FILL_AREA_STYLE_COLOUR('',#8032);
#8551 = STYLED_ITEM('color',(#8552),#3676);
#8552 = PRESENTATION_STYLE_ASSIGNMENT((#8553));
#8553 = SURFACE_STYLE_USAGE(.BOTH.,#8554);
#8554 = SURFACE_SIDE_STYLE('',(#8555));
#8555 = SURFACE_STYLE_FILL_AREA(#8556);
#8556 = FILL_AREA_STYLE('',(#8557));
#8557 = FILL_AREA_STYLE_COLOUR('',#8032);
#8558 = STYLED_ITEM('color',(#8559),#3711);
#8559 = PRESENTATION_STYLE_ASSIGNMENT((#8560));
#8560 = SURFACE_STYLE_USAGE(.BOTH.,#8561);
#8561 = SURFACE_SIDE_STYLE('',(#8562));
#8562 = SURFACE_STYLE_FILL_AREA(#8563);
#8563 = FILL_AREA_STYLE('',(#8564));
#8564 = FILL_AREA_STYLE_COLOUR('',#8032);
#8565 = STYLED_ITEM('color',(#8566),#3736);
#8566 = PRESENTATION_STYLE_ASSIGNMENT((#8567));
#8567 = SURFACE_STYLE_USAGE(.BOTH.,#8568);
#8568 = SURFACE_SIDE_STYLE('',(#8569));
#8569 = SURFACE_STYLE_FILL_AREA(#8570);
#8570 = FILL_AREA_STYLE('',(#8571));
#8571 = FILL_AREA_STYLE_COLOUR('',#8032);
#8572 = STYLED_ITEM('color',(#8573),#3770);
#8573 = PRESENTATION_STYLE_ASSIGNMENT((#8574));
#8574 = SURFACE_STYLE_USAGE(.BOTH.,#8575);
#8575 = SURFACE_SIDE_STYLE('',(#8576));
#8576 = SURFACE_STYLE_FILL_AREA(#8577);
#8577 = FILL_AREA_STYLE('',(#8578));
#8578 = FILL_AREA_STYLE_COLOUR('',#8032);
#8579 = STYLED_ITEM('color',(#8580),#3795);
#8580 = PRESENTATION_STYLE_ASSIGNMENT((#8581));
#8581 = SURFACE_STYLE_USAGE(.BOTH.,#8582);
#8582 = SURFACE_SIDE_STYLE('',(#8583));
#8583 = SURFACE_STYLE_FILL_AREA(#8584);
#8584 = FILL_AREA_STYLE('',(#8585));
#8585 = FILL_AREA_STYLE_COLOUR('',#8032);
#8586 = STYLED_ITEM('color',(#8587),#3829);
#8587 = PRESENTATION_STYLE_ASSIGNMENT((#8588));
#8588 = SURFACE_STYLE_USAGE(.BOTH.,#8589);
#8589 = SURFACE_SIDE_STYLE('',(#8590));
#8590 = SURFACE_STYLE_FILL_AREA(#8591);
#8591 = FILL_AREA_STYLE('',(#8592));
#8592 = FILL_AREA_STYLE_COLOUR('',#8032);
#8593 = STYLED_ITEM('color',(#8594),#3853);
#8594 = PRESENTATION_STYLE_ASSIGNMENT((#8595));
#8595 = SURFACE_STYLE_USAGE(.BOTH.,#8596);
#8596 = SURFACE_SIDE_STYLE('',(#8597));
#8597 = SURFACE_STYLE_FILL_AREA(#8598);
#8598 = FILL_AREA_STYLE('',(#8599));
#8599 = FILL_AREA_STYLE_COLOUR('',#8032);
#8600 = STYLED_ITEM('color',(#8601),#3876);
#8601 = PRESENTATION_STYLE_ASSIGNMENT((#8602));
#8602 = SURFACE_STYLE_USAGE(.BOTH.,#8603);
#8603 = SURFACE_SIDE_STYLE('',(#8604));
#8604 = SURFACE_STYLE_FILL_AREA(#8605);
#8605 = FILL_AREA_STYLE('',(#8606));
#8606 = FILL_AREA_STYLE_COLOUR('',#8032);
#8607 = STYLED_ITEM('color',(#8608),#3904);
#8608 = PRESENTATION_STYLE_ASSIGNMENT((#8609));
#8609 = SURFACE_STYLE_USAGE(.BOTH.,#8610);
#8610 = SURFACE_SIDE_STYLE('',(#8611));
#8611 = SURFACE_STYLE_FILL_AREA(#8612);
#8612 = FILL_AREA_STYLE('',(#8613));
#8613 = FILL_AREA_STYLE_COLOUR('',#8032);
#8614 = STYLED_ITEM('color',(#8615),#3921);
#8615 = PRESENTATION_STYLE_ASSIGNMENT((#8616));
#8616 = SURFACE_STYLE_USAGE(.BOTH.,#8617);
#8617 = SURFACE_SIDE_STYLE('',(#8618));
#8618 = SURFACE_STYLE_FILL_AREA(#8619);
#8619 = FILL_AREA_STYLE('',(#8620));
#8620 = FILL_AREA_STYLE_COLOUR('',#8032);
#8621 = STYLED_ITEM('color',(#8622),#3939);
#8622 = PRESENTATION_STYLE_ASSIGNMENT((#8623));
#8623 = SURFACE_STYLE_USAGE(.BOTH.,#8624);
#8624 = SURFACE_SIDE_STYLE('',(#8625));
#8625 = SURFACE_STYLE_FILL_AREA(#8626);
#8626 = FILL_AREA_STYLE('',(#8627));
#8627 = FILL_AREA_STYLE_COLOUR('',#8032);
#8628 = STYLED_ITEM('color',(#8629),#3969);
#8629 = PRESENTATION_STYLE_ASSIGNMENT((#8630));
#8630 = SURFACE_STYLE_USAGE(.BOTH.,#8631);
#8631 = SURFACE_SIDE_STYLE('',(#8632));
#8632 = SURFACE_STYLE_FILL_AREA(#8633);
#8633 = FILL_AREA_STYLE('',(#8634));
#8634 = FILL_AREA_STYLE_COLOUR('',#8032);
#8635 = STYLED_ITEM('color',(#8636),#3990);
#8636 = PRESENTATION_STYLE_ASSIGNMENT((#8637));
#8637 = SURFACE_STYLE_USAGE(.BOTH.,#8638);
#8638 = SURFACE_SIDE_STYLE('',(#8639));
#8639 = SURFACE_STYLE_FILL_AREA(#8640);
#8640 = FILL_AREA_STYLE('',(#8641));
#8641 = FILL_AREA_STYLE_COLOUR('',#8032);
#8642 = STYLED_ITEM('color',(#8643),#4003);
#8643 = PRESENTATION_STYLE_ASSIGNMENT((#8644));
#8644 = SURFACE_STYLE_USAGE(.BOTH.,#8645);
#8645 = SURFACE_SIDE_STYLE('',(#8646));
#8646 = SURFACE_STYLE_FILL_AREA(#8647);
#8647 = FILL_AREA_STYLE('',(#8648));
#8648 = FILL_AREA_STYLE_COLOUR('',#8032);
#8649 = STYLED_ITEM('color',(#8650),#4020);
#8650 = PRESENTATION_STYLE_ASSIGNMENT((#8651));
#8651 = SURFACE_STYLE_USAGE(.BOTH.,#8652);
#8652 = SURFACE_SIDE_STYLE('',(#8653));
#8653 = SURFACE_STYLE_FILL_AREA(#8654);
#8654 = FILL_AREA_STYLE('',(#8655));
#8655 = FILL_AREA_STYLE_COLOUR('',#8032);
#8656 = STYLED_ITEM('color',(#8657),#4043);
#8657 = PRESENTATION_STYLE_ASSIGNMENT((#8658));
#8658 = SURFACE_STYLE_USAGE(.BOTH.,#8659);
#8659 = SURFACE_SIDE_STYLE('',(#8660));
#8660 = SURFACE_STYLE_FILL_AREA(#8661);
#8661 = FILL_AREA_STYLE('',(#8662));
#8662 = FILL_AREA_STYLE_COLOUR('',#8032);
#8663 = STYLED_ITEM('color',(#8664),#4061);
#8664 = PRESENTATION_STYLE_ASSIGNMENT((#8665));
#8665 = SURFACE_STYLE_USAGE(.BOTH.,#8666);
#8666 = SURFACE_SIDE_STYLE('',(#8667));
#8667 = SURFACE_STYLE_FILL_AREA(#8668);
#8668 = FILL_AREA_STYLE('',(#8669));
#8669 = FILL_AREA_STYLE_COLOUR('',#8032);
#8670 = STYLED_ITEM('color',(#8671),#4073);
#8671 = PRESENTATION_STYLE_ASSIGNMENT((#8672));
#8672 = SURFACE_STYLE_USAGE(.BOTH.,#8673);
#8673 = SURFACE_SIDE_STYLE('',(#8674));
#8674 = SURFACE_STYLE_FILL_AREA(#8675);
#8675 = FILL_AREA_STYLE('',(#8676));
#8676 = FILL_AREA_STYLE_COLOUR('',#8032);
#8677 = STYLED_ITEM('color',(#8678),#4085);
#8678 = PRESENTATION_STYLE_ASSIGNMENT((#8679));
#8679 = SURFACE_STYLE_USAGE(.BOTH.,#8680);
#8680 = SURFACE_SIDE_STYLE('',(#8681));
#8681 = SURFACE_STYLE_FILL_AREA(#8682);
#8682 = FILL_AREA_STYLE('',(#8683));
#8683 = FILL_AREA_STYLE_COLOUR('',#8032);
#8684 = STYLED_ITEM('color',(#8685),#4115);
#8685 = PRESENTATION_STYLE_ASSIGNMENT((#8686));
#8686 = SURFACE_STYLE_USAGE(.BOTH.,#8687);
#8687 = SURFACE_SIDE_STYLE('',(#8688));
#8688 = SURFACE_STYLE_FILL_AREA(#8689);
#8689 = FILL_AREA_STYLE('',(#8690));
#8690 = FILL_AREA_STYLE_COLOUR('',#8032);
#8691 = STYLED_ITEM('color',(#8692),#4136);
#8692 = PRESENTATION_STYLE_ASSIGNMENT((#8693));
#8693 = SURFACE_STYLE_USAGE(.BOTH.,#8694);
#8694 = SURFACE_SIDE_STYLE('',(#8695));
#8695 = SURFACE_STYLE_FILL_AREA(#8696);
#8696 = FILL_AREA_STYLE('',(#8697));
#8697 = FILL_AREA_STYLE_COLOUR('',#8032);
#8698 = STYLED_ITEM('color',(#8699),#4153);
#8699 = PRESENTATION_STYLE_ASSIGNMENT((#8700));
#8700 = SURFACE_STYLE_USAGE(.BOTH.,#8701);
#8701 = SURFACE_SIDE_STYLE('',(#8702));
#8702 = SURFACE_STYLE_FILL_AREA(#8703);
#8703 = FILL_AREA_STYLE('',(#8704));
#8704 = FILL_AREA_STYLE_COLOUR('',#8032);
#8705 = STYLED_ITEM('color',(#8706),#4166);
#8706 = PRESENTATION_STYLE_ASSIGNMENT((#8707));
#8707 = SURFACE_STYLE_USAGE(.BOTH.,#8708);
#8708 = SURFACE_SIDE_STYLE('',(#8709));
#8709 = SURFACE_STYLE_FILL_AREA(#8710);
#8710 = FILL_AREA_STYLE('',(#8711));
#8711 = FILL_AREA_STYLE_COLOUR('',#8032);
#8712 = STYLED_ITEM('color',(#8713),#4197);
#8713 = PRESENTATION_STYLE_ASSIGNMENT((#8714));
#8714 = SURFACE_STYLE_USAGE(.BOTH.,#8715);
#8715 = SURFACE_SIDE_STYLE('',(#8716));
#8716 = SURFACE_STYLE_FILL_AREA(#8717);
#8717 = FILL_AREA_STYLE('',(#8718));
#8718 = FILL_AREA_STYLE_COLOUR('',#8032);
#8719 = STYLED_ITEM('color',(#8720),#4220);
#8720 = PRESENTATION_STYLE_ASSIGNMENT((#8721));
#8721 = SURFACE_STYLE_USAGE(.BOTH.,#8722);
#8722 = SURFACE_SIDE_STYLE('',(#8723));
#8723 = SURFACE_STYLE_FILL_AREA(#8724);
#8724 = FILL_AREA_STYLE('',(#8725));
#8725 = FILL_AREA_STYLE_COLOUR('',#8032);
#8726 = STYLED_ITEM('color',(#8727),#4238);
#8727 = PRESENTATION_STYLE_ASSIGNMENT((#8728));
#8728 = SURFACE_STYLE_USAGE(.BOTH.,#8729);
#8729 = SURFACE_SIDE_STYLE('',(#8730));
#8730 = SURFACE_STYLE_FILL_AREA(#8731);
#8731 = FILL_AREA_STYLE('',(#8732));
#8732 = FILL_AREA_STYLE_COLOUR('',#8032);
#8733 = STYLED_ITEM('color',(#8734),#4261);
#8734 = PRESENTATION_STYLE_ASSIGNMENT((#8735));
#8735 = SURFACE_STYLE_USAGE(.BOTH.,#8736);
#8736 = SURFACE_SIDE_STYLE('',(#8737));
#8737 = SURFACE_STYLE_FILL_AREA(#8738);
#8738 = FILL_AREA_STYLE('',(#8739));
#8739 = FILL_AREA_STYLE_COLOUR('',#8032);
#8740 = STYLED_ITEM('color',(#8741),#4273);
#8741 = PRESENTATION_STYLE_ASSIGNMENT((#8742));
#8742 = SURFACE_STYLE_USAGE(.BOTH.,#8743);
#8743 = SURFACE_SIDE_STYLE('',(#8744));
#8744 = SURFACE_STYLE_FILL_AREA(#8745);
#8745 = FILL_AREA_STYLE('',(#8746));
#8746 = FILL_AREA_STYLE_COLOUR('',#8032);
#8747 = STYLED_ITEM('color',(#8748),#4285);
#8748 = PRESENTATION_STYLE_ASSIGNMENT((#8749));
#8749 = SURFACE_STYLE_USAGE(.BOTH.,#8750);
#8750 = SURFACE_SIDE_STYLE('',(#8751));
#8751 = SURFACE_STYLE_FILL_AREA(#8752);
#8752 = FILL_AREA_STYLE('',(#8753));
#8753 = FILL_AREA_STYLE_COLOUR('',#8032);
#8754 = STYLED_ITEM('color',(#8755),#4310);
#8755 = PRESENTATION_STYLE_ASSIGNMENT((#8756));
#8756 = SURFACE_STYLE_USAGE(.BOTH.,#8757);
#8757 = SURFACE_SIDE_STYLE('',(#8758));
#8758 = SURFACE_STYLE_FILL_AREA(#8759);
#8759 = FILL_AREA_STYLE('',(#8760));
#8760 = FILL_AREA_STYLE_COLOUR('',#8032);
#8761 = STYLED_ITEM('color',(#8762),#4341);
#8762 = PRESENTATION_STYLE_ASSIGNMENT((#8763));
#8763 = SURFACE_STYLE_USAGE(.BOTH.,#8764);
#8764 = SURFACE_SIDE_STYLE('',(#8765));
#8765 = SURFACE_STYLE_FILL_AREA(#8766);
#8766 = FILL_AREA_STYLE('',(#8767));
#8767 = FILL_AREA_STYLE_COLOUR('',#8032);
#8768 = STYLED_ITEM('color',(#8769),#4372);
#8769 = PRESENTATION_STYLE_ASSIGNMENT((#8770));
#8770 = SURFACE_STYLE_USAGE(.BOTH.,#8771);
#8771 = SURFACE_SIDE_STYLE('',(#8772));
#8772 = SURFACE_STYLE_FILL_AREA(#8773);
#8773 = FILL_AREA_STYLE('',(#8774));
#8774 = FILL_AREA_STYLE_COLOUR('',#8032);
#8775 = STYLED_ITEM('color',(#8776),#4397);
#8776 = PRESENTATION_STYLE_ASSIGNMENT((#8777));
#8777 = SURFACE_STYLE_USAGE(.BOTH.,#8778);
#8778 = SURFACE_SIDE_STYLE('',(#8779));
#8779 = SURFACE_STYLE_FILL_AREA(#8780);
#8780 = FILL_AREA_STYLE('',(#8781));
#8781 = FILL_AREA_STYLE_COLOUR('',#8032);
#8782 = STYLED_ITEM('color',(#8783),#4414);
#8783 = PRESENTATION_STYLE_ASSIGNMENT((#8784));
#8784 = SURFACE_STYLE_USAGE(.BOTH.,#8785);
#8785 = SURFACE_SIDE_STYLE('',(#8786));
#8786 = SURFACE_STYLE_FILL_AREA(#8787);
#8787 = FILL_AREA_STYLE('',(#8788));
#8788 = FILL_AREA_STYLE_COLOUR('',#8032);
#8789 = STYLED_ITEM('color',(#8790),#4431);
#8790 = PRESENTATION_STYLE_ASSIGNMENT((#8791));
#8791 = SURFACE_STYLE_USAGE(.BOTH.,#8792);
#8792 = SURFACE_SIDE_STYLE('',(#8793));
#8793 = SURFACE_STYLE_FILL_AREA(#8794);
#8794 = FILL_AREA_STYLE('',(#8795));
#8795 = FILL_AREA_STYLE_COLOUR('',#8032);
#8796 = STYLED_ITEM('color',(#8797),#4444);
#8797 = PRESENTATION_STYLE_ASSIGNMENT((#8798));
#8798 = SURFACE_STYLE_USAGE(.BOTH.,#8799);
#8799 = SURFACE_SIDE_STYLE('',(#8800));
#8800 = SURFACE_STYLE_FILL_AREA(#8801);
#8801 = FILL_AREA_STYLE('',(#8802));
#8802 = FILL_AREA_STYLE_COLOUR('',#8032);
#8803 = STYLED_ITEM('color',(#8804),#4461);
#8804 = PRESENTATION_STYLE_ASSIGNMENT((#8805));
#8805 = SURFACE_STYLE_USAGE(.BOTH.,#8806);
#8806 = SURFACE_SIDE_STYLE('',(#8807));
#8807 = SURFACE_STYLE_FILL_AREA(#8808);
#8808 = FILL_AREA_STYLE('',(#8809));
#8809 = FILL_AREA_STYLE_COLOUR('',#8032);
#8810 = STYLED_ITEM('color',(#8811),#4474);
#8811 = PRESENTATION_STYLE_ASSIGNMENT((#8812));
#8812 = SURFACE_STYLE_USAGE(.BOTH.,#8813);
#8813 = SURFACE_SIDE_STYLE('',(#8814));
#8814 = SURFACE_STYLE_FILL_AREA(#8815);
#8815 = FILL_AREA_STYLE('',(#8816));
#8816 = FILL_AREA_STYLE_COLOUR('',#8032);
#8817 = STYLED_ITEM('color',(#8818),#4487);
#8818 = PRESENTATION_STYLE_ASSIGNMENT((#8819));
#8819 = SURFACE_STYLE_USAGE(.BOTH.,#8820);
#8820 = SURFACE_SIDE_STYLE('',(#8821));
#8821 = SURFACE_STYLE_FILL_AREA(#8822);
#8822 = FILL_AREA_STYLE('',(#8823));
#8823 = FILL_AREA_STYLE_COLOUR('',#8032);
#8824 = STYLED_ITEM('color',(#8825),#4504);
#8825 = PRESENTATION_STYLE_ASSIGNMENT((#8826));
#8826 = SURFACE_STYLE_USAGE(.BOTH.,#8827);
#8827 = SURFACE_SIDE_STYLE('',(#8828));
#8828 = SURFACE_STYLE_FILL_AREA(#8829);
#8829 = FILL_AREA_STYLE('',(#8830));
#8830 = FILL_AREA_STYLE_COLOUR('',#8032);
#8831 = STYLED_ITEM('color',(#8832),#4517);
#8832 = PRESENTATION_STYLE_ASSIGNMENT((#8833));
#8833 = SURFACE_STYLE_USAGE(.BOTH.,#8834);
#8834 = SURFACE_SIDE_STYLE('',(#8835));
#8835 = SURFACE_STYLE_FILL_AREA(#8836);
#8836 = FILL_AREA_STYLE('',(#8837));
#8837 = FILL_AREA_STYLE_COLOUR('',#8032);
#8838 = STYLED_ITEM('color',(#8839),#4542);
#8839 = PRESENTATION_STYLE_ASSIGNMENT((#8840));
#8840 = SURFACE_STYLE_USAGE(.BOTH.,#8841);
#8841 = SURFACE_SIDE_STYLE('',(#8842));
#8842 = SURFACE_STYLE_FILL_AREA(#8843);
#8843 = FILL_AREA_STYLE('',(#8844));
#8844 = FILL_AREA_STYLE_COLOUR('',#8032);
#8845 = STYLED_ITEM('color',(#8846),#4560);
#8846 = PRESENTATION_STYLE_ASSIGNMENT((#8847));
#8847 = SURFACE_STYLE_USAGE(.BOTH.,#8848);
#8848 = SURFACE_SIDE_STYLE('',(#8849));
#8849 = SURFACE_STYLE_FILL_AREA(#8850);
#8850 = FILL_AREA_STYLE('',(#8851));
#8851 = FILL_AREA_STYLE_COLOUR('',#8032);
#8852 = STYLED_ITEM('color',(#8853),#4578);
#8853 = PRESENTATION_STYLE_ASSIGNMENT((#8854));
#8854 = SURFACE_STYLE_USAGE(.BOTH.,#8855);
#8855 = SURFACE_SIDE_STYLE('',(#8856));
#8856 = SURFACE_STYLE_FILL_AREA(#8857);
#8857 = FILL_AREA_STYLE('',(#8858));
#8858 = FILL_AREA_STYLE_COLOUR('',#8032);
#8859 = STYLED_ITEM('color',(#8860),#4594);
#8860 = PRESENTATION_STYLE_ASSIGNMENT((#8861));
#8861 = SURFACE_STYLE_USAGE(.BOTH.,#8862);
#8862 = SURFACE_SIDE_STYLE('',(#8863));
#8863 = SURFACE_STYLE_FILL_AREA(#8864);
#8864 = FILL_AREA_STYLE('',(#8865));
#8865 = FILL_AREA_STYLE_COLOUR('',#8032);
#8866 = STYLED_ITEM('color',(#8867),#4619);
#8867 = PRESENTATION_STYLE_ASSIGNMENT((#8868));
#8868 = SURFACE_STYLE_USAGE(.BOTH.,#8869);
#8869 = SURFACE_SIDE_STYLE('',(#8870));
#8870 = SURFACE_STYLE_FILL_AREA(#8871);
#8871 = FILL_AREA_STYLE('',(#8872));
#8872 = FILL_AREA_STYLE_COLOUR('',#8032);
#8873 = STYLED_ITEM('color',(#8874),#4640);
#8874 = PRESENTATION_STYLE_ASSIGNMENT((#8875));
#8875 = SURFACE_STYLE_USAGE(.BOTH.,#8876);
#8876 = SURFACE_SIDE_STYLE('',(#8877));
#8877 = SURFACE_STYLE_FILL_AREA(#8878);
#8878 = FILL_AREA_STYLE('',(#8879));
#8879 = FILL_AREA_STYLE_COLOUR('',#8032);
#8880 = STYLED_ITEM('color',(#8881),#4671);
#8881 = PRESENTATION_STYLE_ASSIGNMENT((#8882));
#8882 = SURFACE_STYLE_USAGE(.BOTH.,#8883);
#8883 = SURFACE_SIDE_STYLE('',(#8884));
#8884 = SURFACE_STYLE_FILL_AREA(#8885);
#8885 = FILL_AREA_STYLE('',(#8886));
#8886 = FILL_AREA_STYLE_COLOUR('',#8032);
#8887 = STYLED_ITEM('color',(#8888),#4695);
#8888 = PRESENTATION_STYLE_ASSIGNMENT((#8889));
#8889 = SURFACE_STYLE_USAGE(.BOTH.,#8890);
#8890 = SURFACE_SIDE_STYLE('',(#8891));
#8891 = SURFACE_STYLE_FILL_AREA(#8892);
#8892 = FILL_AREA_STYLE('',(#8893));
#8893 = FILL_AREA_STYLE_COLOUR('',#8032);
#8894 = STYLED_ITEM('color',(#8895),#4719);
#8895 = PRESENTATION_STYLE_ASSIGNMENT((#8896));
#8896 = SURFACE_STYLE_USAGE(.BOTH.,#8897);
#8897 = SURFACE_SIDE_STYLE('',(#8898));
#8898 = SURFACE_STYLE_FILL_AREA(#8899);
#8899 = FILL_AREA_STYLE('',(#8900));
#8900 = FILL_AREA_STYLE_COLOUR('',#8032);
#8901 = STYLED_ITEM('color',(#8902),#4736);
#8902 = PRESENTATION_STYLE_ASSIGNMENT((#8903));
#8903 = SURFACE_STYLE_USAGE(.BOTH.,#8904);
#8904 = SURFACE_SIDE_STYLE('',(#8905));
#8905 = SURFACE_STYLE_FILL_AREA(#8906);
#8906 = FILL_AREA_STYLE('',(#8907));
#8907 = FILL_AREA_STYLE_COLOUR('',#8032);
#8908 = STYLED_ITEM('color',(#8909),#4748);
#8909 = PRESENTATION_STYLE_ASSIGNMENT((#8910));
#8910 = SURFACE_STYLE_USAGE(.BOTH.,#8911);
#8911 = SURFACE_SIDE_STYLE('',(#8912));
#8912 = SURFACE_STYLE_FILL_AREA(#8913);
#8913 = FILL_AREA_STYLE('',(#8914));
#8914 = FILL_AREA_STYLE_COLOUR('',#8032);
#8915 = STYLED_ITEM('color',(#8916),#4761);
#8916 = PRESENTATION_STYLE_ASSIGNMENT((#8917));
#8917 = SURFACE_STYLE_USAGE(.BOTH.,#8918);
#8918 = SURFACE_SIDE_STYLE('',(#8919));
#8919 = SURFACE_STYLE_FILL_AREA(#8920);
#8920 = FILL_AREA_STYLE('',(#8921));
#8921 = FILL_AREA_STYLE_COLOUR('',#7466);
#8922 = STYLED_ITEM('color',(#8923),#4777);
#8923 = PRESENTATION_STYLE_ASSIGNMENT((#8924));
#8924 = SURFACE_STYLE_USAGE(.BOTH.,#8925);
#8925 = SURFACE_SIDE_STYLE('',(#8926));
#8926 = SURFACE_STYLE_FILL_AREA(#8927);
#8927 = FILL_AREA_STYLE('',(#8928));
#8928 = FILL_AREA_STYLE_COLOUR('',#7466);
#8929 = STYLED_ITEM('color',(#8930),#4800);
#8930 = PRESENTATION_STYLE_ASSIGNMENT((#8931));
#8931 = SURFACE_STYLE_USAGE(.BOTH.,#8932);
#8932 = SURFACE_SIDE_STYLE('',(#8933));
#8933 = SURFACE_STYLE_FILL_AREA(#8934);
#8934 = FILL_AREA_STYLE('',(#8935));
#8935 = FILL_AREA_STYLE_COLOUR('',#7466);
#8936 = STYLED_ITEM('color',(#8937),#4823);
#8937 = PRESENTATION_STYLE_ASSIGNMENT((#8938));
#8938 = SURFACE_STYLE_USAGE(.BOTH.,#8939);
#8939 = SURFACE_SIDE_STYLE('',(#8940));
#8940 = SURFACE_STYLE_FILL_AREA(#8941);
#8941 = FILL_AREA_STYLE('',(#8942));
#8942 = FILL_AREA_STYLE_COLOUR('',#7466);
#8943 = STYLED_ITEM('color',(#8944),#4844);
#8944 = PRESENTATION_STYLE_ASSIGNMENT((#8945));
#8945 = SURFACE_STYLE_USAGE(.BOTH.,#8946);
#8946 = SURFACE_SIDE_STYLE('',(#8947));
#8947 = SURFACE_STYLE_FILL_AREA(#8948);
#8948 = FILL_AREA_STYLE('',(#8949));
#8949 = FILL_AREA_STYLE_COLOUR('',#7466);
#8950 = STYLED_ITEM('color',(#8951),#4860);
#8951 = PRESENTATION_STYLE_ASSIGNMENT((#8952));
#8952 = SURFACE_STYLE_USAGE(.BOTH.,#8953);
#8953 = SURFACE_SIDE_STYLE('',(#8954));
#8954 = SURFACE_STYLE_FILL_AREA(#8955);
#8955 = FILL_AREA_STYLE('',(#8956));
#8956 = FILL_AREA_STYLE_COLOUR('',#7466);
#8957 = STYLED_ITEM('color',(#8958),#4876);
#8958 = PRESENTATION_STYLE_ASSIGNMENT((#8959));
#8959 = SURFACE_STYLE_USAGE(.BOTH.,#8960);
#8960 = SURFACE_SIDE_STYLE('',(#8961));
#8961 = SURFACE_STYLE_FILL_AREA(#8962);
#8962 = FILL_AREA_STYLE('',(#8963));
#8963 = FILL_AREA_STYLE_COLOUR('',#7466);
#8964 = STYLED_ITEM('color',(#8965),#4906);
#8965 = PRESENTATION_STYLE_ASSIGNMENT((#8966));
#8966 = SURFACE_STYLE_USAGE(.BOTH.,#8967);
#8967 = SURFACE_SIDE_STYLE('',(#8968));
#8968 = SURFACE_STYLE_FILL_AREA(#8969);
#8969 = FILL_AREA_STYLE('',(#8970));
#8970 = FILL_AREA_STYLE_COLOUR('',#7466);
#8971 = STYLED_ITEM('color',(#8972),#4922);
#8972 = PRESENTATION_STYLE_ASSIGNMENT((#8973));
#8973 = SURFACE_STYLE_USAGE(.BOTH.,#8974);
#8974 = SURFACE_SIDE_STYLE('',(#8975));
#8975 = SURFACE_STYLE_FILL_AREA(#8976);
#8976 = FILL_AREA_STYLE('',(#8977));
#8977 = FILL_AREA_STYLE_COLOUR('',#7466);
#8978 = STYLED_ITEM('color',(#8979),#4945);
#8979 = PRESENTATION_STYLE_ASSIGNMENT((#8980));
#8980 = SURFACE_STYLE_USAGE(.BOTH.,#8981);
#8981 = SURFACE_SIDE_STYLE('',(#8982));
#8982 = SURFACE_STYLE_FILL_AREA(#8983);
#8983 = FILL_AREA_STYLE('',(#8984));
#8984 = FILL_AREA_STYLE_COLOUR('',#7466);
#8985 = STYLED_ITEM('color',(#8986),#4968);
#8986 = PRESENTATION_STYLE_ASSIGNMENT((#8987));
#8987 = SURFACE_STYLE_USAGE(.BOTH.,#8988);
#8988 = SURFACE_SIDE_STYLE('',(#8989));
#8989 = SURFACE_STYLE_FILL_AREA(#8990);
#8990 = FILL_AREA_STYLE('',(#8991));
#8991 = FILL_AREA_STYLE_COLOUR('',#7466);
#8992 = STYLED_ITEM('color',(#8993),#4989);
#8993 = PRESENTATION_STYLE_ASSIGNMENT((#8994));
#8994 = SURFACE_STYLE_USAGE(.BOTH.,#8995);
#8995 = SURFACE_SIDE_STYLE('',(#8996));
#8996 = SURFACE_STYLE_FILL_AREA(#8997);
#8997 = FILL_AREA_STYLE('',(#8998));
#8998 = FILL_AREA_STYLE_COLOUR('',#7466);
#8999 = STYLED_ITEM('color',(#9000),#5005);
#9000 = PRESENTATION_STYLE_ASSIGNMENT((#9001));
#9001 = SURFACE_STYLE_USAGE(.BOTH.,#9002);
#9002 = SURFACE_SIDE_STYLE('',(#9003));
#9003 = SURFACE_STYLE_FILL_AREA(#9004);
#9004 = FILL_AREA_STYLE('',(#9005));
#9005 = FILL_AREA_STYLE_COLOUR('',#7466);
#9006 = STYLED_ITEM('color',(#9007),#5021);
#9007 = PRESENTATION_STYLE_ASSIGNMENT((#9008));
#9008 = SURFACE_STYLE_USAGE(.BOTH.,#9009);
#9009 = SURFACE_SIDE_STYLE('',(#9010));
#9010 = SURFACE_STYLE_FILL_AREA(#9011);
#9011 = FILL_AREA_STYLE('',(#9012));
#9012 = FILL_AREA_STYLE_COLOUR('',#7466);
#9013 = STYLED_ITEM('color',(#9014),#5051);
#9014 = PRESENTATION_STYLE_ASSIGNMENT((#9015));
#9015 = SURFACE_STYLE_USAGE(.BOTH.,#9016);
#9016 = SURFACE_SIDE_STYLE('',(#9017));
#9017 = SURFACE_STYLE_FILL_AREA(#9018);
#9018 = FILL_AREA_STYLE('',(#9019));
#9019 = FILL_AREA_STYLE_COLOUR('',#7466);
#9020 = STYLED_ITEM('color',(#9021),#5076);
#9021 = PRESENTATION_STYLE_ASSIGNMENT((#9022));
#9022 = SURFACE_STYLE_USAGE(.BOTH.,#9023);
#9023 = SURFACE_SIDE_STYLE('',(#9024));
#9024 = SURFACE_STYLE_FILL_AREA(#9025);
#9025 = FILL_AREA_STYLE('',(#9026));
#9026 = FILL_AREA_STYLE_COLOUR('',#7466);
#9027 = STYLED_ITEM('color',(#9028),#5088);
#9028 = PRESENTATION_STYLE_ASSIGNMENT((#9029));
#9029 = SURFACE_STYLE_USAGE(.BOTH.,#9030);
#9030 = SURFACE_SIDE_STYLE('',(#9031));
#9031 = SURFACE_STYLE_FILL_AREA(#9032);
#9032 = FILL_AREA_STYLE('',(#9033));
#9033 = FILL_AREA_STYLE_COLOUR('',#7466);
#9034 = STYLED_ITEM('color',(#9035),#5113);
#9035 = PRESENTATION_STYLE_ASSIGNMENT((#9036));
#9036 = SURFACE_STYLE_USAGE(.BOTH.,#9037);
#9037 = SURFACE_SIDE_STYLE('',(#9038));
#9038 = SURFACE_STYLE_FILL_AREA(#9039);
#9039 = FILL_AREA_STYLE('',(#9040));
#9040 = FILL_AREA_STYLE_COLOUR('',#7466);
#9041 = STYLED_ITEM('color',(#9042),#5125);
#9042 = PRESENTATION_STYLE_ASSIGNMENT((#9043));
#9043 = SURFACE_STYLE_USAGE(.BOTH.,#9044);
#9044 = SURFACE_SIDE_STYLE('',(#9045));
#9045 = SURFACE_STYLE_FILL_AREA(#9046);
#9046 = FILL_AREA_STYLE('',(#9047));
#9047 = FILL_AREA_STYLE_COLOUR('',#8032);
#9048 = STYLED_ITEM('color',(#9049),#5138);
#9049 = PRESENTATION_STYLE_ASSIGNMENT((#9050));
#9050 = SURFACE_STYLE_USAGE(.BOTH.,#9051);
#9051 = SURFACE_SIDE_STYLE('',(#9052));
#9052 = SURFACE_STYLE_FILL_AREA(#9053);
#9053 = FILL_AREA_STYLE('',(#9054));
#9054 = FILL_AREA_STYLE_COLOUR('',#8032);
#9055 = STYLED_ITEM('color',(#9056),#5151);
#9056 = PRESENTATION_STYLE_ASSIGNMENT((#9057));
#9057 = SURFACE_STYLE_USAGE(.BOTH.,#9058);
#9058 = SURFACE_SIDE_STYLE('',(#9059));
#9059 = SURFACE_STYLE_FILL_AREA(#9060);
#9060 = FILL_AREA_STYLE('',(#9061));
#9061 = FILL_AREA_STYLE_COLOUR('',#7466);
#9062 = STYLED_ITEM('color',(#9063),#5169);
#9063 = PRESENTATION_STYLE_ASSIGNMENT((#9064));
#9064 = SURFACE_STYLE_USAGE(.BOTH.,#9065);
#9065 = SURFACE_SIDE_STYLE('',(#9066));
#9066 = SURFACE_STYLE_FILL_AREA(#9067);
#9067 = FILL_AREA_STYLE('',(#9068));
#9068 = FILL_AREA_STYLE_COLOUR('',#7466);
#9069 = STYLED_ITEM('color',(#9070),#5186);
#9070 = PRESENTATION_STYLE_ASSIGNMENT((#9071));
#9071 = SURFACE_STYLE_USAGE(.BOTH.,#9072);
#9072 = SURFACE_SIDE_STYLE('',(#9073));
#9073 = SURFACE_STYLE_FILL_AREA(#9074);
#9074 = FILL_AREA_STYLE('',(#9075));
#9075 = FILL_AREA_STYLE_COLOUR('',#7466);
#9076 = STYLED_ITEM('color',(#9077),#5198);
#9077 = PRESENTATION_STYLE_ASSIGNMENT((#9078));
#9078 = SURFACE_STYLE_USAGE(.BOTH.,#9079);
#9079 = SURFACE_SIDE_STYLE('',(#9080));
#9080 = SURFACE_STYLE_FILL_AREA(#9081);
#9081 = FILL_AREA_STYLE('',(#9082));
#9082 = FILL_AREA_STYLE_COLOUR('',#7466);
#9083 = STYLED_ITEM('color',(#9084),#5207);
#9084 = PRESENTATION_STYLE_ASSIGNMENT((#9085));
#9085 = SURFACE_STYLE_USAGE(.BOTH.,#9086);
#9086 = SURFACE_SIDE_STYLE('',(#9087));
#9087 = SURFACE_STYLE_FILL_AREA(#9088);
#9088 = FILL_AREA_STYLE('',(#9089));
#9089 = FILL_AREA_STYLE_COLOUR('',#7466);
#9090 = STYLED_ITEM('color',(#9091),#5225);
#9091 = PRESENTATION_STYLE_ASSIGNMENT((#9092));
#9092 = SURFACE_STYLE_USAGE(.BOTH.,#9093);
#9093 = SURFACE_SIDE_STYLE('',(#9094));
#9094 = SURFACE_STYLE_FILL_AREA(#9095);
#9095 = FILL_AREA_STYLE('',(#9096));
#9096 = FILL_AREA_STYLE_COLOUR('',#7466);
#9097 = STYLED_ITEM('color',(#9098),#5242);
#9098 = PRESENTATION_STYLE_ASSIGNMENT((#9099));
#9099 = SURFACE_STYLE_USAGE(.BOTH.,#9100);
#9100 = SURFACE_SIDE_STYLE('',(#9101));
#9101 = SURFACE_STYLE_FILL_AREA(#9102);
#9102 = FILL_AREA_STYLE('',(#9103));
#9103 = FILL_AREA_STYLE_COLOUR('',#7466);
#9104 = STYLED_ITEM('color',(#9105),#5254);
#9105 = PRESENTATION_STYLE_ASSIGNMENT((#9106));
#9106 = SURFACE_STYLE_USAGE(.BOTH.,#9107);
#9107 = SURFACE_SIDE_STYLE('',(#9108));
#9108 = SURFACE_STYLE_FILL_AREA(#9109);
#9109 = FILL_AREA_STYLE('',(#9110));
#9110 = FILL_AREA_STYLE_COLOUR('',#7466);
ENDSEC;
END-ISO-10303-21;
