ISO-10303-21;
HEADER;
FILE_DESCRIPTION((''),'2;1');
FILE_NAME('C-6-1419102-0','2022-05-13T06:06:17',('workeradm'),(
'TE Connectivity Ltd.'),'CREO PARAMETRIC BY PTC INC, 2021072',
'CREO PARAMETRIC BY PTC INC, 2021072','');
FILE_SCHEMA(('AUTOMOTIVE_DESIGN { 1 0 10303 214 1 1 1 1 }'));
ENDSEC;
DATA;
#2=DIRECTION('',(0.E0,0.E0,-1.E0));
#3=VECTOR('',#2,1.8029936E1);
#4=CARTESIAN_POINT('',(-1.3714984E1,1.5619984E1,-7.62E0));
#5=LINE('',#4,#3);
#6=DIRECTION('',(0.E0,1.E0,0.E0));
#7=VECTOR('',#6,9.525E0);
#8=CARTESIAN_POINT('',(-1.3714984E1,6.094984E0,-7.62E0));
#9=LINE('',#8,#7);
#10=DIRECTION('',(0.E0,0.E0,-1.E0));
#11=VECTOR('',#10,7.62E0);
#12=CARTESIAN_POINT('',(-1.3714984E1,6.094984E0,0.E0));
#13=LINE('',#12,#11);
#14=DIRECTION('',(0.E0,-1.E0,0.E0));
#15=VECTOR('',#14,1.016E1);
#16=CARTESIAN_POINT('',(-1.3714984E1,6.094984E0,0.E0));
#17=LINE('',#16,#15);
#18=DIRECTION('',(0.E0,0.E0,-1.E0));
#19=VECTOR('',#18,7.62E0);
#20=CARTESIAN_POINT('',(-1.3714984E1,-4.065016E0,0.E0));
#21=LINE('',#20,#19);
#22=DIRECTION('',(0.E0,1.E0,0.E0));
#23=VECTOR('',#22,1.524E0);
#24=CARTESIAN_POINT('',(-1.3714984E1,-5.589016E0,-7.62E0));
#25=LINE('',#24,#23);
#26=DIRECTION('',(0.E0,0.E0,-1.E0));
#27=VECTOR('',#26,7.62E0);
#28=CARTESIAN_POINT('',(-1.3714984E1,-5.589016E0,0.E0));
#29=LINE('',#28,#27);
#30=DIRECTION('',(0.E0,-1.E0,0.E0));
#31=VECTOR('',#30,1.0030968E1);
#32=CARTESIAN_POINT('',(-1.3714984E1,-5.589016E0,0.E0));
#33=LINE('',#32,#31);
#34=DIRECTION('',(0.E0,0.E0,1.E0));
#35=VECTOR('',#34,2.5649936E1);
#36=CARTESIAN_POINT('',(-1.3714984E1,-1.5619984E1,-2.5649936E1));
#37=LINE('',#36,#35);
#38=DIRECTION('',(0.E0,0.E0,1.E0));
#39=VECTOR('',#38,2.290064E0);
#40=CARTESIAN_POINT('',(-1.3714984E1,-2.2731984E1,-2.794E1));
#41=LINE('',#40,#39);
#42=DIRECTION('',(0.E0,1.E0,0.E0));
#43=VECTOR('',#42,4.5463968E1);
#44=CARTESIAN_POINT('',(-1.3714984E1,-2.2731984E1,-2.794E1));
#45=LINE('',#44,#43);
#46=DIRECTION('',(0.E0,0.E0,1.E0));
#47=VECTOR('',#46,2.290064E0);
#48=CARTESIAN_POINT('',(-1.3714984E1,2.2731984E1,-2.794E1));
#49=LINE('',#48,#47);
#50=DIRECTION('',(7.071067811865E-1,7.071067811865E-1,0.E0));
#51=VECTOR('',#50,3.019162107903E0);
#52=CARTESIAN_POINT('',(-1.3714984E1,1.5619984E1,-2.5649936E1));
#53=LINE('',#52,#51);
#54=DIRECTION('',(1.E0,0.E0,0.E0));
#55=VECTOR('',#54,2.3160228E1);
#56=CARTESIAN_POINT('',(-1.1580114E1,1.7754854E1,-2.5649936E1));
#57=LINE('',#56,#55);
#58=DIRECTION('',(0.E0,1.E0,0.E0));
#59=VECTOR('',#58,7.112E0);
#60=CARTESIAN_POINT('',(-1.3714984E1,1.5619984E1,-2.5649936E1));
#61=LINE('',#60,#59);
#62=DIRECTION('',(7.071067811865E-1,7.071067811865E-1,0.E0));
#63=VECTOR('',#62,3.412497326006E0);
#64=CARTESIAN_POINT('',(-1.3714984E1,2.2731984E1,-2.5649936E1));
#65=LINE('',#64,#63);
#66=DIRECTION('',(1.E0,0.E0,0.E0));
#67=VECTOR('',#66,9.501886E0);
#68=CARTESIAN_POINT('',(-1.1301984E1,2.5144984E1,-2.5649936E1));
#69=LINE('',#68,#67);
#70=DIRECTION('',(0.E0,-1.E0,0.E0));
#71=VECTOR('',#70,3.389884E0);
#72=CARTESIAN_POINT('',(-1.800098E0,2.5144984E1,-2.5649936E1));
#73=LINE('',#72,#71);
#74=CARTESIAN_POINT('',(0.E0,2.17551E1,-2.5649936E1));
#75=DIRECTION('',(0.E0,0.E0,1.E0));
#76=DIRECTION('',(-1.E0,0.E0,0.E0));
#77=AXIS2_PLACEMENT_3D('',#74,#75,#76);
#79=DIRECTION('',(0.E0,-1.E0,0.E0));
#80=VECTOR('',#79,3.389884E0);
#81=CARTESIAN_POINT('',(1.800098E0,2.5144984E1,-2.5649936E1));
#82=LINE('',#81,#80);
#83=DIRECTION('',(1.E0,0.E0,0.E0));
#84=VECTOR('',#83,9.501886E0);
#85=CARTESIAN_POINT('',(1.800098E0,2.5144984E1,-2.5649936E1));
#86=LINE('',#85,#84);
#87=DIRECTION('',(7.071067811865E-1,-7.071067811865E-1,0.E0));
#88=VECTOR('',#87,3.412497326006E0);
#89=CARTESIAN_POINT('',(1.1301984E1,2.5144984E1,-2.5649936E1));
#90=LINE('',#89,#88);
#91=DIRECTION('',(0.E0,-1.E0,0.E0));
#92=VECTOR('',#91,7.112E0);
#93=CARTESIAN_POINT('',(1.3714984E1,2.2731984E1,-2.5649936E1));
#94=LINE('',#93,#92);
#95=CARTESIAN_POINT('',(-1.3079984E1,1.6254984E1,-2.4150066E1));
#96=CARTESIAN_POINT('',(-1.3079984E1,1.6254984E1,-2.430094127066E1));
#97=CARTESIAN_POINT('',(-1.303934976402E1,1.629561823598E1,-2.454522632435E1));
#98=CARTESIAN_POINT('',(-1.288642622654E1,1.644854177346E1,-2.493246086627E1));
#99=CARTESIAN_POINT('',(-1.260346423940E1,1.673150376060E1,-2.528666853972E1));
#100=CARTESIAN_POINT('',(-1.216083689001E1,1.717413110999E1,-2.556595056309E1));
#101=CARTESIAN_POINT('',(-1.179348385399E1,1.754148414601E1,-2.5649936E1));
#102=CARTESIAN_POINT('',(-1.1580114E1,1.7754854E1,-2.5649936E1));
#104=CARTESIAN_POINT('',(1.1580114E1,1.7754854E1,-2.5649936E1));
#105=CARTESIAN_POINT('',(1.179348385399E1,1.754148414601E1,-2.5649936E1));
#106=CARTESIAN_POINT('',(1.216083689001E1,1.717413110999E1,-2.556595056309E1));
#107=CARTESIAN_POINT('',(1.260346423940E1,1.673150376060E1,-2.528666853972E1));
#108=CARTESIAN_POINT('',(1.288642622654E1,1.644854177346E1,-2.493246086627E1));
#109=CARTESIAN_POINT('',(1.303934976402E1,1.629561823598E1,-2.454522632435E1));
#110=CARTESIAN_POINT('',(1.3079984E1,1.6254984E1,-2.430094127066E1));
#111=CARTESIAN_POINT('',(1.3079984E1,1.6254984E1,-2.4150066E1));
#113=DIRECTION('',(1.E0,0.E0,0.E0));
#114=VECTOR('',#113,2.6159968E1);
#115=CARTESIAN_POINT('',(-1.3079984E1,1.6254984E1,-2.4150066E1));
#116=LINE('',#115,#114);
#117=DIRECTION('',(0.E0,0.E0,1.E0));
#118=VECTOR('',#117,2.4150066E1);
#119=CARTESIAN_POINT('',(1.3079984E1,1.6254984E1,-2.4150066E1));
#120=LINE('',#119,#118);
#121=DIRECTION('',(0.E0,0.E0,-1.E0));
#122=VECTOR('',#121,7.62E0);
#123=CARTESIAN_POINT('',(1.065784E0,1.6254984E1,0.E0));
#124=LINE('',#123,#122);
#125=DIRECTION('',(1.E0,0.E0,0.E0));
#126=VECTOR('',#125,1.4145768E1);
#127=CARTESIAN_POINT('',(-1.3079984E1,1.6254984E1,-7.62E0));
#128=LINE('',#127,#126);
#129=DIRECTION('',(0.E0,0.E0,-1.E0));
#130=VECTOR('',#129,1.6530066E1);
#131=CARTESIAN_POINT('',(-1.3079984E1,1.6254984E1,-7.62E0));
#132=LINE('',#131,#130);
#133=DIRECTION('',(7.071067811865E-1,-7.071067811865E-1,0.E0));
#134=VECTOR('',#133,3.019162107903E0);
#135=CARTESIAN_POINT('',(1.1580114E1,1.7754854E1,-2.5649936E1));
#136=LINE('',#135,#134);
#137=DIRECTION('',(0.E0,0.E0,1.E0));
#138=VECTOR('',#137,2.5649936E1);
#139=CARTESIAN_POINT('',(1.3714984E1,1.5619984E1,-2.5649936E1));
#140=LINE('',#139,#138);
#141=DIRECTION('',(0.E0,0.E0,1.E0));
#142=VECTOR('',#141,2.290064E0);
#143=CARTESIAN_POINT('',(1.3714984E1,2.2731984E1,-2.794E1));
#144=LINE('',#143,#142);
#145=DIRECTION('',(0.E0,1.E0,0.E0));
#146=VECTOR('',#145,4.5463968E1);
#147=CARTESIAN_POINT('',(1.3714984E1,-2.2731984E1,-2.794E1));
#148=LINE('',#147,#146);
#149=DIRECTION('',(0.E0,0.E0,1.E0));
#150=VECTOR('',#149,2.290064E0);
#151=CARTESIAN_POINT('',(1.3714984E1,-2.2731984E1,-2.794E1));
#152=LINE('',#151,#150);
#153=DIRECTION('',(0.E0,0.E0,-1.E0));
#154=VECTOR('',#153,1.8029936E1);
#155=CARTESIAN_POINT('',(1.3714984E1,-1.5619984E1,-7.62E0));
#156=LINE('',#155,#154);
#157=DIRECTION('',(0.E0,1.E0,0.E0));
#158=VECTOR('',#157,1.6634968E1);
#159=CARTESIAN_POINT('',(1.3714984E1,-1.5619984E1,-7.62E0));
#160=LINE('',#159,#158);
#161=DIRECTION('',(0.E0,0.E0,-1.E0));
#162=VECTOR('',#161,7.62E0);
#163=CARTESIAN_POINT('',(1.3714984E1,1.014984E0,0.E0));
#164=LINE('',#163,#162);
#165=DIRECTION('',(0.E0,-1.E0,0.E0));
#166=VECTOR('',#165,1.4224E0);
#167=CARTESIAN_POINT('',(1.3714984E1,2.437384E0,0.E0));
#168=LINE('',#167,#166);
#169=DIRECTION('',(0.E0,0.E0,-1.E0));
#170=VECTOR('',#169,7.62E0);
#171=CARTESIAN_POINT('',(1.3714984E1,2.437384E0,0.E0));
#172=LINE('',#171,#170);
#173=DIRECTION('',(0.E0,1.E0,0.E0));
#174=VECTOR('',#173,1.524E0);
#175=CARTESIAN_POINT('',(1.3714984E1,2.437384E0,-7.62E0));
#176=LINE('',#175,#174);
#177=DIRECTION('',(0.E0,0.E0,-1.E0));
#178=VECTOR('',#177,7.62E0);
#179=CARTESIAN_POINT('',(1.3714984E1,3.961384E0,0.E0));
#180=LINE('',#179,#178);
#181=DIRECTION('',(0.E0,-1.E0,0.E0));
#182=VECTOR('',#181,5.969E0);
#183=CARTESIAN_POINT('',(1.3714984E1,9.930384E0,0.E0));
#184=LINE('',#183,#182);
#185=DIRECTION('',(0.E0,0.E0,-1.E0));
#186=VECTOR('',#185,7.62E0);
#187=CARTESIAN_POINT('',(1.3714984E1,9.930384E0,0.E0));
#188=LINE('',#187,#186);
#189=DIRECTION('',(0.E0,1.E0,0.E0));
#190=VECTOR('',#189,1.524E0);
#191=CARTESIAN_POINT('',(1.3714984E1,9.930384E0,-7.62E0));
#192=LINE('',#191,#190);
#193=DIRECTION('',(0.E0,0.E0,-1.E0));
#194=VECTOR('',#193,7.62E0);
#195=CARTESIAN_POINT('',(1.3714984E1,1.1454384E1,0.E0));
#196=LINE('',#195,#194);
#197=DIRECTION('',(0.E0,-1.E0,0.E0));
#198=VECTOR('',#197,4.1656E0);
#199=CARTESIAN_POINT('',(1.3714984E1,1.5619984E1,0.E0));
#200=LINE('',#199,#198);
#201=DIRECTION('',(7.071067811865E-1,-7.071067811865E-1,0.E0));
#202=VECTOR('',#201,3.412497326006E0);
#203=CARTESIAN_POINT('',(1.1301984E1,2.5144984E1,-2.794E1));
#204=LINE('',#203,#202);
#205=DIRECTION('',(0.E0,-1.E0,0.E0));
#206=VECTOR('',#205,3.389884E0);
#207=CARTESIAN_POINT('',(1.800098E0,2.5144984E1,-2.794E1));
#208=LINE('',#207,#206);
#209=CARTESIAN_POINT('',(0.E0,2.17551E1,-2.794E1));
#210=DIRECTION('',(0.E0,0.E0,1.E0));
#211=DIRECTION('',(-1.E0,0.E0,0.E0));
#212=AXIS2_PLACEMENT_3D('',#209,#210,#211);
#214=DIRECTION('',(0.E0,-1.E0,0.E0));
#215=VECTOR('',#214,3.389884E0);
#216=CARTESIAN_POINT('',(-1.800098E0,2.5144984E1,-2.794E1));
#217=LINE('',#216,#215);
#218=DIRECTION('',(7.071067811865E-1,7.071067811865E-1,0.E0));
#219=VECTOR('',#218,3.412497326006E0);
#220=CARTESIAN_POINT('',(-1.3714984E1,2.2731984E1,-2.794E1));
#221=LINE('',#220,#219);
#222=DIRECTION('',(-7.071067811865E-1,7.071067811865E-1,0.E0));
#223=VECTOR('',#222,3.412497326006E0);
#224=CARTESIAN_POINT('',(-1.1301984E1,-2.5144984E1,-2.794E1));
#225=LINE('',#224,#223);
#226=DIRECTION('',(1.E0,0.E0,0.E0));
#227=VECTOR('',#226,9.501886E0);
#228=CARTESIAN_POINT('',(-1.1301984E1,-2.5144984E1,-2.794E1));
#229=LINE('',#228,#227);
#230=DIRECTION('',(0.E0,1.E0,0.E0));
#231=VECTOR('',#230,3.389884E0);
#232=CARTESIAN_POINT('',(-1.800098E0,-2.5144984E1,-2.794E1));
#233=LINE('',#232,#231);
#234=CARTESIAN_POINT('',(0.E0,-2.17551E1,-2.794E1));
#235=DIRECTION('',(0.E0,0.E0,1.E0));
#236=DIRECTION('',(1.E0,0.E0,0.E0));
#237=AXIS2_PLACEMENT_3D('',#234,#235,#236);
#239=DIRECTION('',(0.E0,1.E0,0.E0));
#240=VECTOR('',#239,3.389884E0);
#241=CARTESIAN_POINT('',(1.800098E0,-2.5144984E1,-2.794E1));
#242=LINE('',#241,#240);
#243=DIRECTION('',(1.E0,0.E0,0.E0));
#244=VECTOR('',#243,9.501886E0);
#245=CARTESIAN_POINT('',(1.800098E0,-2.5144984E1,-2.794E1));
#246=LINE('',#245,#244);
#247=DIRECTION('',(-7.071067811865E-1,-7.071067811865E-1,0.E0));
#248=VECTOR('',#247,3.412497326006E0);
#249=CARTESIAN_POINT('',(1.3714984E1,-2.2731984E1,-2.794E1));
#250=LINE('',#249,#248);
#251=DIRECTION('',(0.E0,0.E0,1.E0));
#252=VECTOR('',#251,2.290064E0);
#253=CARTESIAN_POINT('',(1.1301984E1,2.5144984E1,-2.794E1));
#254=LINE('',#253,#252);
#255=DIRECTION('',(0.E0,0.E0,1.E0));
#256=VECTOR('',#255,2.290064E0);
#257=CARTESIAN_POINT('',(1.800098E0,2.5144984E1,-2.794E1));
#258=LINE('',#257,#256);
#259=DIRECTION('',(1.E0,0.E0,0.E0));
#260=VECTOR('',#259,9.501886E0);
#261=CARTESIAN_POINT('',(1.800098E0,2.5144984E1,-2.794E1));
#262=LINE('',#261,#260);
#263=DIRECTION('',(0.E0,0.E0,1.E0));
#264=VECTOR('',#263,2.290064E0);
#265=CARTESIAN_POINT('',(-1.1301984E1,2.5144984E1,-2.794E1));
#266=LINE('',#265,#264);
#267=DIRECTION('',(1.E0,0.E0,0.E0));
#268=VECTOR('',#267,9.501886E0);
#269=CARTESIAN_POINT('',(-1.1301984E1,2.5144984E1,-2.794E1));
#270=LINE('',#269,#268);
#271=DIRECTION('',(0.E0,0.E0,1.E0));
#272=VECTOR('',#271,2.290064E0);
#273=CARTESIAN_POINT('',(-1.800098E0,2.5144984E1,-2.794E1));
#274=LINE('',#273,#272);
#275=DIRECTION('',(0.E0,0.E0,-1.E0));
#276=VECTOR('',#275,2.290064E0);
#277=CARTESIAN_POINT('',(1.800098E0,2.17551E1,-2.5649936E1));
#278=LINE('',#277,#276);
#279=DIRECTION('',(0.E0,0.E0,-1.E0));
#280=VECTOR('',#279,2.290064E0);
#281=CARTESIAN_POINT('',(-1.800098E0,2.17551E1,-2.5649936E1));
#282=LINE('',#281,#280);
#283=DIRECTION('',(1.E0,0.E0,0.E0));
#284=VECTOR('',#283,2.3160228E1);
#285=CARTESIAN_POINT('',(-1.1580114E1,-1.7754854E1,-2.5649936E1));
#286=LINE('',#285,#284);
#287=DIRECTION('',(0.E0,-1.E0,0.E0));
#288=VECTOR('',#287,7.112E0);
#289=CARTESIAN_POINT('',(1.3714984E1,-1.5619984E1,-2.5649936E1));
#290=LINE('',#289,#288);
#291=DIRECTION('',(-7.071067811865E-1,-7.071067811865E-1,0.E0));
#292=VECTOR('',#291,3.412497326006E0);
#293=CARTESIAN_POINT('',(1.3714984E1,-2.2731984E1,-2.5649936E1));
#294=LINE('',#293,#292);
#295=DIRECTION('',(0.E0,1.E0,0.E0));
#296=VECTOR('',#295,3.389884E0);
#297=CARTESIAN_POINT('',(1.800098E0,-2.5144984E1,-2.5649936E1));
#298=LINE('',#297,#296);
#299=CARTESIAN_POINT('',(0.E0,-2.17551E1,-2.5649936E1));
#300=DIRECTION('',(0.E0,0.E0,1.E0));
#301=DIRECTION('',(1.E0,0.E0,0.E0));
#302=AXIS2_PLACEMENT_3D('',#299,#300,#301);
#304=DIRECTION('',(0.E0,1.E0,0.E0));
#305=VECTOR('',#304,3.389884E0);
#306=CARTESIAN_POINT('',(-1.800098E0,-2.5144984E1,-2.5649936E1));
#307=LINE('',#306,#305);
#308=DIRECTION('',(-7.071067811865E-1,7.071067811865E-1,0.E0));
#309=VECTOR('',#308,3.412497326006E0);
#310=CARTESIAN_POINT('',(-1.1301984E1,-2.5144984E1,-2.5649936E1));
#311=LINE('',#310,#309);
#312=DIRECTION('',(0.E0,1.E0,0.E0));
#313=VECTOR('',#312,7.112E0);
#314=CARTESIAN_POINT('',(-1.3714984E1,-2.2731984E1,-2.5649936E1));
#315=LINE('',#314,#313);
#316=CARTESIAN_POINT('',(-1.1580114E1,-1.7754854E1,-2.5649936E1));
#317=CARTESIAN_POINT('',(-1.179348385399E1,-1.754148414601E1,-2.5649936E1));
#318=CARTESIAN_POINT('',(-1.216083689001E1,-1.717413110999E1,
-2.556595056309E1));
#319=CARTESIAN_POINT('',(-1.260346423940E1,-1.673150376060E1,
-2.528666853972E1));
#320=CARTESIAN_POINT('',(-1.288642622654E1,-1.644854177346E1,
-2.493246086627E1));
#321=CARTESIAN_POINT('',(-1.303934976402E1,-1.629561823598E1,
-2.454522632435E1));
#322=CARTESIAN_POINT('',(-1.3079984E1,-1.6254984E1,-2.430094127066E1));
#323=CARTESIAN_POINT('',(-1.3079984E1,-1.6254984E1,-2.4150066E1));
#325=CARTESIAN_POINT('',(1.3079984E1,-1.6254984E1,-2.4150066E1));
#326=CARTESIAN_POINT('',(1.3079984E1,-1.6254984E1,-2.430094127066E1));
#327=CARTESIAN_POINT('',(1.303934976402E1,-1.629561823598E1,-2.454522632435E1));
#328=CARTESIAN_POINT('',(1.288642622654E1,-1.644854177346E1,-2.493246086627E1));
#329=CARTESIAN_POINT('',(1.260346423940E1,-1.673150376060E1,-2.528666853972E1));
#330=CARTESIAN_POINT('',(1.216083689001E1,-1.717413110999E1,-2.556595056309E1));
#331=CARTESIAN_POINT('',(1.179348385399E1,-1.754148414601E1,-2.5649936E1));
#332=CARTESIAN_POINT('',(1.1580114E1,-1.7754854E1,-2.5649936E1));
#334=DIRECTION('',(-7.071067811865E-1,7.071067811865E-1,0.E0));
#335=VECTOR('',#334,3.019162107903E0);
#336=CARTESIAN_POINT('',(-1.1580114E1,-1.7754854E1,-2.5649936E1));
#337=LINE('',#336,#335);
#338=DIRECTION('',(1.E0,0.E0,0.E0));
#339=VECTOR('',#338,2.6159968E1);
#340=CARTESIAN_POINT('',(-1.3079984E1,-1.6254984E1,-2.4150066E1));
#341=LINE('',#340,#339);
#342=DIRECTION('',(0.E0,0.E0,1.E0));
#343=VECTOR('',#342,2.4150066E1);
#344=CARTESIAN_POINT('',(-1.3079984E1,-1.6254984E1,-2.4150066E1));
#345=LINE('',#344,#343);
#346=DIRECTION('',(1.E0,0.E0,0.E0));
#347=VECTOR('',#346,7.4168E0);
#348=CARTESIAN_POINT('',(-1.3079984E1,-1.6254984E1,0.E0));
#349=LINE('',#348,#347);
#350=DIRECTION('',(0.E0,0.E0,-1.E0));
#351=VECTOR('',#350,7.62E0);
#352=CARTESIAN_POINT('',(-5.663184E0,-1.6254984E1,0.E0));
#353=LINE('',#352,#351);
#354=DIRECTION('',(1.E0,0.E0,0.E0));
#355=VECTOR('',#354,1.524E0);
#356=CARTESIAN_POINT('',(-5.663184E0,-1.6254984E1,-7.62E0));
#357=LINE('',#356,#355);
#358=DIRECTION('',(0.E0,0.E0,-1.E0));
#359=VECTOR('',#358,7.62E0);
#360=CARTESIAN_POINT('',(-4.139184E0,-1.6254984E1,0.E0));
#361=LINE('',#360,#359);
#362=DIRECTION('',(1.E0,0.E0,0.E0));
#363=VECTOR('',#362,8.8138E0);
#364=CARTESIAN_POINT('',(-4.139184E0,-1.6254984E1,0.E0));
#365=LINE('',#364,#363);
#366=DIRECTION('',(0.E0,0.E0,-1.E0));
#367=VECTOR('',#366,7.62E0);
#368=CARTESIAN_POINT('',(4.674616E0,-1.6254984E1,0.E0));
#369=LINE('',#368,#367);
#370=DIRECTION('',(1.E0,0.E0,0.E0));
#371=VECTOR('',#370,1.524E0);
#372=CARTESIAN_POINT('',(4.674616E0,-1.6254984E1,-7.62E0));
#373=LINE('',#372,#371);
#374=DIRECTION('',(0.E0,0.E0,-1.E0));
#375=VECTOR('',#374,7.62E0);
#376=CARTESIAN_POINT('',(6.198616E0,-1.6254984E1,0.E0));
#377=LINE('',#376,#375);
#378=DIRECTION('',(1.E0,0.E0,0.E0));
#379=VECTOR('',#378,1.4224E0);
#380=CARTESIAN_POINT('',(6.198616E0,-1.6254984E1,0.E0));
#381=LINE('',#380,#379);
#382=DIRECTION('',(0.E0,0.E0,-1.E0));
#383=VECTOR('',#382,7.62E0);
#384=CARTESIAN_POINT('',(7.621016E0,-1.6254984E1,0.E0));
#385=LINE('',#384,#383);
#386=DIRECTION('',(1.E0,0.E0,0.E0));
#387=VECTOR('',#386,5.458968E0);
#388=CARTESIAN_POINT('',(7.621016E0,-1.6254984E1,-7.62E0));
#389=LINE('',#388,#387);
#390=DIRECTION('',(0.E0,0.E0,-1.E0));
#391=VECTOR('',#390,1.6530066E1);
#392=CARTESIAN_POINT('',(1.3079984E1,-1.6254984E1,-7.62E0));
#393=LINE('',#392,#391);
#394=DIRECTION('',(-7.071067811865E-1,7.071067811865E-1,0.E0));
#395=VECTOR('',#394,8.980256121069E-1);
#396=CARTESIAN_POINT('',(1.3714984E1,1.5619984E1,0.E0));
#397=LINE('',#396,#395);
#398=DIRECTION('',(-1.E0,0.E0,0.E0));
#399=VECTOR('',#398,6.35E-1);
#400=CARTESIAN_POINT('',(1.3714984E1,1.1454384E1,0.E0));
#401=LINE('',#400,#399);
#402=DIRECTION('',(0.E0,1.E0,0.E0));
#403=VECTOR('',#402,4.1656E0);
#404=CARTESIAN_POINT('',(1.3079984E1,1.1454384E1,0.E0));
#405=LINE('',#404,#403);
#406=DIRECTION('',(-1.E0,0.E0,0.E0));
#407=VECTOR('',#406,1.05918E1);
#408=CARTESIAN_POINT('',(1.3079984E1,1.5619984E1,0.E0));
#409=LINE('',#408,#407);
#410=DIRECTION('',(0.E0,-1.E0,0.E0));
#411=VECTOR('',#410,5.6896E0);
#412=CARTESIAN_POINT('',(2.488184E0,1.5619984E1,0.E0));
#413=LINE('',#412,#411);
#414=DIRECTION('',(-1.E0,0.E0,0.E0));
#415=VECTOR('',#414,1.12268E1);
#416=CARTESIAN_POINT('',(1.3714984E1,9.930384E0,0.E0));
#417=LINE('',#416,#415);
#418=DIRECTION('',(-1.E0,0.E0,0.E0));
#419=VECTOR('',#418,6.35E-1);
#420=CARTESIAN_POINT('',(1.3714984E1,3.961384E0,0.E0));
#421=LINE('',#420,#419);
#422=DIRECTION('',(0.E0,1.E0,0.E0));
#423=VECTOR('',#422,4.064E0);
#424=CARTESIAN_POINT('',(1.3079984E1,3.961384E0,0.E0));
#425=LINE('',#424,#423);
#426=DIRECTION('',(-1.E0,0.E0,0.E0));
#427=VECTOR('',#426,1.05918E1);
#428=CARTESIAN_POINT('',(1.3079984E1,8.025384E0,0.E0));
#429=LINE('',#428,#427);
#430=DIRECTION('',(0.E0,-1.E0,0.E0));
#431=VECTOR('',#430,5.588E0);
#432=CARTESIAN_POINT('',(2.488184E0,8.025384E0,0.E0));
#433=LINE('',#432,#431);
#434=DIRECTION('',(-1.E0,0.E0,0.E0));
#435=VECTOR('',#434,1.12268E1);
#436=CARTESIAN_POINT('',(1.3714984E1,2.437384E0,0.E0));
#437=LINE('',#436,#435);
#438=DIRECTION('',(-1.E0,0.E0,0.E0));
#439=VECTOR('',#438,1.9555968E1);
#440=CARTESIAN_POINT('',(1.3714984E1,1.014984E0,0.E0));
#441=LINE('',#440,#439);
#442=DIRECTION('',(0.E0,-1.E0,0.E0));
#443=VECTOR('',#442,6.604E0);
#444=CARTESIAN_POINT('',(-5.840984E0,1.014984E0,0.E0));
#445=LINE('',#444,#443);
#446=DIRECTION('',(1.E0,0.E0,0.E0));
#447=VECTOR('',#446,1.3462E1);
#448=CARTESIAN_POINT('',(-5.840984E0,-5.589016E0,0.E0));
#449=LINE('',#448,#447);
#450=DIRECTION('',(0.E0,1.E0,0.E0));
#451=VECTOR('',#450,1.0665968E1);
#452=CARTESIAN_POINT('',(7.621016E0,-1.6254984E1,0.E0));
#453=LINE('',#452,#451);
#454=DIRECTION('',(0.E0,1.E0,0.E0));
#455=VECTOR('',#454,8.760968E0);
#456=CARTESIAN_POINT('',(6.198616E0,-1.6254984E1,0.E0));
#457=LINE('',#456,#455);
#458=DIRECTION('',(-1.E0,0.E0,0.E0));
#459=VECTOR('',#458,8.4328E0);
#460=CARTESIAN_POINT('',(6.198616E0,-7.494016E0,0.E0));
#461=LINE('',#460,#459);
#462=DIRECTION('',(0.E0,-1.E0,0.E0));
#463=VECTOR('',#462,6.855968E0);
#464=CARTESIAN_POINT('',(-2.234184E0,-7.494016E0,0.E0));
#465=LINE('',#464,#463);
#466=DIRECTION('',(1.E0,0.E0,0.E0));
#467=VECTOR('',#466,6.9088E0);
#468=CARTESIAN_POINT('',(-2.234184E0,-1.4349984E1,0.E0));
#469=LINE('',#468,#467);
#470=DIRECTION('',(0.E0,1.E0,0.E0));
#471=VECTOR('',#470,1.905E0);
#472=CARTESIAN_POINT('',(4.674616E0,-1.6254984E1,0.E0));
#473=LINE('',#472,#471);
#474=DIRECTION('',(0.E0,1.E0,0.E0));
#475=VECTOR('',#474,8.760968E0);
#476=CARTESIAN_POINT('',(-4.139184E0,-1.6254984E1,0.E0));
#477=LINE('',#476,#475);
#478=DIRECTION('',(-1.E0,0.E0,0.E0));
#479=VECTOR('',#478,8.4328E0);
#480=CARTESIAN_POINT('',(-4.139184E0,-7.494016E0,0.E0));
#481=LINE('',#480,#479);
#482=DIRECTION('',(0.E0,-1.E0,0.E0));
#483=VECTOR('',#482,6.855968E0);
#484=CARTESIAN_POINT('',(-1.2571984E1,-7.494016E0,0.E0));
#485=LINE('',#484,#483);
#486=DIRECTION('',(1.E0,0.E0,0.E0));
#487=VECTOR('',#486,6.9088E0);
#488=CARTESIAN_POINT('',(-1.2571984E1,-1.4349984E1,0.E0));
#489=LINE('',#488,#487);
#490=DIRECTION('',(0.E0,1.E0,0.E0));
#491=VECTOR('',#490,1.905E0);
#492=CARTESIAN_POINT('',(-5.663184E0,-1.6254984E1,0.E0));
#493=LINE('',#492,#491);
#494=DIRECTION('',(7.071067811865E-1,-7.071067811865E-1,0.E0));
#495=VECTOR('',#494,8.980256121069E-1);
#496=CARTESIAN_POINT('',(-1.3714984E1,-1.5619984E1,0.E0));
#497=LINE('',#496,#495);
#498=DIRECTION('',(1.E0,0.E0,0.E0));
#499=VECTOR('',#498,6.4516E0);
#500=CARTESIAN_POINT('',(-1.3714984E1,-5.589016E0,0.E0));
#501=LINE('',#500,#499);
#502=DIRECTION('',(0.E0,1.E0,0.E0));
#503=VECTOR('',#502,1.02616E1);
#504=CARTESIAN_POINT('',(-7.263384E0,-5.589016E0,0.E0));
#505=LINE('',#504,#503);
#506=DIRECTION('',(-1.E0,0.E0,0.E0));
#507=VECTOR('',#506,5.8166E0);
#508=CARTESIAN_POINT('',(-7.263384E0,4.672584E0,0.E0));
#509=LINE('',#508,#507);
#510=DIRECTION('',(0.E0,-1.E0,0.E0));
#511=VECTOR('',#510,8.7376E0);
#512=CARTESIAN_POINT('',(-1.3079984E1,4.672584E0,0.E0));
#513=LINE('',#512,#511);
#514=DIRECTION('',(1.E0,0.E0,0.E0));
#515=VECTOR('',#514,6.35E-1);
#516=CARTESIAN_POINT('',(-1.3714984E1,-4.065016E0,0.E0));
#517=LINE('',#516,#515);
#518=DIRECTION('',(1.E0,0.E0,0.E0));
#519=VECTOR('',#518,1.4780768E1);
#520=CARTESIAN_POINT('',(-1.3714984E1,6.094984E0,0.E0));
#521=LINE('',#520,#519);
#522=DIRECTION('',(0.E0,-1.E0,0.E0));
#523=VECTOR('',#522,1.016E1);
#524=CARTESIAN_POINT('',(1.065784E0,1.6254984E1,0.E0));
#525=LINE('',#524,#523);
#526=DIRECTION('',(1.E0,0.E0,0.E0));
#527=VECTOR('',#526,1.20142E1);
#528=CARTESIAN_POINT('',(1.065784E0,1.6254984E1,0.E0));
#529=LINE('',#528,#527);
#530=DIRECTION('',(-1.E0,0.E0,0.E0));
#531=VECTOR('',#530,6.35E-1);
#532=CARTESIAN_POINT('',(-1.3079984E1,-4.065016E0,-7.62E0));
#533=LINE('',#532,#531);
#534=DIRECTION('',(0.E0,-1.E0,0.E0));
#535=VECTOR('',#534,8.7376E0);
#536=CARTESIAN_POINT('',(-1.3079984E1,4.672584E0,-7.62E0));
#537=LINE('',#536,#535);
#538=DIRECTION('',(-1.E0,0.E0,0.E0));
#539=VECTOR('',#538,5.8166E0);
#540=CARTESIAN_POINT('',(-7.263384E0,4.672584E0,-7.62E0));
#541=LINE('',#540,#539);
#542=DIRECTION('',(0.E0,1.E0,0.E0));
#543=VECTOR('',#542,1.02616E1);
#544=CARTESIAN_POINT('',(-7.263384E0,-5.589016E0,-7.62E0));
#545=LINE('',#544,#543);
#546=DIRECTION('',(1.E0,0.E0,0.E0));
#547=VECTOR('',#546,6.4516E0);
#548=CARTESIAN_POINT('',(-1.3714984E1,-5.589016E0,-7.62E0));
#549=LINE('',#548,#547);
#550=DIRECTION('',(1.E0,0.E0,0.E0));
#551=VECTOR('',#550,1.12268E1);
#552=CARTESIAN_POINT('',(2.488184E0,2.437384E0,-7.62E0));
#553=LINE('',#552,#551);
#554=DIRECTION('',(0.E0,-1.E0,0.E0));
#555=VECTOR('',#554,5.588E0);
#556=CARTESIAN_POINT('',(2.488184E0,8.025384E0,-7.62E0));
#557=LINE('',#556,#555);
#558=DIRECTION('',(-1.E0,0.E0,0.E0));
#559=VECTOR('',#558,1.05918E1);
#560=CARTESIAN_POINT('',(1.3079984E1,8.025384E0,-7.62E0));
#561=LINE('',#560,#559);
#562=DIRECTION('',(0.E0,1.E0,0.E0));
#563=VECTOR('',#562,4.064E0);
#564=CARTESIAN_POINT('',(1.3079984E1,3.961384E0,-7.62E0));
#565=LINE('',#564,#563);
#566=DIRECTION('',(-1.E0,0.E0,0.E0));
#567=VECTOR('',#566,6.35E-1);
#568=CARTESIAN_POINT('',(1.3714984E1,3.961384E0,-7.62E0));
#569=LINE('',#568,#567);
#570=DIRECTION('',(1.E0,0.E0,0.E0));
#571=VECTOR('',#570,1.12268E1);
#572=CARTESIAN_POINT('',(2.488184E0,9.930384E0,-7.62E0));
#573=LINE('',#572,#571);
#574=DIRECTION('',(0.E0,-1.E0,0.E0));
#575=VECTOR('',#574,5.6896E0);
#576=CARTESIAN_POINT('',(2.488184E0,1.5619984E1,-7.62E0));
#577=LINE('',#576,#575);
#578=DIRECTION('',(-1.E0,0.E0,0.E0));
#579=VECTOR('',#578,1.05918E1);
#580=CARTESIAN_POINT('',(1.3079984E1,1.5619984E1,-7.62E0));
#581=LINE('',#580,#579);
#582=DIRECTION('',(0.E0,1.E0,0.E0));
#583=VECTOR('',#582,4.1656E0);
#584=CARTESIAN_POINT('',(1.3079984E1,1.1454384E1,-7.62E0));
#585=LINE('',#584,#583);
#586=DIRECTION('',(-1.E0,0.E0,0.E0));
#587=VECTOR('',#586,6.35E-1);
#588=CARTESIAN_POINT('',(1.3714984E1,1.1454384E1,-7.62E0));
#589=LINE('',#588,#587);
#590=DIRECTION('',(0.E0,-1.E0,0.E0));
#591=VECTOR('',#590,1.905E0);
#592=CARTESIAN_POINT('',(-5.663184E0,-1.4349984E1,-7.62E0));
#593=LINE('',#592,#591);
#594=DIRECTION('',(1.E0,0.E0,0.E0));
#595=VECTOR('',#594,6.9088E0);
#596=CARTESIAN_POINT('',(-1.2571984E1,-1.4349984E1,-7.62E0));
#597=LINE('',#596,#595);
#598=DIRECTION('',(0.E0,-1.E0,0.E0));
#599=VECTOR('',#598,6.855968E0);
#600=CARTESIAN_POINT('',(-1.2571984E1,-7.494016E0,-7.62E0));
#601=LINE('',#600,#599);
#602=DIRECTION('',(-1.E0,0.E0,0.E0));
#603=VECTOR('',#602,8.4328E0);
#604=CARTESIAN_POINT('',(-4.139184E0,-7.494016E0,-7.62E0));
#605=LINE('',#604,#603);
#606=DIRECTION('',(0.E0,1.E0,0.E0));
#607=VECTOR('',#606,8.760968E0);
#608=CARTESIAN_POINT('',(-4.139184E0,-1.6254984E1,-7.62E0));
#609=LINE('',#608,#607);
#610=DIRECTION('',(0.E0,-1.E0,0.E0));
#611=VECTOR('',#610,1.905E0);
#612=CARTESIAN_POINT('',(4.674616E0,-1.4349984E1,-7.62E0));
#613=LINE('',#612,#611);
#614=DIRECTION('',(1.E0,0.E0,0.E0));
#615=VECTOR('',#614,6.9088E0);
#616=CARTESIAN_POINT('',(-2.234184E0,-1.4349984E1,-7.62E0));
#617=LINE('',#616,#615);
#618=DIRECTION('',(0.E0,-1.E0,0.E0));
#619=VECTOR('',#618,6.855968E0);
#620=CARTESIAN_POINT('',(-2.234184E0,-7.494016E0,-7.62E0));
#621=LINE('',#620,#619);
#622=DIRECTION('',(-1.E0,0.E0,0.E0));
#623=VECTOR('',#622,8.4328E0);
#624=CARTESIAN_POINT('',(6.198616E0,-7.494016E0,-7.62E0));
#625=LINE('',#624,#623);
#626=DIRECTION('',(0.E0,1.E0,0.E0));
#627=VECTOR('',#626,8.760968E0);
#628=CARTESIAN_POINT('',(6.198616E0,-1.6254984E1,-7.62E0));
#629=LINE('',#628,#627);
#630=DIRECTION('',(0.E0,-1.E0,0.E0));
#631=VECTOR('',#630,8.10006E-1);
#632=CARTESIAN_POINT('',(3.584067E0,1.4032484E1,-7.62E0));
#633=LINE('',#632,#631);
#634=DIRECTION('',(1.E0,0.E0,0.E0));
#635=VECTOR('',#634,6.35E0);
#636=CARTESIAN_POINT('',(3.584067E0,1.3222478E1,-7.62E0));
#637=LINE('',#636,#635);
#638=DIRECTION('',(0.E0,1.E0,0.E0));
#639=VECTOR('',#638,8.10006E-1);
#640=CARTESIAN_POINT('',(9.934067E0,1.3222478E1,-7.62E0));
#641=LINE('',#640,#639);
#642=DIRECTION('',(-1.E0,0.E0,0.E0));
#643=VECTOR('',#642,6.35E0);
#644=CARTESIAN_POINT('',(9.934067E0,1.4032484E1,-7.62E0));
#645=LINE('',#644,#643);
#646=DIRECTION('',(0.E0,-1.E0,0.E0));
#647=VECTOR('',#646,6.35E0);
#648=CARTESIAN_POINT('',(-1.1555984E1,2.832481E0,-7.62E0));
#649=LINE('',#648,#647);
#650=DIRECTION('',(1.E0,0.E0,0.E0));
#651=VECTOR('',#650,8.10006E-1);
#652=CARTESIAN_POINT('',(-1.1555984E1,-3.517519E0,-7.62E0));
#653=LINE('',#652,#651);
#654=DIRECTION('',(0.E0,1.E0,0.E0));
#655=VECTOR('',#654,6.35E0);
#656=CARTESIAN_POINT('',(-1.0745978E1,-3.517519E0,-7.62E0));
#657=LINE('',#656,#655);
#658=DIRECTION('',(-1.E0,0.E0,0.E0));
#659=VECTOR('',#658,8.10006E-1);
#660=CARTESIAN_POINT('',(-1.0745978E1,2.832481E0,-7.62E0));
#661=LINE('',#660,#659);
#662=DIRECTION('',(0.E0,-1.E0,0.E0));
#663=VECTOR('',#662,8.10006E-1);
#664=CARTESIAN_POINT('',(3.584067E0,6.412484E0,-7.62E0));
#665=LINE('',#664,#663);
#666=DIRECTION('',(1.E0,0.E0,0.E0));
#667=VECTOR('',#666,6.35E0);
#668=CARTESIAN_POINT('',(3.584067E0,5.602478E0,-7.62E0));
#669=LINE('',#668,#667);
#670=DIRECTION('',(0.E0,1.E0,0.E0));
#671=VECTOR('',#670,8.10006E-1);
#672=CARTESIAN_POINT('',(9.934067E0,5.602478E0,-7.62E0));
#673=LINE('',#672,#671);
#674=DIRECTION('',(-1.E0,0.E0,0.E0));
#675=VECTOR('',#674,6.35E0);
#676=CARTESIAN_POINT('',(9.934067E0,6.412484E0,-7.62E0));
#677=LINE('',#676,#675);
#678=DIRECTION('',(0.E0,-1.E0,0.E0));
#679=VECTOR('',#678,5.08E-1);
#680=CARTESIAN_POINT('',(-8.26008E-1,-8.978519E0,-7.62E0));
#681=LINE('',#680,#679);
#682=DIRECTION('',(1.E0,0.E0,0.E0));
#683=VECTOR('',#682,4.750054E0);
#684=CARTESIAN_POINT('',(-8.26008E-1,-9.486519E0,-7.62E0));
#685=LINE('',#684,#683);
#686=DIRECTION('',(0.E0,1.E0,0.E0));
#687=VECTOR('',#686,5.08E-1);
#688=CARTESIAN_POINT('',(3.924046E0,-9.486519E0,-7.62E0));
#689=LINE('',#688,#687);
#690=DIRECTION('',(-1.E0,0.E0,0.E0));
#691=VECTOR('',#690,4.750054E0);
#692=CARTESIAN_POINT('',(3.924046E0,-8.978519E0,-7.62E0));
#693=LINE('',#692,#691);
#694=DIRECTION('',(0.E0,-1.E0,0.E0));
#695=VECTOR('',#694,5.08E-1);
#696=CARTESIAN_POINT('',(-1.0986008E1,-8.978519E0,-7.62E0));
#697=LINE('',#696,#695);
#698=DIRECTION('',(1.E0,0.E0,0.E0));
#699=VECTOR('',#698,4.750054E0);
#700=CARTESIAN_POINT('',(-1.0986008E1,-9.486519E0,-7.62E0));
#701=LINE('',#700,#699);
#702=DIRECTION('',(0.E0,1.E0,0.E0));
#703=VECTOR('',#702,5.08E-1);
#704=CARTESIAN_POINT('',(-6.235954E0,-9.486519E0,-7.62E0));
#705=LINE('',#704,#703);
#706=DIRECTION('',(-1.E0,0.E0,0.E0));
#707=VECTOR('',#706,4.750054E0);
#708=CARTESIAN_POINT('',(-6.235954E0,-8.978519E0,-7.62E0));
#709=LINE('',#708,#707);
#710=DIRECTION('',(-7.071067811866E-1,-7.071067811865E-1,0.E0));
#711=VECTOR('',#710,8.980256121069E-1);
#712=CARTESIAN_POINT('',(-1.3079984E1,1.6254984E1,-7.62E0));
#713=LINE('',#712,#711);
#714=DIRECTION('',(0.E0,1.E0,0.E0));
#715=VECTOR('',#714,1.016E1);
#716=CARTESIAN_POINT('',(1.065784E0,6.094984E0,-7.62E0));
#717=LINE('',#716,#715);
#718=DIRECTION('',(1.E0,0.E0,0.E0));
#719=VECTOR('',#718,1.4780768E1);
#720=CARTESIAN_POINT('',(-1.3714984E1,6.094984E0,-7.62E0));
#721=LINE('',#720,#719);
#722=DIRECTION('',(7.071067811866E-1,7.071067811865E-1,0.E0));
#723=VECTOR('',#722,8.980256121069E-1);
#724=CARTESIAN_POINT('',(1.3079984E1,-1.6254984E1,-7.62E0));
#725=LINE('',#724,#723);
#726=DIRECTION('',(0.E0,-1.E0,0.E0));
#727=VECTOR('',#726,1.0665968E1);
#728=CARTESIAN_POINT('',(7.621016E0,-5.589016E0,-7.62E0));
#729=LINE('',#728,#727);
#730=DIRECTION('',(1.E0,0.E0,0.E0));
#731=VECTOR('',#730,1.3462E1);
#732=CARTESIAN_POINT('',(-5.840984E0,-5.589016E0,-7.62E0));
#733=LINE('',#732,#731);
#734=DIRECTION('',(0.E0,-1.E0,0.E0));
#735=VECTOR('',#734,6.604E0);
#736=CARTESIAN_POINT('',(-5.840984E0,1.014984E0,-7.62E0));
#737=LINE('',#736,#735);
#738=DIRECTION('',(-1.E0,0.E0,0.E0));
#739=VECTOR('',#738,1.9555968E1);
#740=CARTESIAN_POINT('',(1.3714984E1,1.014984E0,-7.62E0));
#741=LINE('',#740,#739);
#742=DIRECTION('',(0.E0,0.E0,-1.E0));
#743=VECTOR('',#742,7.62E0);
#744=CARTESIAN_POINT('',(-1.3079984E1,-4.065016E0,0.E0));
#745=LINE('',#744,#743);
#746=DIRECTION('',(0.E0,0.E0,-1.E0));
#747=VECTOR('',#746,7.62E0);
#748=CARTESIAN_POINT('',(-1.3079984E1,4.672584E0,0.E0));
#749=LINE('',#748,#747);
#750=DIRECTION('',(0.E0,0.E0,-1.E0));
#751=VECTOR('',#750,7.62E0);
#752=CARTESIAN_POINT('',(-7.263384E0,4.672584E0,0.E0));
#753=LINE('',#752,#751);
#754=DIRECTION('',(0.E0,0.E0,-1.E0));
#755=VECTOR('',#754,7.62E0);
#756=CARTESIAN_POINT('',(-7.263384E0,-5.589016E0,0.E0));
#757=LINE('',#756,#755);
#758=DIRECTION('',(0.E0,0.E0,-1.E0));
#759=VECTOR('',#758,7.62E0);
#760=CARTESIAN_POINT('',(2.488184E0,2.437384E0,0.E0));
#761=LINE('',#760,#759);
#762=DIRECTION('',(0.E0,0.E0,-1.E0));
#763=VECTOR('',#762,7.62E0);
#764=CARTESIAN_POINT('',(2.488184E0,8.025384E0,0.E0));
#765=LINE('',#764,#763);
#766=DIRECTION('',(0.E0,0.E0,-1.E0));
#767=VECTOR('',#766,7.62E0);
#768=CARTESIAN_POINT('',(1.3079984E1,8.025384E0,0.E0));
#769=LINE('',#768,#767);
#770=DIRECTION('',(0.E0,0.E0,-1.E0));
#771=VECTOR('',#770,7.62E0);
#772=CARTESIAN_POINT('',(1.3079984E1,3.961384E0,0.E0));
#773=LINE('',#772,#771);
#774=DIRECTION('',(0.E0,0.E0,-1.E0));
#775=VECTOR('',#774,7.62E0);
#776=CARTESIAN_POINT('',(2.488184E0,9.930384E0,0.E0));
#777=LINE('',#776,#775);
#778=DIRECTION('',(0.E0,0.E0,-1.E0));
#779=VECTOR('',#778,7.62E0);
#780=CARTESIAN_POINT('',(2.488184E0,1.5619984E1,0.E0));
#781=LINE('',#780,#779);
#782=DIRECTION('',(0.E0,0.E0,-1.E0));
#783=VECTOR('',#782,7.62E0);
#784=CARTESIAN_POINT('',(1.3079984E1,1.5619984E1,0.E0));
#785=LINE('',#784,#783);
#786=DIRECTION('',(0.E0,0.E0,-1.E0));
#787=VECTOR('',#786,7.62E0);
#788=CARTESIAN_POINT('',(1.3079984E1,1.1454384E1,0.E0));
#789=LINE('',#788,#787);
#790=DIRECTION('',(0.E0,0.E0,-1.E0));
#791=VECTOR('',#790,7.62E0);
#792=CARTESIAN_POINT('',(-5.663184E0,-1.4349984E1,0.E0));
#793=LINE('',#792,#791);
#794=DIRECTION('',(0.E0,0.E0,-1.E0));
#795=VECTOR('',#794,7.62E0);
#796=CARTESIAN_POINT('',(-1.2571984E1,-1.4349984E1,0.E0));
#797=LINE('',#796,#795);
#798=DIRECTION('',(0.E0,0.E0,-1.E0));
#799=VECTOR('',#798,7.62E0);
#800=CARTESIAN_POINT('',(-1.2571984E1,-7.494016E0,0.E0));
#801=LINE('',#800,#799);
#802=DIRECTION('',(0.E0,0.E0,-1.E0));
#803=VECTOR('',#802,7.62E0);
#804=CARTESIAN_POINT('',(-4.139184E0,-7.494016E0,0.E0));
#805=LINE('',#804,#803);
#806=DIRECTION('',(0.E0,0.E0,-1.E0));
#807=VECTOR('',#806,7.62E0);
#808=CARTESIAN_POINT('',(4.674616E0,-1.4349984E1,0.E0));
#809=LINE('',#808,#807);
#810=DIRECTION('',(0.E0,0.E0,-1.E0));
#811=VECTOR('',#810,7.62E0);
#812=CARTESIAN_POINT('',(-2.234184E0,-1.4349984E1,0.E0));
#813=LINE('',#812,#811);
#814=DIRECTION('',(0.E0,0.E0,-1.E0));
#815=VECTOR('',#814,7.62E0);
#816=CARTESIAN_POINT('',(-2.234184E0,-7.494016E0,0.E0));
#817=LINE('',#816,#815);
#818=DIRECTION('',(0.E0,0.E0,-1.E0));
#819=VECTOR('',#818,7.62E0);
#820=CARTESIAN_POINT('',(6.198616E0,-7.494016E0,0.E0));
#821=LINE('',#820,#819);
#822=DIRECTION('',(0.E0,0.E0,1.E0));
#823=VECTOR('',#822,7.320026E0);
#824=CARTESIAN_POINT('',(3.584067E0,1.4032484E1,-7.62E0));
#825=LINE('',#824,#823);
#826=DIRECTION('',(0.E0,0.E0,1.E0));
#827=VECTOR('',#826,7.320026E0);
#828=CARTESIAN_POINT('',(9.934067E0,1.4032484E1,-7.62E0));
#829=LINE('',#828,#827);
#830=DIRECTION('',(0.E0,0.E0,1.E0));
#831=VECTOR('',#830,7.320026E0);
#832=CARTESIAN_POINT('',(9.934067E0,1.3222478E1,-7.62E0));
#833=LINE('',#832,#831);
#834=DIRECTION('',(0.E0,0.E0,1.E0));
#835=VECTOR('',#834,7.320026E0);
#836=CARTESIAN_POINT('',(3.584067E0,1.3222478E1,-7.62E0));
#837=LINE('',#836,#835);
#838=DIRECTION('',(0.E0,-1.E0,0.E0));
#839=VECTOR('',#838,8.10006E-1);
#840=CARTESIAN_POINT('',(3.584067E0,1.4032484E1,-2.99974E-1));
#841=LINE('',#840,#839);
#842=DIRECTION('',(-1.E0,0.E0,0.E0));
#843=VECTOR('',#842,6.35E0);
#844=CARTESIAN_POINT('',(9.934067E0,1.4032484E1,-2.99974E-1));
#845=LINE('',#844,#843);
#846=DIRECTION('',(0.E0,1.E0,0.E0));
#847=VECTOR('',#846,8.10006E-1);
#848=CARTESIAN_POINT('',(9.934067E0,1.3222478E1,-2.99974E-1));
#849=LINE('',#848,#847);
#850=DIRECTION('',(1.E0,0.E0,0.E0));
#851=VECTOR('',#850,6.35E0);
#852=CARTESIAN_POINT('',(3.584067E0,1.3222478E1,-2.99974E-1));
#853=LINE('',#852,#851);
#854=DIRECTION('',(0.E0,-1.E0,0.E0));
#855=VECTOR('',#854,6.35E0);
#856=CARTESIAN_POINT('',(-1.1555984E1,2.832481E0,-2.99974E-1));
#857=LINE('',#856,#855);
#858=DIRECTION('',(-1.E0,0.E0,0.E0));
#859=VECTOR('',#858,8.10006E-1);
#860=CARTESIAN_POINT('',(-1.0745978E1,2.832481E0,-2.99974E-1));
#861=LINE('',#860,#859);
#862=DIRECTION('',(0.E0,1.E0,0.E0));
#863=VECTOR('',#862,6.35E0);
#864=CARTESIAN_POINT('',(-1.0745978E1,-3.517519E0,-2.99974E-1));
#865=LINE('',#864,#863);
#866=DIRECTION('',(1.E0,0.E0,0.E0));
#867=VECTOR('',#866,8.10006E-1);
#868=CARTESIAN_POINT('',(-1.1555984E1,-3.517519E0,-2.99974E-1));
#869=LINE('',#868,#867);
#870=DIRECTION('',(0.E0,-1.E0,0.E0));
#871=VECTOR('',#870,8.10006E-1);
#872=CARTESIAN_POINT('',(3.584067E0,6.412484E0,-2.99974E-1));
#873=LINE('',#872,#871);
#874=DIRECTION('',(-1.E0,0.E0,0.E0));
#875=VECTOR('',#874,6.35E0);
#876=CARTESIAN_POINT('',(9.934067E0,6.412484E0,-2.99974E-1));
#877=LINE('',#876,#875);
#878=DIRECTION('',(0.E0,1.E0,0.E0));
#879=VECTOR('',#878,8.10006E-1);
#880=CARTESIAN_POINT('',(9.934067E0,5.602478E0,-2.99974E-1));
#881=LINE('',#880,#879);
#882=DIRECTION('',(1.E0,0.E0,0.E0));
#883=VECTOR('',#882,6.35E0);
#884=CARTESIAN_POINT('',(3.584067E0,5.602478E0,-2.99974E-1));
#885=LINE('',#884,#883);
#886=DIRECTION('',(0.E0,-1.E0,0.E0));
#887=VECTOR('',#886,5.08E-1);
#888=CARTESIAN_POINT('',(-8.26008E-1,-8.978519E0,-2.99974E-1));
#889=LINE('',#888,#887);
#890=DIRECTION('',(-1.E0,0.E0,0.E0));
#891=VECTOR('',#890,4.750054E0);
#892=CARTESIAN_POINT('',(3.924046E0,-8.978519E0,-2.99974E-1));
#893=LINE('',#892,#891);
#894=DIRECTION('',(0.E0,1.E0,0.E0));
#895=VECTOR('',#894,5.08E-1);
#896=CARTESIAN_POINT('',(3.924046E0,-9.486519E0,-2.99974E-1));
#897=LINE('',#896,#895);
#898=DIRECTION('',(1.E0,0.E0,0.E0));
#899=VECTOR('',#898,4.750054E0);
#900=CARTESIAN_POINT('',(-8.26008E-1,-9.486519E0,-2.99974E-1));
#901=LINE('',#900,#899);
#902=DIRECTION('',(0.E0,-1.E0,0.E0));
#903=VECTOR('',#902,5.08E-1);
#904=CARTESIAN_POINT('',(-1.0986008E1,-8.978519E0,-2.99974E-1));
#905=LINE('',#904,#903);
#906=DIRECTION('',(-1.E0,0.E0,0.E0));
#907=VECTOR('',#906,4.750054E0);
#908=CARTESIAN_POINT('',(-6.235954E0,-8.978519E0,-2.99974E-1));
#909=LINE('',#908,#907);
#910=DIRECTION('',(0.E0,1.E0,0.E0));
#911=VECTOR('',#910,5.08E-1);
#912=CARTESIAN_POINT('',(-6.235954E0,-9.486519E0,-2.99974E-1));
#913=LINE('',#912,#911);
#914=DIRECTION('',(1.E0,0.E0,0.E0));
#915=VECTOR('',#914,4.750054E0);
#916=CARTESIAN_POINT('',(-1.0986008E1,-9.486519E0,-2.99974E-1));
#917=LINE('',#916,#915);
#918=DIRECTION('',(0.E0,0.E0,1.E0));
#919=VECTOR('',#918,7.320026E0);
#920=CARTESIAN_POINT('',(-1.1555984E1,2.832481E0,-7.62E0));
#921=LINE('',#920,#919);
#922=DIRECTION('',(0.E0,0.E0,1.E0));
#923=VECTOR('',#922,7.320026E0);
#924=CARTESIAN_POINT('',(-1.0745978E1,2.832481E0,-7.62E0));
#925=LINE('',#924,#923);
#926=DIRECTION('',(0.E0,0.E0,1.E0));
#927=VECTOR('',#926,7.320026E0);
#928=CARTESIAN_POINT('',(-1.0745978E1,-3.517519E0,-7.62E0));
#929=LINE('',#928,#927);
#930=DIRECTION('',(0.E0,0.E0,1.E0));
#931=VECTOR('',#930,7.320026E0);
#932=CARTESIAN_POINT('',(-1.1555984E1,-3.517519E0,-7.62E0));
#933=LINE('',#932,#931);
#934=DIRECTION('',(0.E0,0.E0,1.E0));
#935=VECTOR('',#934,7.320026E0);
#936=CARTESIAN_POINT('',(3.584067E0,6.412484E0,-7.62E0));
#937=LINE('',#936,#935);
#938=DIRECTION('',(0.E0,0.E0,1.E0));
#939=VECTOR('',#938,7.320026E0);
#940=CARTESIAN_POINT('',(9.934067E0,6.412484E0,-7.62E0));
#941=LINE('',#940,#939);
#942=DIRECTION('',(0.E0,0.E0,1.E0));
#943=VECTOR('',#942,7.320026E0);
#944=CARTESIAN_POINT('',(9.934067E0,5.602478E0,-7.62E0));
#945=LINE('',#944,#943);
#946=DIRECTION('',(0.E0,0.E0,1.E0));
#947=VECTOR('',#946,7.320026E0);
#948=CARTESIAN_POINT('',(3.584067E0,5.602478E0,-7.62E0));
#949=LINE('',#948,#947);
#950=DIRECTION('',(0.E0,0.E0,1.E0));
#951=VECTOR('',#950,7.320026E0);
#952=CARTESIAN_POINT('',(-8.26008E-1,-8.978519E0,-7.62E0));
#953=LINE('',#952,#951);
#954=DIRECTION('',(0.E0,0.E0,1.E0));
#955=VECTOR('',#954,7.320026E0);
#956=CARTESIAN_POINT('',(3.924046E0,-8.978519E0,-7.62E0));
#957=LINE('',#956,#955);
#958=DIRECTION('',(0.E0,0.E0,1.E0));
#959=VECTOR('',#958,7.320026E0);
#960=CARTESIAN_POINT('',(3.924046E0,-9.486519E0,-7.62E0));
#961=LINE('',#960,#959);
#962=DIRECTION('',(0.E0,0.E0,1.E0));
#963=VECTOR('',#962,7.320026E0);
#964=CARTESIAN_POINT('',(-8.26008E-1,-9.486519E0,-7.62E0));
#965=LINE('',#964,#963);
#966=DIRECTION('',(0.E0,0.E0,1.E0));
#967=VECTOR('',#966,7.320026E0);
#968=CARTESIAN_POINT('',(-1.0986008E1,-8.978519E0,-7.62E0));
#969=LINE('',#968,#967);
#970=DIRECTION('',(0.E0,0.E0,1.E0));
#971=VECTOR('',#970,7.320026E0);
#972=CARTESIAN_POINT('',(-6.235954E0,-8.978519E0,-7.62E0));
#973=LINE('',#972,#971);
#974=DIRECTION('',(0.E0,0.E0,1.E0));
#975=VECTOR('',#974,7.320026E0);
#976=CARTESIAN_POINT('',(-6.235954E0,-9.486519E0,-7.62E0));
#977=LINE('',#976,#975);
#978=DIRECTION('',(0.E0,0.E0,1.E0));
#979=VECTOR('',#978,7.320026E0);
#980=CARTESIAN_POINT('',(-1.0986008E1,-9.486519E0,-7.62E0));
#981=LINE('',#980,#979);
#982=DIRECTION('',(0.E0,0.E0,-1.E0));
#983=VECTOR('',#982,7.62E0);
#984=CARTESIAN_POINT('',(1.065784E0,6.094984E0,0.E0));
#985=LINE('',#984,#983);
#986=DIRECTION('',(-7.071067811866E-1,-7.071067811865E-1,0.E0));
#987=VECTOR('',#986,3.019162107903E0);
#988=CARTESIAN_POINT('',(1.3714984E1,-1.5619984E1,-2.5649936E1));
#989=LINE('',#988,#987);
#990=DIRECTION('',(0.E0,0.E0,-1.E0));
#991=VECTOR('',#990,7.62E0);
#992=CARTESIAN_POINT('',(7.621016E0,-5.589016E0,0.E0));
#993=LINE('',#992,#991);
#994=DIRECTION('',(0.E0,0.E0,-1.E0));
#995=VECTOR('',#994,7.62E0);
#996=CARTESIAN_POINT('',(-5.840984E0,-5.589016E0,0.E0));
#997=LINE('',#996,#995);
#998=DIRECTION('',(0.E0,0.E0,-1.E0));
#999=VECTOR('',#998,7.62E0);
#1000=CARTESIAN_POINT('',(-5.840984E0,1.014984E0,0.E0));
#1001=LINE('',#1000,#999);
#1002=DIRECTION('',(0.E0,0.E0,-1.E0));
#1003=VECTOR('',#1002,2.290064E0);
#1004=CARTESIAN_POINT('',(1.1301984E1,-2.5144984E1,-2.5649936E1));
#1005=LINE('',#1004,#1003);
#1006=DIRECTION('',(0.E0,0.E0,-1.E0));
#1007=VECTOR('',#1006,2.290064E0);
#1008=CARTESIAN_POINT('',(1.800098E0,-2.5144984E1,-2.5649936E1));
#1009=LINE('',#1008,#1007);
#1010=DIRECTION('',(1.E0,0.E0,0.E0));
#1011=VECTOR('',#1010,9.501886E0);
#1012=CARTESIAN_POINT('',(1.800098E0,-2.5144984E1,-2.5649936E1));
#1013=LINE('',#1012,#1011);
#1014=DIRECTION('',(0.E0,0.E0,-1.E0));
#1015=VECTOR('',#1014,2.290064E0);
#1016=CARTESIAN_POINT('',(-1.1301984E1,-2.5144984E1,-2.5649936E1));
#1017=LINE('',#1016,#1015);
#1018=DIRECTION('',(1.E0,0.E0,0.E0));
#1019=VECTOR('',#1018,9.501886E0);
#1020=CARTESIAN_POINT('',(-1.1301984E1,-2.5144984E1,-2.5649936E1));
#1021=LINE('',#1020,#1019);
#1022=DIRECTION('',(0.E0,0.E0,-1.E0));
#1023=VECTOR('',#1022,2.290064E0);
#1024=CARTESIAN_POINT('',(-1.800098E0,-2.5144984E1,-2.5649936E1));
#1025=LINE('',#1024,#1023);
#1026=DIRECTION('',(0.E0,0.E0,-1.E0));
#1027=VECTOR('',#1026,2.290064E0);
#1028=CARTESIAN_POINT('',(1.800098E0,-2.17551E1,-2.5649936E1));
#1029=LINE('',#1028,#1027);
#1030=DIRECTION('',(0.E0,0.E0,-1.E0));
#1031=VECTOR('',#1030,2.290064E0);
#1032=CARTESIAN_POINT('',(-1.800098E0,-2.17551E1,-2.5649936E1));
#1033=LINE('',#1032,#1031);
#1034=CARTESIAN_POINT('',(1.3079984E1,1.1454384E1,-7.62E0));
#1035=CARTESIAN_POINT('',(1.3079984E1,1.5619984E1,-7.62E0));
#1036=VERTEX_POINT('',#1034);
#1037=VERTEX_POINT('',#1035);
#1038=CARTESIAN_POINT('',(2.488184E0,1.5619984E1,-7.62E0));
#1039=VERTEX_POINT('',#1038);
#1040=CARTESIAN_POINT('',(2.488184E0,9.930384E0,-7.62E0));
#1041=VERTEX_POINT('',#1040);
#1042=CARTESIAN_POINT('',(1.3079984E1,3.961384E0,-7.62E0));
#1043=CARTESIAN_POINT('',(1.3079984E1,8.025384E0,-7.62E0));
#1044=VERTEX_POINT('',#1042);
#1045=VERTEX_POINT('',#1043);
#1046=CARTESIAN_POINT('',(2.488184E0,8.025384E0,-7.62E0));
#1047=VERTEX_POINT('',#1046);
#1048=CARTESIAN_POINT('',(2.488184E0,2.437384E0,-7.62E0));
#1049=VERTEX_POINT('',#1048);
#1050=CARTESIAN_POINT('',(-5.840984E0,1.014984E0,-7.62E0));
#1051=CARTESIAN_POINT('',(-5.840984E0,-5.589016E0,-7.62E0));
#1052=VERTEX_POINT('',#1050);
#1053=VERTEX_POINT('',#1051);
#1054=CARTESIAN_POINT('',(7.621016E0,-5.589016E0,-7.62E0));
#1055=VERTEX_POINT('',#1054);
#1056=CARTESIAN_POINT('',(-7.263384E0,-5.589016E0,-7.62E0));
#1057=CARTESIAN_POINT('',(-7.263384E0,4.672584E0,-7.62E0));
#1058=VERTEX_POINT('',#1056);
#1059=VERTEX_POINT('',#1057);
#1060=CARTESIAN_POINT('',(-1.3079984E1,4.672584E0,-7.62E0));
#1061=VERTEX_POINT('',#1060);
#1062=CARTESIAN_POINT('',(-1.3079984E1,-4.065016E0,-7.62E0));
#1063=VERTEX_POINT('',#1062);
#1064=CARTESIAN_POINT('',(6.198616E0,-7.494016E0,-7.62E0));
#1065=CARTESIAN_POINT('',(-2.234184E0,-7.494016E0,-7.62E0));
#1066=VERTEX_POINT('',#1064);
#1067=VERTEX_POINT('',#1065);
#1068=CARTESIAN_POINT('',(-2.234184E0,-1.4349984E1,-7.62E0));
#1069=VERTEX_POINT('',#1068);
#1070=CARTESIAN_POINT('',(4.674616E0,-1.4349984E1,-7.62E0));
#1071=VERTEX_POINT('',#1070);
#1072=CARTESIAN_POINT('',(-4.139184E0,-7.494016E0,-7.62E0));
#1073=CARTESIAN_POINT('',(-1.2571984E1,-7.494016E0,-7.62E0));
#1074=VERTEX_POINT('',#1072);
#1075=VERTEX_POINT('',#1073);
#1076=CARTESIAN_POINT('',(-1.2571984E1,-1.4349984E1,-7.62E0));
#1077=VERTEX_POINT('',#1076);
#1078=CARTESIAN_POINT('',(-5.663184E0,-1.4349984E1,-7.62E0));
#1079=VERTEX_POINT('',#1078);
#1080=CARTESIAN_POINT('',(-1.3714984E1,-5.589016E0,-7.62E0));
#1081=CARTESIAN_POINT('',(-1.3714984E1,-4.065016E0,-7.62E0));
#1082=VERTEX_POINT('',#1080);
#1083=VERTEX_POINT('',#1081);
#1084=CARTESIAN_POINT('',(-1.3714984E1,6.094984E0,0.E0));
#1085=CARTESIAN_POINT('',(-1.3714984E1,6.094984E0,-7.62E0));
#1086=VERTEX_POINT('',#1084);
#1087=VERTEX_POINT('',#1085);
#1088=CARTESIAN_POINT('',(-1.3714984E1,-5.589016E0,0.E0));
#1089=VERTEX_POINT('',#1088);
#1090=CARTESIAN_POINT('',(-1.3714984E1,-4.065016E0,0.E0));
#1091=VERTEX_POINT('',#1090);
#1092=CARTESIAN_POINT('',(1.3714984E1,2.437384E0,-7.62E0));
#1093=CARTESIAN_POINT('',(1.3714984E1,3.961384E0,-7.62E0));
#1094=VERTEX_POINT('',#1092);
#1095=VERTEX_POINT('',#1093);
#1096=CARTESIAN_POINT('',(1.3714984E1,9.930384E0,-7.62E0));
#1097=CARTESIAN_POINT('',(1.3714984E1,1.1454384E1,-7.62E0));
#1098=VERTEX_POINT('',#1096);
#1099=VERTEX_POINT('',#1097);
#1100=CARTESIAN_POINT('',(1.3714984E1,9.930384E0,0.E0));
#1101=VERTEX_POINT('',#1100);
#1102=CARTESIAN_POINT('',(1.3714984E1,1.1454384E1,0.E0));
#1103=VERTEX_POINT('',#1102);
#1104=CARTESIAN_POINT('',(1.3714984E1,2.437384E0,0.E0));
#1105=VERTEX_POINT('',#1104);
#1106=CARTESIAN_POINT('',(1.3714984E1,3.961384E0,0.E0));
#1107=VERTEX_POINT('',#1106);
#1108=CARTESIAN_POINT('',(1.3714984E1,1.014984E0,0.E0));
#1109=CARTESIAN_POINT('',(1.3714984E1,1.014984E0,-7.62E0));
#1110=VERTEX_POINT('',#1108);
#1111=VERTEX_POINT('',#1109);
#1112=CARTESIAN_POINT('',(-5.663184E0,-1.6254984E1,-7.62E0));
#1113=CARTESIAN_POINT('',(-4.139184E0,-1.6254984E1,-7.62E0));
#1114=VERTEX_POINT('',#1112);
#1115=VERTEX_POINT('',#1113);
#1116=CARTESIAN_POINT('',(4.674616E0,-1.6254984E1,-7.62E0));
#1117=CARTESIAN_POINT('',(6.198616E0,-1.6254984E1,-7.62E0));
#1118=VERTEX_POINT('',#1116);
#1119=VERTEX_POINT('',#1117);
#1120=CARTESIAN_POINT('',(7.621016E0,-1.6254984E1,0.E0));
#1121=CARTESIAN_POINT('',(7.621016E0,-1.6254984E1,-7.62E0));
#1122=VERTEX_POINT('',#1120);
#1123=VERTEX_POINT('',#1121);
#1124=CARTESIAN_POINT('',(6.198616E0,-1.6254984E1,0.E0));
#1125=VERTEX_POINT('',#1124);
#1126=CARTESIAN_POINT('',(4.674616E0,-1.6254984E1,0.E0));
#1127=VERTEX_POINT('',#1126);
#1128=CARTESIAN_POINT('',(-4.139184E0,-1.6254984E1,0.E0));
#1129=VERTEX_POINT('',#1128);
#1130=CARTESIAN_POINT('',(-5.663184E0,-1.6254984E1,0.E0));
#1131=VERTEX_POINT('',#1130);
#1132=CARTESIAN_POINT('',(1.065784E0,1.6254984E1,0.E0));
#1133=CARTESIAN_POINT('',(1.065784E0,1.6254984E1,-7.62E0));
#1134=VERTEX_POINT('',#1132);
#1135=VERTEX_POINT('',#1133);
#1136=CARTESIAN_POINT('',(1.065784E0,6.094984E0,0.E0));
#1137=VERTEX_POINT('',#1136);
#1138=CARTESIAN_POINT('',(1.3079984E1,1.1454384E1,0.E0));
#1139=CARTESIAN_POINT('',(1.3079984E1,1.5619984E1,0.E0));
#1140=VERTEX_POINT('',#1138);
#1141=VERTEX_POINT('',#1139);
#1142=CARTESIAN_POINT('',(2.488184E0,1.5619984E1,0.E0));
#1143=VERTEX_POINT('',#1142);
#1144=CARTESIAN_POINT('',(2.488184E0,9.930384E0,0.E0));
#1145=VERTEX_POINT('',#1144);
#1146=CARTESIAN_POINT('',(1.3079984E1,3.961384E0,0.E0));
#1147=CARTESIAN_POINT('',(1.3079984E1,8.025384E0,0.E0));
#1148=VERTEX_POINT('',#1146);
#1149=VERTEX_POINT('',#1147);
#1150=CARTESIAN_POINT('',(2.488184E0,8.025384E0,0.E0));
#1151=VERTEX_POINT('',#1150);
#1152=CARTESIAN_POINT('',(2.488184E0,2.437384E0,0.E0));
#1153=VERTEX_POINT('',#1152);
#1154=CARTESIAN_POINT('',(-5.840984E0,1.014984E0,0.E0));
#1155=VERTEX_POINT('',#1154);
#1156=CARTESIAN_POINT('',(-5.840984E0,-5.589016E0,0.E0));
#1157=VERTEX_POINT('',#1156);
#1158=CARTESIAN_POINT('',(7.621016E0,-5.589016E0,0.E0));
#1159=VERTEX_POINT('',#1158);
#1160=CARTESIAN_POINT('',(-7.263384E0,-5.589016E0,0.E0));
#1161=VERTEX_POINT('',#1160);
#1162=CARTESIAN_POINT('',(-7.263384E0,4.672584E0,0.E0));
#1163=VERTEX_POINT('',#1162);
#1164=CARTESIAN_POINT('',(-1.3079984E1,4.672584E0,0.E0));
#1165=VERTEX_POINT('',#1164);
#1166=CARTESIAN_POINT('',(-1.3079984E1,-4.065016E0,0.E0));
#1167=VERTEX_POINT('',#1166);
#1168=CARTESIAN_POINT('',(6.198616E0,-7.494016E0,0.E0));
#1169=VERTEX_POINT('',#1168);
#1170=CARTESIAN_POINT('',(-2.234184E0,-7.494016E0,0.E0));
#1171=VERTEX_POINT('',#1170);
#1172=CARTESIAN_POINT('',(-2.234184E0,-1.4349984E1,0.E0));
#1173=VERTEX_POINT('',#1172);
#1174=CARTESIAN_POINT('',(4.674616E0,-1.4349984E1,0.E0));
#1175=VERTEX_POINT('',#1174);
#1176=CARTESIAN_POINT('',(-4.139184E0,-7.494016E0,0.E0));
#1177=VERTEX_POINT('',#1176);
#1178=CARTESIAN_POINT('',(-1.2571984E1,-7.494016E0,0.E0));
#1179=VERTEX_POINT('',#1178);
#1180=CARTESIAN_POINT('',(-1.2571984E1,-1.4349984E1,0.E0));
#1181=VERTEX_POINT('',#1180);
#1182=CARTESIAN_POINT('',(-5.663184E0,-1.4349984E1,0.E0));
#1183=VERTEX_POINT('',#1182);
#1184=CARTESIAN_POINT('',(1.065784E0,6.094984E0,-7.62E0));
#1185=VERTEX_POINT('',#1184);
#1186=CARTESIAN_POINT('',(3.584067E0,1.4032484E1,-2.99974E-1));
#1187=CARTESIAN_POINT('',(3.584067E0,1.3222478E1,-2.99974E-1));
#1188=VERTEX_POINT('',#1186);
#1189=VERTEX_POINT('',#1187);
#1190=CARTESIAN_POINT('',(9.934067E0,1.3222478E1,-2.99974E-1));
#1191=VERTEX_POINT('',#1190);
#1192=CARTESIAN_POINT('',(9.934067E0,1.4032484E1,-2.99974E-1));
#1193=VERTEX_POINT('',#1192);
#1194=CARTESIAN_POINT('',(-1.1555984E1,2.832481E0,-2.99974E-1));
#1195=CARTESIAN_POINT('',(-1.1555984E1,-3.517519E0,-2.99974E-1));
#1196=VERTEX_POINT('',#1194);
#1197=VERTEX_POINT('',#1195);
#1198=CARTESIAN_POINT('',(-1.0745978E1,-3.517519E0,-2.99974E-1));
#1199=VERTEX_POINT('',#1198);
#1200=CARTESIAN_POINT('',(-1.0745978E1,2.832481E0,-2.99974E-1));
#1201=VERTEX_POINT('',#1200);
#1202=CARTESIAN_POINT('',(3.584067E0,6.412484E0,-2.99974E-1));
#1203=CARTESIAN_POINT('',(3.584067E0,5.602478E0,-2.99974E-1));
#1204=VERTEX_POINT('',#1202);
#1205=VERTEX_POINT('',#1203);
#1206=CARTESIAN_POINT('',(9.934067E0,5.602478E0,-2.99974E-1));
#1207=VERTEX_POINT('',#1206);
#1208=CARTESIAN_POINT('',(9.934067E0,6.412484E0,-2.99974E-1));
#1209=VERTEX_POINT('',#1208);
#1210=CARTESIAN_POINT('',(-8.26008E-1,-8.978519E0,-2.99974E-1));
#1211=CARTESIAN_POINT('',(-8.26008E-1,-9.486519E0,-2.99974E-1));
#1212=VERTEX_POINT('',#1210);
#1213=VERTEX_POINT('',#1211);
#1214=CARTESIAN_POINT('',(3.924046E0,-9.486519E0,-2.99974E-1));
#1215=VERTEX_POINT('',#1214);
#1216=CARTESIAN_POINT('',(3.924046E0,-8.978519E0,-2.99974E-1));
#1217=VERTEX_POINT('',#1216);
#1218=CARTESIAN_POINT('',(-1.0986008E1,-8.978519E0,-2.99974E-1));
#1219=CARTESIAN_POINT('',(-1.0986008E1,-9.486519E0,-2.99974E-1));
#1220=VERTEX_POINT('',#1218);
#1221=VERTEX_POINT('',#1219);
#1222=CARTESIAN_POINT('',(-6.235954E0,-9.486519E0,-2.99974E-1));
#1223=VERTEX_POINT('',#1222);
#1224=CARTESIAN_POINT('',(-6.235954E0,-8.978519E0,-2.99974E-1));
#1225=VERTEX_POINT('',#1224);
#1226=CARTESIAN_POINT('',(3.584067E0,1.4032484E1,-7.62E0));
#1227=CARTESIAN_POINT('',(3.584067E0,1.3222478E1,-7.62E0));
#1228=VERTEX_POINT('',#1226);
#1229=VERTEX_POINT('',#1227);
#1230=CARTESIAN_POINT('',(9.934067E0,1.3222478E1,-7.62E0));
#1231=VERTEX_POINT('',#1230);
#1232=CARTESIAN_POINT('',(9.934067E0,1.4032484E1,-7.62E0));
#1233=VERTEX_POINT('',#1232);
#1234=CARTESIAN_POINT('',(-1.1555984E1,2.832481E0,-7.62E0));
#1235=CARTESIAN_POINT('',(-1.1555984E1,-3.517519E0,-7.62E0));
#1236=VERTEX_POINT('',#1234);
#1237=VERTEX_POINT('',#1235);
#1238=CARTESIAN_POINT('',(-1.0745978E1,-3.517519E0,-7.62E0));
#1239=VERTEX_POINT('',#1238);
#1240=CARTESIAN_POINT('',(-1.0745978E1,2.832481E0,-7.62E0));
#1241=VERTEX_POINT('',#1240);
#1242=CARTESIAN_POINT('',(3.584067E0,6.412484E0,-7.62E0));
#1243=CARTESIAN_POINT('',(3.584067E0,5.602478E0,-7.62E0));
#1244=VERTEX_POINT('',#1242);
#1245=VERTEX_POINT('',#1243);
#1246=CARTESIAN_POINT('',(9.934067E0,5.602478E0,-7.62E0));
#1247=VERTEX_POINT('',#1246);
#1248=CARTESIAN_POINT('',(9.934067E0,6.412484E0,-7.62E0));
#1249=VERTEX_POINT('',#1248);
#1250=CARTESIAN_POINT('',(-8.26008E-1,-8.978519E0,-7.62E0));
#1251=CARTESIAN_POINT('',(-8.26008E-1,-9.486519E0,-7.62E0));
#1252=VERTEX_POINT('',#1250);
#1253=VERTEX_POINT('',#1251);
#1254=CARTESIAN_POINT('',(3.924046E0,-9.486519E0,-7.62E0));
#1255=VERTEX_POINT('',#1254);
#1256=CARTESIAN_POINT('',(3.924046E0,-8.978519E0,-7.62E0));
#1257=VERTEX_POINT('',#1256);
#1258=CARTESIAN_POINT('',(-1.0986008E1,-8.978519E0,-7.62E0));
#1259=CARTESIAN_POINT('',(-1.0986008E1,-9.486519E0,-7.62E0));
#1260=VERTEX_POINT('',#1258);
#1261=VERTEX_POINT('',#1259);
#1262=CARTESIAN_POINT('',(-6.235954E0,-9.486519E0,-7.62E0));
#1263=VERTEX_POINT('',#1262);
#1264=CARTESIAN_POINT('',(-6.235954E0,-8.978519E0,-7.62E0));
#1265=VERTEX_POINT('',#1264);
#1266=CARTESIAN_POINT('',(1.3714984E1,1.5619984E1,0.E0));
#1267=CARTESIAN_POINT('',(1.3079984E1,1.6254984E1,0.E0));
#1268=VERTEX_POINT('',#1266);
#1269=VERTEX_POINT('',#1267);
#1270=CARTESIAN_POINT('',(1.3714984E1,1.5619984E1,-2.5649936E1));
#1271=VERTEX_POINT('',#1270);
#1272=CARTESIAN_POINT('',(-1.3079984E1,1.6254984E1,-7.62E0));
#1273=CARTESIAN_POINT('',(-1.3714984E1,1.5619984E1,-7.62E0));
#1274=VERTEX_POINT('',#1272);
#1275=VERTEX_POINT('',#1273);
#1276=CARTESIAN_POINT('',(-1.3714984E1,1.5619984E1,-2.5649936E1));
#1277=VERTEX_POINT('',#1276);
#1278=CARTESIAN_POINT('',(-1.3714984E1,-1.5619984E1,0.E0));
#1279=CARTESIAN_POINT('',(-1.3079984E1,-1.6254984E1,0.E0));
#1280=VERTEX_POINT('',#1278);
#1281=VERTEX_POINT('',#1279);
#1282=CARTESIAN_POINT('',(-1.3714984E1,-1.5619984E1,-2.5649936E1));
#1283=VERTEX_POINT('',#1282);
#1284=CARTESIAN_POINT('',(1.3079984E1,-1.6254984E1,-7.62E0));
#1285=CARTESIAN_POINT('',(1.3714984E1,-1.5619984E1,-7.62E0));
#1286=VERTEX_POINT('',#1284);
#1287=VERTEX_POINT('',#1285);
#1288=CARTESIAN_POINT('',(1.3714984E1,-1.5619984E1,-2.5649936E1));
#1289=VERTEX_POINT('',#1288);
#1290=CARTESIAN_POINT('',(-1.3079984E1,1.6254984E1,-2.4150066E1));
#1291=CARTESIAN_POINT('',(1.3079984E1,1.6254984E1,-2.4150066E1));
#1292=VERTEX_POINT('',#1290);
#1293=VERTEX_POINT('',#1291);
#1294=CARTESIAN_POINT('',(-1.1580114E1,1.7754854E1,-2.5649936E1));
#1295=CARTESIAN_POINT('',(1.1580114E1,1.7754854E1,-2.5649936E1));
#1296=VERTEX_POINT('',#1294);
#1297=VERTEX_POINT('',#1295);
#1298=CARTESIAN_POINT('',(-1.1580114E1,-1.7754854E1,-2.5649936E1));
#1299=CARTESIAN_POINT('',(1.1580114E1,-1.7754854E1,-2.5649936E1));
#1300=VERTEX_POINT('',#1298);
#1301=VERTEX_POINT('',#1299);
#1302=CARTESIAN_POINT('',(-1.3079984E1,-1.6254984E1,-2.4150066E1));
#1303=CARTESIAN_POINT('',(1.3079984E1,-1.6254984E1,-2.4150066E1));
#1304=VERTEX_POINT('',#1302);
#1305=VERTEX_POINT('',#1303);
#1306=CARTESIAN_POINT('',(-1.3714984E1,2.2731984E1,-2.794E1));
#1307=CARTESIAN_POINT('',(-1.3714984E1,2.2731984E1,-2.5649936E1));
#1308=VERTEX_POINT('',#1306);
#1309=VERTEX_POINT('',#1307);
#1310=CARTESIAN_POINT('',(-1.3714984E1,-2.2731984E1,-2.794E1));
#1311=CARTESIAN_POINT('',(-1.3714984E1,-2.2731984E1,-2.5649936E1));
#1312=VERTEX_POINT('',#1310);
#1313=VERTEX_POINT('',#1311);
#1314=CARTESIAN_POINT('',(1.3714984E1,2.2731984E1,-2.794E1));
#1315=CARTESIAN_POINT('',(1.3714984E1,2.2731984E1,-2.5649936E1));
#1316=VERTEX_POINT('',#1314);
#1317=VERTEX_POINT('',#1315);
#1318=CARTESIAN_POINT('',(1.3714984E1,-2.2731984E1,-2.794E1));
#1319=CARTESIAN_POINT('',(1.3714984E1,-2.2731984E1,-2.5649936E1));
#1320=VERTEX_POINT('',#1318);
#1321=VERTEX_POINT('',#1319);
#1322=CARTESIAN_POINT('',(1.1301984E1,-2.5144984E1,-2.5649936E1));
#1323=VERTEX_POINT('',#1322);
#1324=CARTESIAN_POINT('',(-1.1301984E1,-2.5144984E1,-2.5649936E1));
#1325=VERTEX_POINT('',#1324);
#1326=CARTESIAN_POINT('',(1.800098E0,-2.5144984E1,-2.5649936E1));
#1327=CARTESIAN_POINT('',(1.800098E0,-2.17551E1,-2.5649936E1));
#1328=VERTEX_POINT('',#1326);
#1329=VERTEX_POINT('',#1327);
#1330=CARTESIAN_POINT('',(-1.800098E0,-2.17551E1,-2.5649936E1));
#1331=VERTEX_POINT('',#1330);
#1332=CARTESIAN_POINT('',(-1.800098E0,-2.5144984E1,-2.5649936E1));
#1333=VERTEX_POINT('',#1332);
#1334=CARTESIAN_POINT('',(1.1301984E1,-2.5144984E1,-2.794E1));
#1335=VERTEX_POINT('',#1334);
#1336=CARTESIAN_POINT('',(-1.1301984E1,-2.5144984E1,-2.794E1));
#1337=VERTEX_POINT('',#1336);
#1338=CARTESIAN_POINT('',(1.800098E0,-2.5144984E1,-2.794E1));
#1339=VERTEX_POINT('',#1338);
#1340=CARTESIAN_POINT('',(-1.800098E0,-2.5144984E1,-2.794E1));
#1341=VERTEX_POINT('',#1340);
#1342=CARTESIAN_POINT('',(1.1301984E1,2.5144984E1,-2.794E1));
#1343=VERTEX_POINT('',#1342);
#1344=CARTESIAN_POINT('',(-1.1301984E1,2.5144984E1,-2.794E1));
#1345=VERTEX_POINT('',#1344);
#1346=CARTESIAN_POINT('',(-1.800098E0,2.5144984E1,-2.794E1));
#1347=CARTESIAN_POINT('',(-1.800098E0,2.17551E1,-2.794E1));
#1348=VERTEX_POINT('',#1346);
#1349=VERTEX_POINT('',#1347);
#1350=CARTESIAN_POINT('',(1.800098E0,2.17551E1,-2.794E1));
#1351=VERTEX_POINT('',#1350);
#1352=CARTESIAN_POINT('',(1.800098E0,2.5144984E1,-2.794E1));
#1353=VERTEX_POINT('',#1352);
#1354=CARTESIAN_POINT('',(1.800098E0,-2.17551E1,-2.794E1));
#1355=VERTEX_POINT('',#1354);
#1356=CARTESIAN_POINT('',(-1.800098E0,-2.17551E1,-2.794E1));
#1357=VERTEX_POINT('',#1356);
#1358=CARTESIAN_POINT('',(1.1301984E1,2.5144984E1,-2.5649936E1));
#1359=VERTEX_POINT('',#1358);
#1360=CARTESIAN_POINT('',(-1.1301984E1,2.5144984E1,-2.5649936E1));
#1361=VERTEX_POINT('',#1360);
#1362=CARTESIAN_POINT('',(-1.800098E0,2.5144984E1,-2.5649936E1));
#1363=VERTEX_POINT('',#1362);
#1364=CARTESIAN_POINT('',(1.800098E0,2.5144984E1,-2.5649936E1));
#1365=VERTEX_POINT('',#1364);
#1366=CARTESIAN_POINT('',(-1.800098E0,2.17551E1,-2.5649936E1));
#1367=VERTEX_POINT('',#1366);
#1368=CARTESIAN_POINT('',(1.800098E0,2.17551E1,-2.5649936E1));
#1369=VERTEX_POINT('',#1368);
#1370=CARTESIAN_POINT('',(-1.3714984E1,0.E0,0.E0));
#1371=DIRECTION('',(1.E0,0.E0,0.E0));
#1372=DIRECTION('',(0.E0,0.E0,-1.E0));
#1373=AXIS2_PLACEMENT_3D('',#1370,#1371,#1372);
#1374=PLANE('',#1373);
#1376=ORIENTED_EDGE('',*,*,#1375,.F.);
#1378=ORIENTED_EDGE('',*,*,#1377,.F.);
#1380=ORIENTED_EDGE('',*,*,#1379,.F.);
#1382=ORIENTED_EDGE('',*,*,#1381,.T.);
#1384=ORIENTED_EDGE('',*,*,#1383,.T.);
#1386=ORIENTED_EDGE('',*,*,#1385,.F.);
#1388=ORIENTED_EDGE('',*,*,#1387,.F.);
#1390=ORIENTED_EDGE('',*,*,#1389,.T.);
#1392=ORIENTED_EDGE('',*,*,#1391,.F.);
#1394=ORIENTED_EDGE('',*,*,#1393,.F.);
#1396=ORIENTED_EDGE('',*,*,#1395,.F.);
#1398=ORIENTED_EDGE('',*,*,#1397,.T.);
#1400=ORIENTED_EDGE('',*,*,#1399,.T.);
#1402=ORIENTED_EDGE('',*,*,#1401,.F.);
#1403=EDGE_LOOP('',(#1376,#1378,#1380,#1382,#1384,#1386,#1388,#1390,#1392,#1394,
#1396,#1398,#1400,#1402));
#1404=FACE_OUTER_BOUND('',#1403,.F.);
#1406=CARTESIAN_POINT('',(-1.3397484E1,1.5937484E1,-1.6634968E1));
#1407=DIRECTION('',(-7.071067811865E-1,7.071067811865E-1,0.E0));
#1408=DIRECTION('',(7.071067811865E-1,7.071067811865E-1,0.E0));
#1409=AXIS2_PLACEMENT_3D('',#1406,#1407,#1408);
#1410=PLANE('',#1409);
#1412=ORIENTED_EDGE('',*,*,#1411,.T.);
#1414=ORIENTED_EDGE('',*,*,#1413,.F.);
#1416=ORIENTED_EDGE('',*,*,#1415,.F.);
#1418=ORIENTED_EDGE('',*,*,#1417,.T.);
#1419=ORIENTED_EDGE('',*,*,#1375,.T.);
#1420=EDGE_LOOP('',(#1412,#1414,#1416,#1418,#1419));
#1421=FACE_OUTER_BOUND('',#1420,.F.);
#1423=CARTESIAN_POINT('',(-1.3714984E1,2.5144984E1,-2.5649936E1));
#1424=DIRECTION('',(0.E0,0.E0,1.E0));
#1425=DIRECTION('',(0.E0,-1.E0,0.E0));
#1426=AXIS2_PLACEMENT_3D('',#1423,#1424,#1425);
#1427=PLANE('',#1426);
#1429=ORIENTED_EDGE('',*,*,#1428,.F.);
#1430=ORIENTED_EDGE('',*,*,#1411,.F.);
#1431=ORIENTED_EDGE('',*,*,#1401,.T.);
#1433=ORIENTED_EDGE('',*,*,#1432,.T.);
#1435=ORIENTED_EDGE('',*,*,#1434,.T.);
#1437=ORIENTED_EDGE('',*,*,#1436,.T.);
#1439=ORIENTED_EDGE('',*,*,#1438,.T.);
#1441=ORIENTED_EDGE('',*,*,#1440,.F.);
#1443=ORIENTED_EDGE('',*,*,#1442,.T.);
#1445=ORIENTED_EDGE('',*,*,#1444,.T.);
#1447=ORIENTED_EDGE('',*,*,#1446,.T.);
#1449=ORIENTED_EDGE('',*,*,#1448,.F.);
#1450=EDGE_LOOP('',(#1429,#1430,#1431,#1433,#1435,#1437,#1439,#1441,#1443,#1445,
#1447,#1449));
#1451=FACE_OUTER_BOUND('',#1450,.F.);
#1453=CARTESIAN_POINT('',(-1.383803859746E1,1.7754854E1,-2.4150066E1));
#1454=DIRECTION('',(1.E0,0.E0,0.E0));
#1455=DIRECTION('',(0.E0,-1.E0,0.E0));
#1456=AXIS2_PLACEMENT_3D('',#1453,#1454,#1455);
#1457=CYLINDRICAL_SURFACE('',#1456,1.49987E0);
#1459=ORIENTED_EDGE('',*,*,#1458,.F.);
#1460=ORIENTED_EDGE('',*,*,#1413,.T.);
#1461=ORIENTED_EDGE('',*,*,#1428,.T.);
#1463=ORIENTED_EDGE('',*,*,#1462,.T.);
#1464=EDGE_LOOP('',(#1459,#1460,#1461,#1463));
#1465=FACE_OUTER_BOUND('',#1464,.F.);
#1467=CARTESIAN_POINT('',(-1.3714984E1,1.6254984E1,-2.5649936E1));
#1468=DIRECTION('',(0.E0,1.E0,0.E0));
#1469=DIRECTION('',(0.E0,0.E0,1.E0));
#1470=AXIS2_PLACEMENT_3D('',#1467,#1468,#1469);
#1471=PLANE('',#1470);
#1472=ORIENTED_EDGE('',*,*,#1458,.T.);
#1474=ORIENTED_EDGE('',*,*,#1473,.T.);
#1476=ORIENTED_EDGE('',*,*,#1475,.F.);
#1478=ORIENTED_EDGE('',*,*,#1477,.T.);
#1480=ORIENTED_EDGE('',*,*,#1479,.F.);
#1481=ORIENTED_EDGE('',*,*,#1415,.T.);
#1482=EDGE_LOOP('',(#1472,#1474,#1476,#1478,#1480,#1481));
#1483=FACE_OUTER_BOUND('',#1482,.F.);
#1485=CARTESIAN_POINT('',(1.3397484E1,1.5937484E1,-1.2824968E1));
#1486=DIRECTION('',(7.071067811865E-1,7.071067811865E-1,0.E0));
#1487=DIRECTION('',(-7.071067811865E-1,7.071067811865E-1,0.E0));
#1488=AXIS2_PLACEMENT_3D('',#1485,#1486,#1487);
#1489=PLANE('',#1488);
#1490=ORIENTED_EDGE('',*,*,#1473,.F.);
#1491=ORIENTED_EDGE('',*,*,#1462,.F.);
#1492=ORIENTED_EDGE('',*,*,#1448,.T.);
#1494=ORIENTED_EDGE('',*,*,#1493,.T.);
#1496=ORIENTED_EDGE('',*,*,#1495,.T.);
#1497=EDGE_LOOP('',(#1490,#1491,#1492,#1494,#1496));
#1498=FACE_OUTER_BOUND('',#1497,.F.);
#1500=CARTESIAN_POINT('',(1.3714984E1,0.E0,0.E0));
#1501=DIRECTION('',(1.E0,0.E0,0.E0));
#1502=DIRECTION('',(0.E0,0.E0,-1.E0));
#1503=AXIS2_PLACEMENT_3D('',#1500,#1501,#1502);
#1504=PLANE('',#1503);
#1505=ORIENTED_EDGE('',*,*,#1493,.F.);
#1506=ORIENTED_EDGE('',*,*,#1446,.F.);
#1508=ORIENTED_EDGE('',*,*,#1507,.F.);
#1510=ORIENTED_EDGE('',*,*,#1509,.F.);
#1512=ORIENTED_EDGE('',*,*,#1511,.T.);
#1514=ORIENTED_EDGE('',*,*,#1513,.F.);
#1516=ORIENTED_EDGE('',*,*,#1515,.F.);
#1518=ORIENTED_EDGE('',*,*,#1517,.T.);
#1520=ORIENTED_EDGE('',*,*,#1519,.F.);
#1522=ORIENTED_EDGE('',*,*,#1521,.F.);
#1524=ORIENTED_EDGE('',*,*,#1523,.T.);
#1526=ORIENTED_EDGE('',*,*,#1525,.T.);
#1528=ORIENTED_EDGE('',*,*,#1527,.F.);
#1530=ORIENTED_EDGE('',*,*,#1529,.F.);
#1532=ORIENTED_EDGE('',*,*,#1531,.T.);
#1534=ORIENTED_EDGE('',*,*,#1533,.T.);
#1536=ORIENTED_EDGE('',*,*,#1535,.F.);
#1538=ORIENTED_EDGE('',*,*,#1537,.F.);
#1539=EDGE_LOOP('',(#1505,#1506,#1508,#1510,#1512,#1514,#1516,#1518,#1520,#1522,
#1524,#1526,#1528,#1530,#1532,#1534,#1536,#1538));
#1540=FACE_OUTER_BOUND('',#1539,.F.);
#1542=CARTESIAN_POINT('',(1.1301984E1,2.5144984E1,-2.5649936E1));
#1543=DIRECTION('',(-7.071067811865E-1,-7.071067811865E-1,0.E0));
#1544=DIRECTION('',(7.071067811865E-1,-7.071067811865E-1,0.E0));
#1545=AXIS2_PLACEMENT_3D('',#1542,#1543,#1544);
#1546=PLANE('',#1545);
#1548=ORIENTED_EDGE('',*,*,#1547,.T.);
#1549=ORIENTED_EDGE('',*,*,#1507,.T.);
#1550=ORIENTED_EDGE('',*,*,#1444,.F.);
#1552=ORIENTED_EDGE('',*,*,#1551,.F.);
#1553=EDGE_LOOP('',(#1548,#1549,#1550,#1552));
#1554=FACE_OUTER_BOUND('',#1553,.F.);
#1556=CARTESIAN_POINT('',(-1.3714984E1,-2.5144984E1,-2.794E1));
#1557=DIRECTION('',(0.E0,0.E0,-1.E0));
#1558=DIRECTION('',(0.E0,1.E0,0.E0));
#1559=AXIS2_PLACEMENT_3D('',#1556,#1557,#1558);
#1560=PLANE('',#1559);
#1561=ORIENTED_EDGE('',*,*,#1547,.F.);
#1563=ORIENTED_EDGE('',*,*,#1562,.F.);
#1565=ORIENTED_EDGE('',*,*,#1564,.T.);
#1567=ORIENTED_EDGE('',*,*,#1566,.F.);
#1569=ORIENTED_EDGE('',*,*,#1568,.F.);
#1571=ORIENTED_EDGE('',*,*,#1570,.F.);
#1573=ORIENTED_EDGE('',*,*,#1572,.F.);
#1574=ORIENTED_EDGE('',*,*,#1397,.F.);
#1576=ORIENTED_EDGE('',*,*,#1575,.F.);
#1578=ORIENTED_EDGE('',*,*,#1577,.T.);
#1580=ORIENTED_EDGE('',*,*,#1579,.T.);
#1582=ORIENTED_EDGE('',*,*,#1581,.F.);
#1584=ORIENTED_EDGE('',*,*,#1583,.F.);
#1586=ORIENTED_EDGE('',*,*,#1585,.T.);
#1588=ORIENTED_EDGE('',*,*,#1587,.F.);
#1589=ORIENTED_EDGE('',*,*,#1509,.T.);
#1590=EDGE_LOOP('',(#1561,#1563,#1565,#1567,#1569,#1571,#1573,#1574,#1576,#1578,
#1580,#1582,#1584,#1586,#1588,#1589));
#1591=FACE_OUTER_BOUND('',#1590,.F.);
#1593=CARTESIAN_POINT('',(-1.3714984E1,2.5144984E1,-2.794E1));
#1594=DIRECTION('',(0.E0,1.E0,0.E0));
#1595=DIRECTION('',(0.E0,0.E0,1.E0));
#1596=AXIS2_PLACEMENT_3D('',#1593,#1594,#1595);
#1597=PLANE('',#1596);
#1598=ORIENTED_EDGE('',*,*,#1551,.T.);
#1599=ORIENTED_EDGE('',*,*,#1442,.F.);
#1601=ORIENTED_EDGE('',*,*,#1600,.F.);
#1602=ORIENTED_EDGE('',*,*,#1562,.T.);
#1603=EDGE_LOOP('',(#1598,#1599,#1601,#1602));
#1604=FACE_OUTER_BOUND('',#1603,.F.);
#1606=CARTESIAN_POINT('',(-1.3714984E1,2.5144984E1,-2.794E1));
#1607=DIRECTION('',(0.E0,1.E0,0.E0));
#1608=DIRECTION('',(0.E0,0.E0,1.E0));
#1609=AXIS2_PLACEMENT_3D('',#1606,#1607,#1608);
#1610=PLANE('',#1609);
#1612=ORIENTED_EDGE('',*,*,#1611,.F.);
#1613=ORIENTED_EDGE('',*,*,#1570,.T.);
#1615=ORIENTED_EDGE('',*,*,#1614,.T.);
#1616=ORIENTED_EDGE('',*,*,#1434,.F.);
#1617=EDGE_LOOP('',(#1612,#1613,#1615,#1616));
#1618=FACE_OUTER_BOUND('',#1617,.F.);
#1620=CARTESIAN_POINT('',(1.800098E0,2.17551E1,-2.5649936E1));
#1621=DIRECTION('',(1.E0,0.E0,0.E0));
#1622=DIRECTION('',(0.E0,1.E0,0.E0));
#1623=AXIS2_PLACEMENT_3D('',#1620,#1621,#1622);
#1624=PLANE('',#1623);
#1625=ORIENTED_EDGE('',*,*,#1564,.F.);
#1626=ORIENTED_EDGE('',*,*,#1600,.T.);
#1627=ORIENTED_EDGE('',*,*,#1440,.T.);
#1629=ORIENTED_EDGE('',*,*,#1628,.T.);
#1630=EDGE_LOOP('',(#1625,#1626,#1627,#1629));
#1631=FACE_OUTER_BOUND('',#1630,.F.);
#1633=CARTESIAN_POINT('',(0.E0,2.17551E1,-2.5649936E1));
#1634=DIRECTION('',(0.E0,0.E0,1.E0));
#1635=DIRECTION('',(1.E0,0.E0,0.E0));
#1636=AXIS2_PLACEMENT_3D('',#1633,#1634,#1635);
#1637=CYLINDRICAL_SURFACE('',#1636,1.800098E0);
#1638=ORIENTED_EDGE('',*,*,#1566,.T.);
#1639=ORIENTED_EDGE('',*,*,#1628,.F.);
#1640=ORIENTED_EDGE('',*,*,#1438,.F.);
#1642=ORIENTED_EDGE('',*,*,#1641,.T.);
#1643=EDGE_LOOP('',(#1638,#1639,#1640,#1642));
#1644=FACE_OUTER_BOUND('',#1643,.F.);
#1646=CARTESIAN_POINT('',(-1.800098E0,2.5144984E1,-2.5649936E1));
#1647=DIRECTION('',(-1.E0,0.E0,0.E0));
#1648=DIRECTION('',(0.E0,-1.E0,0.E0));
#1649=AXIS2_PLACEMENT_3D('',#1646,#1647,#1648);
#1650=PLANE('',#1649);
#1651=ORIENTED_EDGE('',*,*,#1568,.T.);
#1652=ORIENTED_EDGE('',*,*,#1641,.F.);
#1653=ORIENTED_EDGE('',*,*,#1436,.F.);
#1654=ORIENTED_EDGE('',*,*,#1614,.F.);
#1655=EDGE_LOOP('',(#1651,#1652,#1653,#1654));
#1656=FACE_OUTER_BOUND('',#1655,.F.);
#1658=CARTESIAN_POINT('',(-1.3714984E1,2.2731984E1,-2.5649936E1));
#1659=DIRECTION('',(7.071067811865E-1,-7.071067811865E-1,0.E0));
#1660=DIRECTION('',(7.071067811865E-1,7.071067811865E-1,0.E0));
#1661=AXIS2_PLACEMENT_3D('',#1658,#1659,#1660);
#1662=PLANE('',#1661);
#1663=ORIENTED_EDGE('',*,*,#1572,.T.);
#1664=ORIENTED_EDGE('',*,*,#1611,.T.);
#1665=ORIENTED_EDGE('',*,*,#1432,.F.);
#1666=ORIENTED_EDGE('',*,*,#1399,.F.);
#1667=EDGE_LOOP('',(#1663,#1664,#1665,#1666));
#1668=FACE_OUTER_BOUND('',#1667,.F.);
#1670=CARTESIAN_POINT('',(-1.1301984E1,-2.5144984E1,-2.5649936E1));
#1671=DIRECTION('',(7.071067811865E-1,7.071067811865E-1,0.E0));
#1672=DIRECTION('',(-7.071067811865E-1,7.071067811865E-1,0.E0));
#1673=AXIS2_PLACEMENT_3D('',#1670,#1671,#1672);
#1674=PLANE('',#1673);
#1675=ORIENTED_EDGE('',*,*,#1575,.T.);
#1676=ORIENTED_EDGE('',*,*,#1395,.T.);
#1678=ORIENTED_EDGE('',*,*,#1677,.F.);
#1680=ORIENTED_EDGE('',*,*,#1679,.T.);
#1681=EDGE_LOOP('',(#1675,#1676,#1678,#1680));
#1682=FACE_OUTER_BOUND('',#1681,.F.);
#1684=CARTESIAN_POINT('',(-1.3714984E1,-1.6254984E1,-2.5649936E1));
#1685=DIRECTION('',(0.E0,0.E0,1.E0));
#1686=DIRECTION('',(0.E0,-1.E0,0.E0));
#1687=AXIS2_PLACEMENT_3D('',#1684,#1685,#1686);
#1688=PLANE('',#1687);
#1690=ORIENTED_EDGE('',*,*,#1689,.T.);
#1692=ORIENTED_EDGE('',*,*,#1691,.F.);
#1693=ORIENTED_EDGE('',*,*,#1513,.T.);
#1695=ORIENTED_EDGE('',*,*,#1694,.T.);
#1697=ORIENTED_EDGE('',*,*,#1696,.F.);
#1699=ORIENTED_EDGE('',*,*,#1698,.T.);
#1701=ORIENTED_EDGE('',*,*,#1700,.T.);
#1703=ORIENTED_EDGE('',*,*,#1702,.F.);
#1705=ORIENTED_EDGE('',*,*,#1704,.F.);
#1706=ORIENTED_EDGE('',*,*,#1677,.T.);
#1707=ORIENTED_EDGE('',*,*,#1393,.T.);
#1709=ORIENTED_EDGE('',*,*,#1708,.F.);
#1710=EDGE_LOOP('',(#1690,#1692,#1693,#1695,#1697,#1699,#1701,#1703,#1705,#1706,
#1707,#1709));
#1711=FACE_OUTER_BOUND('',#1710,.F.);
#1713=CARTESIAN_POINT('',(-1.384156608266E1,-1.7754854E1,-2.4150066E1));
#1714=DIRECTION('',(1.E0,0.E0,0.E0));
#1715=DIRECTION('',(0.E0,0.E0,-1.E0));
#1716=AXIS2_PLACEMENT_3D('',#1713,#1714,#1715);
#1717=CYLINDRICAL_SURFACE('',#1716,1.49987E0);
#1718=ORIENTED_EDGE('',*,*,#1689,.F.);
#1720=ORIENTED_EDGE('',*,*,#1719,.T.);
#1722=ORIENTED_EDGE('',*,*,#1721,.T.);
#1724=ORIENTED_EDGE('',*,*,#1723,.T.);
#1725=EDGE_LOOP('',(#1718,#1720,#1722,#1724));
#1726=FACE_OUTER_BOUND('',#1725,.F.);
#1728=CARTESIAN_POINT('',(-1.3397484E1,-1.5937484E1,-1.2824968E1));
#1729=DIRECTION('',(-7.071067811865E-1,-7.071067811865E-1,0.E0));
#1730=DIRECTION('',(7.071067811865E-1,-7.071067811865E-1,0.E0));
#1731=AXIS2_PLACEMENT_3D('',#1728,#1729,#1730);
#1732=PLANE('',#1731);
#1734=ORIENTED_EDGE('',*,*,#1733,.F.);
#1735=ORIENTED_EDGE('',*,*,#1719,.F.);
#1736=ORIENTED_EDGE('',*,*,#1708,.T.);
#1737=ORIENTED_EDGE('',*,*,#1391,.T.);
#1739=ORIENTED_EDGE('',*,*,#1738,.T.);
#1740=EDGE_LOOP('',(#1734,#1735,#1736,#1737,#1739));
#1741=FACE_OUTER_BOUND('',#1740,.F.);
#1743=CARTESIAN_POINT('',(-1.3714984E1,-1.6254984E1,0.E0));
#1744=DIRECTION('',(0.E0,-1.E0,0.E0));
#1745=DIRECTION('',(0.E0,0.E0,-1.E0));
#1746=AXIS2_PLACEMENT_3D('',#1743,#1744,#1745);
#1747=PLANE('',#1746);
#1748=ORIENTED_EDGE('',*,*,#1721,.F.);
#1749=ORIENTED_EDGE('',*,*,#1733,.T.);
#1751=ORIENTED_EDGE('',*,*,#1750,.T.);
#1753=ORIENTED_EDGE('',*,*,#1752,.T.);
#1755=ORIENTED_EDGE('',*,*,#1754,.T.);
#1757=ORIENTED_EDGE('',*,*,#1756,.F.);
#1759=ORIENTED_EDGE('',*,*,#1758,.T.);
#1761=ORIENTED_EDGE('',*,*,#1760,.T.);
#1763=ORIENTED_EDGE('',*,*,#1762,.T.);
#1765=ORIENTED_EDGE('',*,*,#1764,.F.);
#1767=ORIENTED_EDGE('',*,*,#1766,.T.);
#1769=ORIENTED_EDGE('',*,*,#1768,.T.);
#1771=ORIENTED_EDGE('',*,*,#1770,.T.);
#1773=ORIENTED_EDGE('',*,*,#1772,.T.);
#1774=EDGE_LOOP('',(#1748,#1749,#1751,#1753,#1755,#1757,#1759,#1761,#1763,#1765,
#1767,#1769,#1771,#1773));
#1775=FACE_OUTER_BOUND('',#1774,.F.);
#1777=CARTESIAN_POINT('',(-1.3714984E1,1.6254984E1,0.E0));
#1778=DIRECTION('',(0.E0,0.E0,1.E0));
#1779=DIRECTION('',(0.E0,-1.E0,0.E0));
#1780=AXIS2_PLACEMENT_3D('',#1777,#1778,#1779);
#1781=PLANE('',#1780);
#1782=ORIENTED_EDGE('',*,*,#1495,.F.);
#1783=ORIENTED_EDGE('',*,*,#1537,.T.);
#1785=ORIENTED_EDGE('',*,*,#1784,.T.);
#1787=ORIENTED_EDGE('',*,*,#1786,.T.);
#1789=ORIENTED_EDGE('',*,*,#1788,.T.);
#1791=ORIENTED_EDGE('',*,*,#1790,.T.);
#1793=ORIENTED_EDGE('',*,*,#1792,.F.);
#1794=ORIENTED_EDGE('',*,*,#1529,.T.);
#1796=ORIENTED_EDGE('',*,*,#1795,.T.);
#1798=ORIENTED_EDGE('',*,*,#1797,.T.);
#1800=ORIENTED_EDGE('',*,*,#1799,.T.);
#1802=ORIENTED_EDGE('',*,*,#1801,.T.);
#1804=ORIENTED_EDGE('',*,*,#1803,.F.);
#1805=ORIENTED_EDGE('',*,*,#1521,.T.);
#1807=ORIENTED_EDGE('',*,*,#1806,.T.);
#1809=ORIENTED_EDGE('',*,*,#1808,.T.);
#1811=ORIENTED_EDGE('',*,*,#1810,.T.);
#1813=ORIENTED_EDGE('',*,*,#1812,.F.);
#1814=ORIENTED_EDGE('',*,*,#1766,.F.);
#1816=ORIENTED_EDGE('',*,*,#1815,.T.);
#1818=ORIENTED_EDGE('',*,*,#1817,.T.);
#1820=ORIENTED_EDGE('',*,*,#1819,.T.);
#1822=ORIENTED_EDGE('',*,*,#1821,.T.);
#1824=ORIENTED_EDGE('',*,*,#1823,.F.);
#1825=ORIENTED_EDGE('',*,*,#1758,.F.);
#1827=ORIENTED_EDGE('',*,*,#1826,.T.);
#1829=ORIENTED_EDGE('',*,*,#1828,.T.);
#1831=ORIENTED_EDGE('',*,*,#1830,.T.);
#1833=ORIENTED_EDGE('',*,*,#1832,.T.);
#1835=ORIENTED_EDGE('',*,*,#1834,.F.);
#1836=ORIENTED_EDGE('',*,*,#1750,.F.);
#1837=ORIENTED_EDGE('',*,*,#1738,.F.);
#1838=ORIENTED_EDGE('',*,*,#1389,.F.);
#1840=ORIENTED_EDGE('',*,*,#1839,.T.);
#1842=ORIENTED_EDGE('',*,*,#1841,.T.);
#1844=ORIENTED_EDGE('',*,*,#1843,.T.);
#1846=ORIENTED_EDGE('',*,*,#1845,.T.);
#1848=ORIENTED_EDGE('',*,*,#1847,.F.);
#1849=ORIENTED_EDGE('',*,*,#1381,.F.);
#1851=ORIENTED_EDGE('',*,*,#1850,.T.);
#1853=ORIENTED_EDGE('',*,*,#1852,.F.);
#1854=ORIENTED_EDGE('',*,*,#1475,.T.);
#1855=EDGE_LOOP('',(#1782,#1783,#1785,#1787,#1789,#1791,#1793,#1794,#1796,#1798,
#1800,#1802,#1804,#1805,#1807,#1809,#1811,#1813,#1814,#1816,#1818,#1820,#1822,
#1824,#1825,#1827,#1829,#1831,#1833,#1835,#1836,#1837,#1838,#1840,#1842,#1844,
#1846,#1848,#1849,#1851,#1853,#1854));
#1856=FACE_OUTER_BOUND('',#1855,.F.);
#1858=CARTESIAN_POINT('',(1.3714984E1,1.1454384E1,0.E0));
#1859=DIRECTION('',(0.E0,1.E0,0.E0));
#1860=DIRECTION('',(-1.E0,0.E0,0.E0));
#1861=AXIS2_PLACEMENT_3D('',#1858,#1859,#1860);
#1862=PLANE('',#1861);
#1863=ORIENTED_EDGE('',*,*,#1535,.T.);
#1865=ORIENTED_EDGE('',*,*,#1864,.T.);
#1867=ORIENTED_EDGE('',*,*,#1866,.F.);
#1868=ORIENTED_EDGE('',*,*,#1784,.F.);
#1869=EDGE_LOOP('',(#1863,#1865,#1867,#1868));
#1870=FACE_OUTER_BOUND('',#1869,.F.);
#1872=CARTESIAN_POINT('',(-1.3714984E1,0.E0,-7.62E0));
#1873=DIRECTION('',(0.E0,0.E0,1.E0));
#1874=DIRECTION('',(1.E0,0.E0,0.E0));
#1875=AXIS2_PLACEMENT_3D('',#1872,#1873,#1874);
#1876=PLANE('',#1875);
#1877=ORIENTED_EDGE('',*,*,#1385,.T.);
#1879=ORIENTED_EDGE('',*,*,#1878,.F.);
#1881=ORIENTED_EDGE('',*,*,#1880,.F.);
#1883=ORIENTED_EDGE('',*,*,#1882,.F.);
#1885=ORIENTED_EDGE('',*,*,#1884,.F.);
#1887=ORIENTED_EDGE('',*,*,#1886,.F.);
#1888=EDGE_LOOP('',(#1877,#1879,#1881,#1883,#1885,#1887));
#1889=FACE_OUTER_BOUND('',#1888,.F.);
#1891=ORIENTED_EDGE('',*,*,#1890,.T.);
#1893=ORIENTED_EDGE('',*,*,#1892,.T.);
#1895=ORIENTED_EDGE('',*,*,#1894,.T.);
#1897=ORIENTED_EDGE('',*,*,#1896,.T.);
#1898=EDGE_LOOP('',(#1891,#1893,#1895,#1897));
#1899=FACE_BOUND('',#1898,.F.);
#1901=CARTESIAN_POINT('',(-1.3714984E1,0.E0,-7.62E0));
#1902=DIRECTION('',(0.E0,0.E0,1.E0));
#1903=DIRECTION('',(1.E0,0.E0,0.E0));
#1904=AXIS2_PLACEMENT_3D('',#1901,#1902,#1903);
#1905=PLANE('',#1904);
#1906=ORIENTED_EDGE('',*,*,#1525,.F.);
#1908=ORIENTED_EDGE('',*,*,#1907,.F.);
#1910=ORIENTED_EDGE('',*,*,#1909,.F.);
#1912=ORIENTED_EDGE('',*,*,#1911,.F.);
#1914=ORIENTED_EDGE('',*,*,#1913,.F.);
#1916=ORIENTED_EDGE('',*,*,#1915,.F.);
#1917=EDGE_LOOP('',(#1906,#1908,#1910,#1912,#1914,#1916));
#1918=FACE_OUTER_BOUND('',#1917,.F.);
#1920=ORIENTED_EDGE('',*,*,#1919,.T.);
#1922=ORIENTED_EDGE('',*,*,#1921,.T.);
#1924=ORIENTED_EDGE('',*,*,#1923,.T.);
#1926=ORIENTED_EDGE('',*,*,#1925,.T.);
#1927=EDGE_LOOP('',(#1920,#1922,#1924,#1926));
#1928=FACE_BOUND('',#1927,.F.);
#1930=CARTESIAN_POINT('',(-1.3714984E1,0.E0,-7.62E0));
#1931=DIRECTION('',(0.E0,0.E0,1.E0));
#1932=DIRECTION('',(1.E0,0.E0,0.E0));
#1933=AXIS2_PLACEMENT_3D('',#1930,#1931,#1932);
#1934=PLANE('',#1933);
#1935=ORIENTED_EDGE('',*,*,#1533,.F.);
#1937=ORIENTED_EDGE('',*,*,#1936,.F.);
#1939=ORIENTED_EDGE('',*,*,#1938,.F.);
#1941=ORIENTED_EDGE('',*,*,#1940,.F.);
#1943=ORIENTED_EDGE('',*,*,#1942,.F.);
#1944=ORIENTED_EDGE('',*,*,#1864,.F.);
#1945=EDGE_LOOP('',(#1935,#1937,#1939,#1941,#1943,#1944));
#1946=FACE_OUTER_BOUND('',#1945,.F.);
#1948=ORIENTED_EDGE('',*,*,#1947,.T.);
#1950=ORIENTED_EDGE('',*,*,#1949,.T.);
#1952=ORIENTED_EDGE('',*,*,#1951,.T.);
#1954=ORIENTED_EDGE('',*,*,#1953,.T.);
#1955=EDGE_LOOP('',(#1948,#1950,#1952,#1954));
#1956=FACE_BOUND('',#1955,.F.);
#1958=CARTESIAN_POINT('',(-1.3714984E1,0.E0,-7.62E0));
#1959=DIRECTION('',(0.E0,0.E0,1.E0));
#1960=DIRECTION('',(1.E0,0.E0,0.E0));
#1961=AXIS2_PLACEMENT_3D('',#1958,#1959,#1960);
#1962=PLANE('',#1961);
#1963=ORIENTED_EDGE('',*,*,#1754,.F.);
#1965=ORIENTED_EDGE('',*,*,#1964,.F.);
#1967=ORIENTED_EDGE('',*,*,#1966,.F.);
#1969=ORIENTED_EDGE('',*,*,#1968,.F.);
#1971=ORIENTED_EDGE('',*,*,#1970,.F.);
#1973=ORIENTED_EDGE('',*,*,#1972,.F.);
#1974=EDGE_LOOP('',(#1963,#1965,#1967,#1969,#1971,#1973));
#1975=FACE_OUTER_BOUND('',#1974,.F.);
#1977=ORIENTED_EDGE('',*,*,#1976,.T.);
#1979=ORIENTED_EDGE('',*,*,#1978,.T.);
#1981=ORIENTED_EDGE('',*,*,#1980,.T.);
#1983=ORIENTED_EDGE('',*,*,#1982,.T.);
#1984=EDGE_LOOP('',(#1977,#1979,#1981,#1983));
#1985=FACE_BOUND('',#1984,.F.);
#1987=CARTESIAN_POINT('',(-1.3714984E1,0.E0,-7.62E0));
#1988=DIRECTION('',(0.E0,0.E0,1.E0));
#1989=DIRECTION('',(1.E0,0.E0,0.E0));
#1990=AXIS2_PLACEMENT_3D('',#1987,#1988,#1989);
#1991=PLANE('',#1990);
#1992=ORIENTED_EDGE('',*,*,#1762,.F.);
#1994=ORIENTED_EDGE('',*,*,#1993,.F.);
#1996=ORIENTED_EDGE('',*,*,#1995,.F.);
#1998=ORIENTED_EDGE('',*,*,#1997,.F.);
#2000=ORIENTED_EDGE('',*,*,#1999,.F.);
#2002=ORIENTED_EDGE('',*,*,#2001,.F.);
#2003=EDGE_LOOP('',(#1992,#1994,#1996,#1998,#2000,#2002));
#2004=FACE_OUTER_BOUND('',#2003,.F.);
#2006=ORIENTED_EDGE('',*,*,#2005,.T.);
#2008=ORIENTED_EDGE('',*,*,#2007,.T.);
#2010=ORIENTED_EDGE('',*,*,#2009,.T.);
#2012=ORIENTED_EDGE('',*,*,#2011,.T.);
#2013=EDGE_LOOP('',(#2006,#2008,#2010,#2012));
#2014=FACE_BOUND('',#2013,.F.);
#2016=CARTESIAN_POINT('',(-1.3714984E1,0.E0,-7.62E0));
#2017=DIRECTION('',(0.E0,0.E0,1.E0));
#2018=DIRECTION('',(1.E0,0.E0,0.E0));
#2019=AXIS2_PLACEMENT_3D('',#2016,#2017,#2018);
#2020=PLANE('',#2019);
#2021=ORIENTED_EDGE('',*,*,#1417,.F.);
#2022=ORIENTED_EDGE('',*,*,#1479,.T.);
#2024=ORIENTED_EDGE('',*,*,#2023,.F.);
#2026=ORIENTED_EDGE('',*,*,#2025,.F.);
#2027=ORIENTED_EDGE('',*,*,#1377,.T.);
#2028=EDGE_LOOP('',(#2021,#2022,#2024,#2026,#2027));
#2029=FACE_OUTER_BOUND('',#2028,.F.);
#2031=CARTESIAN_POINT('',(-1.3714984E1,0.E0,-7.62E0));
#2032=DIRECTION('',(0.E0,0.E0,1.E0));
#2033=DIRECTION('',(1.E0,0.E0,0.E0));
#2034=AXIS2_PLACEMENT_3D('',#2031,#2032,#2033);
#2035=PLANE('',#2034);
#2037=ORIENTED_EDGE('',*,*,#2036,.F.);
#2038=ORIENTED_EDGE('',*,*,#1770,.F.);
#2040=ORIENTED_EDGE('',*,*,#2039,.F.);
#2042=ORIENTED_EDGE('',*,*,#2041,.F.);
#2044=ORIENTED_EDGE('',*,*,#2043,.F.);
#2046=ORIENTED_EDGE('',*,*,#2045,.F.);
#2047=ORIENTED_EDGE('',*,*,#1517,.F.);
#2048=EDGE_LOOP('',(#2037,#2038,#2040,#2042,#2044,#2046,#2047));
#2049=FACE_OUTER_BOUND('',#2048,.F.);
#2051=CARTESIAN_POINT('',(-1.3079984E1,-4.065016E0,0.E0));
#2052=DIRECTION('',(0.E0,1.E0,0.E0));
#2053=DIRECTION('',(-1.E0,0.E0,0.E0));
#2054=AXIS2_PLACEMENT_3D('',#2051,#2052,#2053);
#2055=PLANE('',#2054);
#2056=ORIENTED_EDGE('',*,*,#1383,.F.);
#2057=ORIENTED_EDGE('',*,*,#1847,.T.);
#2059=ORIENTED_EDGE('',*,*,#2058,.T.);
#2060=ORIENTED_EDGE('',*,*,#1878,.T.);
#2061=EDGE_LOOP('',(#2056,#2057,#2059,#2060));
#2062=FACE_OUTER_BOUND('',#2061,.F.);
#2064=CARTESIAN_POINT('',(-1.3079984E1,4.672584E0,0.E0));
#2065=DIRECTION('',(-1.E0,0.E0,0.E0));
#2066=DIRECTION('',(0.E0,-1.E0,0.E0));
#2067=AXIS2_PLACEMENT_3D('',#2064,#2065,#2066);
#2068=PLANE('',#2067);
#2069=ORIENTED_EDGE('',*,*,#1845,.F.);
#2071=ORIENTED_EDGE('',*,*,#2070,.T.);
#2072=ORIENTED_EDGE('',*,*,#1880,.T.);
#2073=ORIENTED_EDGE('',*,*,#2058,.F.);
#2074=EDGE_LOOP('',(#2069,#2071,#2072,#2073));
#2075=FACE_OUTER_BOUND('',#2074,.F.);
#2077=CARTESIAN_POINT('',(-7.263384E0,4.672584E0,0.E0));
#2078=DIRECTION('',(0.E0,1.E0,0.E0));
#2079=DIRECTION('',(-1.E0,0.E0,0.E0));
#2080=AXIS2_PLACEMENT_3D('',#2077,#2078,#2079);
#2081=PLANE('',#2080);
#2082=ORIENTED_EDGE('',*,*,#1843,.F.);
#2084=ORIENTED_EDGE('',*,*,#2083,.T.);
#2085=ORIENTED_EDGE('',*,*,#1882,.T.);
#2086=ORIENTED_EDGE('',*,*,#2070,.F.);
#2087=EDGE_LOOP('',(#2082,#2084,#2085,#2086));
#2088=FACE_OUTER_BOUND('',#2087,.F.);
#2090=CARTESIAN_POINT('',(-7.263384E0,-5.589016E0,0.E0));
#2091=DIRECTION('',(1.E0,0.E0,0.E0));
#2092=DIRECTION('',(0.E0,1.E0,0.E0));
#2093=AXIS2_PLACEMENT_3D('',#2090,#2091,#2092);
#2094=PLANE('',#2093);
#2095=ORIENTED_EDGE('',*,*,#1841,.F.);
#2097=ORIENTED_EDGE('',*,*,#2096,.T.);
#2098=ORIENTED_EDGE('',*,*,#1884,.T.);
#2099=ORIENTED_EDGE('',*,*,#2083,.F.);
#2100=EDGE_LOOP('',(#2095,#2097,#2098,#2099));
#2101=FACE_OUTER_BOUND('',#2100,.F.);
#2103=CARTESIAN_POINT('',(-1.3714984E1,-5.589016E0,0.E0));
#2104=DIRECTION('',(0.E0,-1.E0,0.E0));
#2105=DIRECTION('',(1.E0,0.E0,0.E0));
#2106=AXIS2_PLACEMENT_3D('',#2103,#2104,#2105);
#2107=PLANE('',#2106);
#2108=ORIENTED_EDGE('',*,*,#1387,.T.);
#2109=ORIENTED_EDGE('',*,*,#1886,.T.);
#2110=ORIENTED_EDGE('',*,*,#2096,.F.);
#2111=ORIENTED_EDGE('',*,*,#1839,.F.);
#2112=EDGE_LOOP('',(#2108,#2109,#2110,#2111));
#2113=FACE_OUTER_BOUND('',#2112,.F.);
#2115=CARTESIAN_POINT('',(2.488184E0,2.437384E0,0.E0));
#2116=DIRECTION('',(0.E0,-1.E0,0.E0));
#2117=DIRECTION('',(1.E0,0.E0,0.E0));
#2118=AXIS2_PLACEMENT_3D('',#2115,#2116,#2117);
#2119=PLANE('',#2118);
#2120=ORIENTED_EDGE('',*,*,#1523,.F.);
#2121=ORIENTED_EDGE('',*,*,#1803,.T.);
#2123=ORIENTED_EDGE('',*,*,#2122,.T.);
#2124=ORIENTED_EDGE('',*,*,#1907,.T.);
#2125=EDGE_LOOP('',(#2120,#2121,#2123,#2124));
#2126=FACE_OUTER_BOUND('',#2125,.F.);
#2128=CARTESIAN_POINT('',(2.488184E0,8.025384E0,0.E0));
#2129=DIRECTION('',(-1.E0,0.E0,0.E0));
#2130=DIRECTION('',(0.E0,-1.E0,0.E0));
#2131=AXIS2_PLACEMENT_3D('',#2128,#2129,#2130);
#2132=PLANE('',#2131);
#2133=ORIENTED_EDGE('',*,*,#1801,.F.);
#2135=ORIENTED_EDGE('',*,*,#2134,.T.);
#2136=ORIENTED_EDGE('',*,*,#1909,.T.);
#2137=ORIENTED_EDGE('',*,*,#2122,.F.);
#2138=EDGE_LOOP('',(#2133,#2135,#2136,#2137));
#2139=FACE_OUTER_BOUND('',#2138,.F.);
#2141=CARTESIAN_POINT('',(1.3079984E1,8.025384E0,0.E0));
#2142=DIRECTION('',(0.E0,1.E0,0.E0));
#2143=DIRECTION('',(-1.E0,0.E0,0.E0));
#2144=AXIS2_PLACEMENT_3D('',#2141,#2142,#2143);
#2145=PLANE('',#2144);
#2146=ORIENTED_EDGE('',*,*,#1799,.F.);
#2148=ORIENTED_EDGE('',*,*,#2147,.T.);
#2149=ORIENTED_EDGE('',*,*,#1911,.T.);
#2150=ORIENTED_EDGE('',*,*,#2134,.F.);
#2151=EDGE_LOOP('',(#2146,#2148,#2149,#2150));
#2152=FACE_OUTER_BOUND('',#2151,.F.);
#2154=CARTESIAN_POINT('',(1.3079984E1,3.961384E0,0.E0));
#2155=DIRECTION('',(1.E0,0.E0,0.E0));
#2156=DIRECTION('',(0.E0,1.E0,0.E0));
#2157=AXIS2_PLACEMENT_3D('',#2154,#2155,#2156);
#2158=PLANE('',#2157);
#2159=ORIENTED_EDGE('',*,*,#1797,.F.);
#2161=ORIENTED_EDGE('',*,*,#2160,.T.);
#2162=ORIENTED_EDGE('',*,*,#1913,.T.);
#2163=ORIENTED_EDGE('',*,*,#2147,.F.);
#2164=EDGE_LOOP('',(#2159,#2161,#2162,#2163));
#2165=FACE_OUTER_BOUND('',#2164,.F.);
#2167=CARTESIAN_POINT('',(1.3714984E1,3.961384E0,0.E0));
#2168=DIRECTION('',(0.E0,1.E0,0.E0));
#2169=DIRECTION('',(-1.E0,0.E0,0.E0));
#2170=AXIS2_PLACEMENT_3D('',#2167,#2168,#2169);
#2171=PLANE('',#2170);
#2172=ORIENTED_EDGE('',*,*,#1527,.T.);
#2173=ORIENTED_EDGE('',*,*,#1915,.T.);
#2174=ORIENTED_EDGE('',*,*,#2160,.F.);
#2175=ORIENTED_EDGE('',*,*,#1795,.F.);
#2176=EDGE_LOOP('',(#2172,#2173,#2174,#2175));
#2177=FACE_OUTER_BOUND('',#2176,.F.);
#2179=CARTESIAN_POINT('',(2.488184E0,9.930384E0,0.E0));
#2180=DIRECTION('',(0.E0,-1.E0,0.E0));
#2181=DIRECTION('',(1.E0,0.E0,0.E0));
#2182=AXIS2_PLACEMENT_3D('',#2179,#2180,#2181);
#2183=PLANE('',#2182);
#2184=ORIENTED_EDGE('',*,*,#1531,.F.);
#2185=ORIENTED_EDGE('',*,*,#1792,.T.);
#2187=ORIENTED_EDGE('',*,*,#2186,.T.);
#2188=ORIENTED_EDGE('',*,*,#1936,.T.);
#2189=EDGE_LOOP('',(#2184,#2185,#2187,#2188));
#2190=FACE_OUTER_BOUND('',#2189,.F.);
#2192=CARTESIAN_POINT('',(2.488184E0,1.5619984E1,0.E0));
#2193=DIRECTION('',(-1.E0,0.E0,0.E0));
#2194=DIRECTION('',(0.E0,-1.E0,0.E0));
#2195=AXIS2_PLACEMENT_3D('',#2192,#2193,#2194);
#2196=PLANE('',#2195);
#2197=ORIENTED_EDGE('',*,*,#1790,.F.);
#2199=ORIENTED_EDGE('',*,*,#2198,.T.);
#2200=ORIENTED_EDGE('',*,*,#1938,.T.);
#2201=ORIENTED_EDGE('',*,*,#2186,.F.);
#2202=EDGE_LOOP('',(#2197,#2199,#2200,#2201));
#2203=FACE_OUTER_BOUND('',#2202,.F.);
#2205=CARTESIAN_POINT('',(1.3079984E1,1.5619984E1,0.E0));
#2206=DIRECTION('',(0.E0,1.E0,0.E0));
#2207=DIRECTION('',(-1.E0,0.E0,0.E0));
#2208=AXIS2_PLACEMENT_3D('',#2205,#2206,#2207);
#2209=PLANE('',#2208);
#2210=ORIENTED_EDGE('',*,*,#1788,.F.);
#2212=ORIENTED_EDGE('',*,*,#2211,.T.);
#2213=ORIENTED_EDGE('',*,*,#1940,.T.);
#2214=ORIENTED_EDGE('',*,*,#2198,.F.);
#2215=EDGE_LOOP('',(#2210,#2212,#2213,#2214));
#2216=FACE_OUTER_BOUND('',#2215,.F.);
#2218=CARTESIAN_POINT('',(1.3079984E1,1.1454384E1,0.E0));
#2219=DIRECTION('',(1.E0,0.E0,0.E0));
#2220=DIRECTION('',(0.E0,1.E0,0.E0));
#2221=AXIS2_PLACEMENT_3D('',#2218,#2219,#2220);
#2222=PLANE('',#2221);
#2223=ORIENTED_EDGE('',*,*,#1786,.F.);
#2224=ORIENTED_EDGE('',*,*,#1866,.T.);
#2225=ORIENTED_EDGE('',*,*,#1942,.T.);
#2226=ORIENTED_EDGE('',*,*,#2211,.F.);
#2227=EDGE_LOOP('',(#2223,#2224,#2225,#2226));
#2228=FACE_OUTER_BOUND('',#2227,.F.);
#2230=CARTESIAN_POINT('',(-5.663184E0,-1.4349984E1,0.E0));
#2231=DIRECTION('',(-1.E0,0.E0,0.E0));
#2232=DIRECTION('',(0.E0,-1.E0,0.E0));
#2233=AXIS2_PLACEMENT_3D('',#2230,#2231,#2232);
#2234=PLANE('',#2233);
#2235=ORIENTED_EDGE('',*,*,#1752,.F.);
#2236=ORIENTED_EDGE('',*,*,#1834,.T.);
#2238=ORIENTED_EDGE('',*,*,#2237,.T.);
#2239=ORIENTED_EDGE('',*,*,#1964,.T.);
#2240=EDGE_LOOP('',(#2235,#2236,#2238,#2239));
#2241=FACE_OUTER_BOUND('',#2240,.F.);
#2243=CARTESIAN_POINT('',(-1.2571984E1,-1.4349984E1,0.E0));
#2244=DIRECTION('',(0.E0,-1.E0,0.E0));
#2245=DIRECTION('',(1.E0,0.E0,0.E0));
#2246=AXIS2_PLACEMENT_3D('',#2243,#2244,#2245);
#2247=PLANE('',#2246);
#2248=ORIENTED_EDGE('',*,*,#1832,.F.);
#2250=ORIENTED_EDGE('',*,*,#2249,.T.);
#2251=ORIENTED_EDGE('',*,*,#1966,.T.);
#2252=ORIENTED_EDGE('',*,*,#2237,.F.);
#2253=EDGE_LOOP('',(#2248,#2250,#2251,#2252));
#2254=FACE_OUTER_BOUND('',#2253,.F.);
#2256=CARTESIAN_POINT('',(-1.2571984E1,-7.494016E0,0.E0));
#2257=DIRECTION('',(-1.E0,0.E0,0.E0));
#2258=DIRECTION('',(0.E0,-1.E0,0.E0));
#2259=AXIS2_PLACEMENT_3D('',#2256,#2257,#2258);
#2260=PLANE('',#2259);
#2261=ORIENTED_EDGE('',*,*,#1830,.F.);
#2263=ORIENTED_EDGE('',*,*,#2262,.T.);
#2264=ORIENTED_EDGE('',*,*,#1968,.T.);
#2265=ORIENTED_EDGE('',*,*,#2249,.F.);
#2266=EDGE_LOOP('',(#2261,#2263,#2264,#2265));
#2267=FACE_OUTER_BOUND('',#2266,.F.);
#2269=CARTESIAN_POINT('',(-4.139184E0,-7.494016E0,0.E0));
#2270=DIRECTION('',(0.E0,1.E0,0.E0));
#2271=DIRECTION('',(-1.E0,0.E0,0.E0));
#2272=AXIS2_PLACEMENT_3D('',#2269,#2270,#2271);
#2273=PLANE('',#2272);
#2274=ORIENTED_EDGE('',*,*,#1828,.F.);
#2276=ORIENTED_EDGE('',*,*,#2275,.T.);
#2277=ORIENTED_EDGE('',*,*,#1970,.T.);
#2278=ORIENTED_EDGE('',*,*,#2262,.F.);
#2279=EDGE_LOOP('',(#2274,#2276,#2277,#2278));
#2280=FACE_OUTER_BOUND('',#2279,.F.);
#2282=CARTESIAN_POINT('',(-4.139184E0,-1.6254984E1,0.E0));
#2283=DIRECTION('',(1.E0,0.E0,0.E0));
#2284=DIRECTION('',(0.E0,1.E0,0.E0));
#2285=AXIS2_PLACEMENT_3D('',#2282,#2283,#2284);
#2286=PLANE('',#2285);
#2287=ORIENTED_EDGE('',*,*,#1756,.T.);
#2288=ORIENTED_EDGE('',*,*,#1972,.T.);
#2289=ORIENTED_EDGE('',*,*,#2275,.F.);
#2290=ORIENTED_EDGE('',*,*,#1826,.F.);
#2291=EDGE_LOOP('',(#2287,#2288,#2289,#2290));
#2292=FACE_OUTER_BOUND('',#2291,.F.);
#2294=CARTESIAN_POINT('',(4.674616E0,-1.4349984E1,0.E0));
#2295=DIRECTION('',(-1.E0,0.E0,0.E0));
#2296=DIRECTION('',(0.E0,-1.E0,0.E0));
#2297=AXIS2_PLACEMENT_3D('',#2294,#2295,#2296);
#2298=PLANE('',#2297);
#2299=ORIENTED_EDGE('',*,*,#1760,.F.);
#2300=ORIENTED_EDGE('',*,*,#1823,.T.);
#2302=ORIENTED_EDGE('',*,*,#2301,.T.);
#2303=ORIENTED_EDGE('',*,*,#1993,.T.);
#2304=EDGE_LOOP('',(#2299,#2300,#2302,#2303));
#2305=FACE_OUTER_BOUND('',#2304,.F.);
#2307=CARTESIAN_POINT('',(-2.234184E0,-1.4349984E1,0.E0));
#2308=DIRECTION('',(0.E0,-1.E0,0.E0));
#2309=DIRECTION('',(1.E0,0.E0,0.E0));
#2310=AXIS2_PLACEMENT_3D('',#2307,#2308,#2309);
#2311=PLANE('',#2310);
#2312=ORIENTED_EDGE('',*,*,#1821,.F.);
#2314=ORIENTED_EDGE('',*,*,#2313,.T.);
#2315=ORIENTED_EDGE('',*,*,#1995,.T.);
#2316=ORIENTED_EDGE('',*,*,#2301,.F.);
#2317=EDGE_LOOP('',(#2312,#2314,#2315,#2316));
#2318=FACE_OUTER_BOUND('',#2317,.F.);
#2320=CARTESIAN_POINT('',(-2.234184E0,-7.494016E0,0.E0));
#2321=DIRECTION('',(-1.E0,0.E0,0.E0));
#2322=DIRECTION('',(0.E0,-1.E0,0.E0));
#2323=AXIS2_PLACEMENT_3D('',#2320,#2321,#2322);
#2324=PLANE('',#2323);
#2325=ORIENTED_EDGE('',*,*,#1819,.F.);
#2327=ORIENTED_EDGE('',*,*,#2326,.T.);
#2328=ORIENTED_EDGE('',*,*,#1997,.T.);
#2329=ORIENTED_EDGE('',*,*,#2313,.F.);
#2330=EDGE_LOOP('',(#2325,#2327,#2328,#2329));
#2331=FACE_OUTER_BOUND('',#2330,.F.);
#2333=CARTESIAN_POINT('',(6.198616E0,-7.494016E0,0.E0));
#2334=DIRECTION('',(0.E0,1.E0,0.E0));
#2335=DIRECTION('',(-1.E0,0.E0,0.E0));
#2336=AXIS2_PLACEMENT_3D('',#2333,#2334,#2335);
#2337=PLANE('',#2336);
#2338=ORIENTED_EDGE('',*,*,#1817,.F.);
#2340=ORIENTED_EDGE('',*,*,#2339,.T.);
#2341=ORIENTED_EDGE('',*,*,#1999,.T.);
#2342=ORIENTED_EDGE('',*,*,#2326,.F.);
#2343=EDGE_LOOP('',(#2338,#2340,#2341,#2342));
#2344=FACE_OUTER_BOUND('',#2343,.F.);
#2346=CARTESIAN_POINT('',(6.198616E0,-1.6254984E1,0.E0));
#2347=DIRECTION('',(1.E0,0.E0,0.E0));
#2348=DIRECTION('',(0.E0,1.E0,0.E0));
#2349=AXIS2_PLACEMENT_3D('',#2346,#2347,#2348);
#2350=PLANE('',#2349);
#2351=ORIENTED_EDGE('',*,*,#1764,.T.);
#2352=ORIENTED_EDGE('',*,*,#2001,.T.);
#2353=ORIENTED_EDGE('',*,*,#2339,.F.);
#2354=ORIENTED_EDGE('',*,*,#1815,.F.);
#2355=EDGE_LOOP('',(#2351,#2352,#2353,#2354));
#2356=FACE_OUTER_BOUND('',#2355,.F.);
#2358=CARTESIAN_POINT('',(3.584067E0,1.4032484E1,-7.62E0));
#2359=DIRECTION('',(-1.E0,0.E0,0.E0));
#2360=DIRECTION('',(0.E0,-1.E0,0.E0));
#2361=AXIS2_PLACEMENT_3D('',#2358,#2359,#2360);
#2362=PLANE('',#2361);
#2363=ORIENTED_EDGE('',*,*,#1947,.F.);
#2365=ORIENTED_EDGE('',*,*,#2364,.T.);
#2367=ORIENTED_EDGE('',*,*,#2366,.T.);
#2369=ORIENTED_EDGE('',*,*,#2368,.F.);
#2370=EDGE_LOOP('',(#2363,#2365,#2367,#2369));
#2371=FACE_OUTER_BOUND('',#2370,.F.);
#2373=CARTESIAN_POINT('',(9.934067E0,1.4032484E1,-7.62E0));
#2374=DIRECTION('',(0.E0,1.E0,0.E0));
#2375=DIRECTION('',(-1.E0,0.E0,0.E0));
#2376=AXIS2_PLACEMENT_3D('',#2373,#2374,#2375);
#2377=PLANE('',#2376);
#2378=ORIENTED_EDGE('',*,*,#1953,.F.);
#2380=ORIENTED_EDGE('',*,*,#2379,.T.);
#2382=ORIENTED_EDGE('',*,*,#2381,.T.);
#2383=ORIENTED_EDGE('',*,*,#2364,.F.);
#2384=EDGE_LOOP('',(#2378,#2380,#2382,#2383));
#2385=FACE_OUTER_BOUND('',#2384,.F.);
#2387=CARTESIAN_POINT('',(9.934067E0,1.3222478E1,-7.62E0));
#2388=DIRECTION('',(1.E0,0.E0,0.E0));
#2389=DIRECTION('',(0.E0,1.E0,0.E0));
#2390=AXIS2_PLACEMENT_3D('',#2387,#2388,#2389);
#2391=PLANE('',#2390);
#2392=ORIENTED_EDGE('',*,*,#1951,.F.);
#2394=ORIENTED_EDGE('',*,*,#2393,.T.);
#2396=ORIENTED_EDGE('',*,*,#2395,.T.);
#2397=ORIENTED_EDGE('',*,*,#2379,.F.);
#2398=EDGE_LOOP('',(#2392,#2394,#2396,#2397));
#2399=FACE_OUTER_BOUND('',#2398,.F.);
#2401=CARTESIAN_POINT('',(3.584067E0,1.3222478E1,-7.62E0));
#2402=DIRECTION('',(0.E0,-1.E0,0.E0));
#2403=DIRECTION('',(1.E0,0.E0,0.E0));
#2404=AXIS2_PLACEMENT_3D('',#2401,#2402,#2403);
#2405=PLANE('',#2404);
#2406=ORIENTED_EDGE('',*,*,#1949,.F.);
#2407=ORIENTED_EDGE('',*,*,#2368,.T.);
#2409=ORIENTED_EDGE('',*,*,#2408,.T.);
#2410=ORIENTED_EDGE('',*,*,#2393,.F.);
#2411=EDGE_LOOP('',(#2406,#2407,#2409,#2410));
#2412=FACE_OUTER_BOUND('',#2411,.F.);
#2414=CARTESIAN_POINT('',(-1.3714984E1,0.E0,-2.99974E-1));
#2415=DIRECTION('',(0.E0,0.E0,1.E0));
#2416=DIRECTION('',(1.E0,0.E0,0.E0));
#2417=AXIS2_PLACEMENT_3D('',#2414,#2415,#2416);
#2418=PLANE('',#2417);
#2419=ORIENTED_EDGE('',*,*,#2366,.F.);
#2420=ORIENTED_EDGE('',*,*,#2381,.F.);
#2421=ORIENTED_EDGE('',*,*,#2395,.F.);
#2422=ORIENTED_EDGE('',*,*,#2408,.F.);
#2423=EDGE_LOOP('',(#2419,#2420,#2421,#2422));
#2424=FACE_OUTER_BOUND('',#2423,.F.);
#2426=CARTESIAN_POINT('',(-1.3714984E1,0.E0,-2.99974E-1));
#2427=DIRECTION('',(0.E0,0.E0,1.E0));
#2428=DIRECTION('',(1.E0,0.E0,0.E0));
#2429=AXIS2_PLACEMENT_3D('',#2426,#2427,#2428);
#2430=PLANE('',#2429);
#2432=ORIENTED_EDGE('',*,*,#2431,.F.);
#2434=ORIENTED_EDGE('',*,*,#2433,.F.);
#2436=ORIENTED_EDGE('',*,*,#2435,.F.);
#2438=ORIENTED_EDGE('',*,*,#2437,.F.);
#2439=EDGE_LOOP('',(#2432,#2434,#2436,#2438));
#2440=FACE_OUTER_BOUND('',#2439,.F.);
#2442=CARTESIAN_POINT('',(-1.3714984E1,0.E0,-2.99974E-1));
#2443=DIRECTION('',(0.E0,0.E0,1.E0));
#2444=DIRECTION('',(1.E0,0.E0,0.E0));
#2445=AXIS2_PLACEMENT_3D('',#2442,#2443,#2444);
#2446=PLANE('',#2445);
#2448=ORIENTED_EDGE('',*,*,#2447,.F.);
#2450=ORIENTED_EDGE('',*,*,#2449,.F.);
#2452=ORIENTED_EDGE('',*,*,#2451,.F.);
#2454=ORIENTED_EDGE('',*,*,#2453,.F.);
#2455=EDGE_LOOP('',(#2448,#2450,#2452,#2454));
#2456=FACE_OUTER_BOUND('',#2455,.F.);
#2458=CARTESIAN_POINT('',(-1.3714984E1,0.E0,-2.99974E-1));
#2459=DIRECTION('',(0.E0,0.E0,1.E0));
#2460=DIRECTION('',(1.E0,0.E0,0.E0));
#2461=AXIS2_PLACEMENT_3D('',#2458,#2459,#2460);
#2462=PLANE('',#2461);
#2464=ORIENTED_EDGE('',*,*,#2463,.F.);
#2466=ORIENTED_EDGE('',*,*,#2465,.F.);
#2468=ORIENTED_EDGE('',*,*,#2467,.F.);
#2470=ORIENTED_EDGE('',*,*,#2469,.F.);
#2471=EDGE_LOOP('',(#2464,#2466,#2468,#2470));
#2472=FACE_OUTER_BOUND('',#2471,.F.);
#2474=CARTESIAN_POINT('',(-1.3714984E1,0.E0,-2.99974E-1));
#2475=DIRECTION('',(0.E0,0.E0,1.E0));
#2476=DIRECTION('',(1.E0,0.E0,0.E0));
#2477=AXIS2_PLACEMENT_3D('',#2474,#2475,#2476);
#2478=PLANE('',#2477);
#2480=ORIENTED_EDGE('',*,*,#2479,.F.);
#2482=ORIENTED_EDGE('',*,*,#2481,.F.);
#2484=ORIENTED_EDGE('',*,*,#2483,.F.);
#2486=ORIENTED_EDGE('',*,*,#2485,.F.);
#2487=EDGE_LOOP('',(#2480,#2482,#2484,#2486));
#2488=FACE_OUTER_BOUND('',#2487,.F.);
#2490=CARTESIAN_POINT('',(-1.1555984E1,2.832481E0,-7.62E0));
#2491=DIRECTION('',(-1.E0,0.E0,0.E0));
#2492=DIRECTION('',(0.E0,-1.E0,0.E0));
#2493=AXIS2_PLACEMENT_3D('',#2490,#2491,#2492);
#2494=PLANE('',#2493);
#2495=ORIENTED_EDGE('',*,*,#1890,.F.);
#2497=ORIENTED_EDGE('',*,*,#2496,.T.);
#2498=ORIENTED_EDGE('',*,*,#2431,.T.);
#2500=ORIENTED_EDGE('',*,*,#2499,.F.);
#2501=EDGE_LOOP('',(#2495,#2497,#2498,#2500));
#2502=FACE_OUTER_BOUND('',#2501,.F.);
#2504=CARTESIAN_POINT('',(-1.0745978E1,2.832481E0,-7.62E0));
#2505=DIRECTION('',(0.E0,1.E0,0.E0));
#2506=DIRECTION('',(-1.E0,0.E0,0.E0));
#2507=AXIS2_PLACEMENT_3D('',#2504,#2505,#2506);
#2508=PLANE('',#2507);
#2509=ORIENTED_EDGE('',*,*,#1896,.F.);
#2511=ORIENTED_EDGE('',*,*,#2510,.T.);
#2512=ORIENTED_EDGE('',*,*,#2433,.T.);
#2513=ORIENTED_EDGE('',*,*,#2496,.F.);
#2514=EDGE_LOOP('',(#2509,#2511,#2512,#2513));
#2515=FACE_OUTER_BOUND('',#2514,.F.);
#2517=CARTESIAN_POINT('',(-1.0745978E1,-3.517519E0,-7.62E0));
#2518=DIRECTION('',(1.E0,0.E0,0.E0));
#2519=DIRECTION('',(0.E0,1.E0,0.E0));
#2520=AXIS2_PLACEMENT_3D('',#2517,#2518,#2519);
#2521=PLANE('',#2520);
#2522=ORIENTED_EDGE('',*,*,#1894,.F.);
#2524=ORIENTED_EDGE('',*,*,#2523,.T.);
#2525=ORIENTED_EDGE('',*,*,#2435,.T.);
#2526=ORIENTED_EDGE('',*,*,#2510,.F.);
#2527=EDGE_LOOP('',(#2522,#2524,#2525,#2526));
#2528=FACE_OUTER_BOUND('',#2527,.F.);
#2530=CARTESIAN_POINT('',(-1.1555984E1,-3.517519E0,-7.62E0));
#2531=DIRECTION('',(0.E0,-1.E0,0.E0));
#2532=DIRECTION('',(1.E0,0.E0,0.E0));
#2533=AXIS2_PLACEMENT_3D('',#2530,#2531,#2532);
#2534=PLANE('',#2533);
#2535=ORIENTED_EDGE('',*,*,#1892,.F.);
#2536=ORIENTED_EDGE('',*,*,#2499,.T.);
#2537=ORIENTED_EDGE('',*,*,#2437,.T.);
#2538=ORIENTED_EDGE('',*,*,#2523,.F.);
#2539=EDGE_LOOP('',(#2535,#2536,#2537,#2538));
#2540=FACE_OUTER_BOUND('',#2539,.F.);
#2542=CARTESIAN_POINT('',(3.584067E0,6.412484E0,-7.62E0));
#2543=DIRECTION('',(-1.E0,0.E0,0.E0));
#2544=DIRECTION('',(0.E0,-1.E0,0.E0));
#2545=AXIS2_PLACEMENT_3D('',#2542,#2543,#2544);
#2546=PLANE('',#2545);
#2547=ORIENTED_EDGE('',*,*,#1919,.F.);
#2549=ORIENTED_EDGE('',*,*,#2548,.T.);
#2550=ORIENTED_EDGE('',*,*,#2447,.T.);
#2552=ORIENTED_EDGE('',*,*,#2551,.F.);
#2553=EDGE_LOOP('',(#2547,#2549,#2550,#2552));
#2554=FACE_OUTER_BOUND('',#2553,.F.);
#2556=CARTESIAN_POINT('',(9.934067E0,6.412484E0,-7.62E0));
#2557=DIRECTION('',(0.E0,1.E0,0.E0));
#2558=DIRECTION('',(-1.E0,0.E0,0.E0));
#2559=AXIS2_PLACEMENT_3D('',#2556,#2557,#2558);
#2560=PLANE('',#2559);
#2561=ORIENTED_EDGE('',*,*,#1925,.F.);
#2563=ORIENTED_EDGE('',*,*,#2562,.T.);
#2564=ORIENTED_EDGE('',*,*,#2449,.T.);
#2565=ORIENTED_EDGE('',*,*,#2548,.F.);
#2566=EDGE_LOOP('',(#2561,#2563,#2564,#2565));
#2567=FACE_OUTER_BOUND('',#2566,.F.);
#2569=CARTESIAN_POINT('',(9.934067E0,5.602478E0,-7.62E0));
#2570=DIRECTION('',(1.E0,0.E0,0.E0));
#2571=DIRECTION('',(0.E0,1.E0,0.E0));
#2572=AXIS2_PLACEMENT_3D('',#2569,#2570,#2571);
#2573=PLANE('',#2572);
#2574=ORIENTED_EDGE('',*,*,#1923,.F.);
#2576=ORIENTED_EDGE('',*,*,#2575,.T.);
#2577=ORIENTED_EDGE('',*,*,#2451,.T.);
#2578=ORIENTED_EDGE('',*,*,#2562,.F.);
#2579=EDGE_LOOP('',(#2574,#2576,#2577,#2578));
#2580=FACE_OUTER_BOUND('',#2579,.F.);
#2582=CARTESIAN_POINT('',(3.584067E0,5.602478E0,-7.62E0));
#2583=DIRECTION('',(0.E0,-1.E0,0.E0));
#2584=DIRECTION('',(1.E0,0.E0,0.E0));
#2585=AXIS2_PLACEMENT_3D('',#2582,#2583,#2584);
#2586=PLANE('',#2585);
#2587=ORIENTED_EDGE('',*,*,#1921,.F.);
#2588=ORIENTED_EDGE('',*,*,#2551,.T.);
#2589=ORIENTED_EDGE('',*,*,#2453,.T.);
#2590=ORIENTED_EDGE('',*,*,#2575,.F.);
#2591=EDGE_LOOP('',(#2587,#2588,#2589,#2590));
#2592=FACE_OUTER_BOUND('',#2591,.F.);
#2594=CARTESIAN_POINT('',(-8.26008E-1,-8.978519E0,-7.62E0));
#2595=DIRECTION('',(-1.E0,0.E0,0.E0));
#2596=DIRECTION('',(0.E0,-1.E0,0.E0));
#2597=AXIS2_PLACEMENT_3D('',#2594,#2595,#2596);
#2598=PLANE('',#2597);
#2599=ORIENTED_EDGE('',*,*,#2005,.F.);
#2601=ORIENTED_EDGE('',*,*,#2600,.T.);
#2602=ORIENTED_EDGE('',*,*,#2463,.T.);
#2604=ORIENTED_EDGE('',*,*,#2603,.F.);
#2605=EDGE_LOOP('',(#2599,#2601,#2602,#2604));
#2606=FACE_OUTER_BOUND('',#2605,.F.);
#2608=CARTESIAN_POINT('',(3.924046E0,-8.978519E0,-7.62E0));
#2609=DIRECTION('',(0.E0,1.E0,0.E0));
#2610=DIRECTION('',(-1.E0,0.E0,0.E0));
#2611=AXIS2_PLACEMENT_3D('',#2608,#2609,#2610);
#2612=PLANE('',#2611);
#2613=ORIENTED_EDGE('',*,*,#2011,.F.);
#2615=ORIENTED_EDGE('',*,*,#2614,.T.);
#2616=ORIENTED_EDGE('',*,*,#2465,.T.);
#2617=ORIENTED_EDGE('',*,*,#2600,.F.);
#2618=EDGE_LOOP('',(#2613,#2615,#2616,#2617));
#2619=FACE_OUTER_BOUND('',#2618,.F.);
#2621=CARTESIAN_POINT('',(3.924046E0,-9.486519E0,-7.62E0));
#2622=DIRECTION('',(1.E0,0.E0,0.E0));
#2623=DIRECTION('',(0.E0,1.E0,0.E0));
#2624=AXIS2_PLACEMENT_3D('',#2621,#2622,#2623);
#2625=PLANE('',#2624);
#2626=ORIENTED_EDGE('',*,*,#2009,.F.);
#2628=ORIENTED_EDGE('',*,*,#2627,.T.);
#2629=ORIENTED_EDGE('',*,*,#2467,.T.);
#2630=ORIENTED_EDGE('',*,*,#2614,.F.);
#2631=EDGE_LOOP('',(#2626,#2628,#2629,#2630));
#2632=FACE_OUTER_BOUND('',#2631,.F.);
#2634=CARTESIAN_POINT('',(-8.26008E-1,-9.486519E0,-7.62E0));
#2635=DIRECTION('',(0.E0,-1.E0,0.E0));
#2636=DIRECTION('',(1.E0,0.E0,0.E0));
#2637=AXIS2_PLACEMENT_3D('',#2634,#2635,#2636);
#2638=PLANE('',#2637);
#2639=ORIENTED_EDGE('',*,*,#2007,.F.);
#2640=ORIENTED_EDGE('',*,*,#2603,.T.);
#2641=ORIENTED_EDGE('',*,*,#2469,.T.);
#2642=ORIENTED_EDGE('',*,*,#2627,.F.);
#2643=EDGE_LOOP('',(#2639,#2640,#2641,#2642));
#2644=FACE_OUTER_BOUND('',#2643,.F.);
#2646=CARTESIAN_POINT('',(-1.0986008E1,-8.978519E0,-7.62E0));
#2647=DIRECTION('',(-1.E0,0.E0,0.E0));
#2648=DIRECTION('',(0.E0,-1.E0,0.E0));
#2649=AXIS2_PLACEMENT_3D('',#2646,#2647,#2648);
#2650=PLANE('',#2649);
#2651=ORIENTED_EDGE('',*,*,#1976,.F.);
#2653=ORIENTED_EDGE('',*,*,#2652,.T.);
#2654=ORIENTED_EDGE('',*,*,#2479,.T.);
#2656=ORIENTED_EDGE('',*,*,#2655,.F.);
#2657=EDGE_LOOP('',(#2651,#2653,#2654,#2656));
#2658=FACE_OUTER_BOUND('',#2657,.F.);
#2660=CARTESIAN_POINT('',(-6.235954E0,-8.978519E0,-7.62E0));
#2661=DIRECTION('',(0.E0,1.E0,0.E0));
#2662=DIRECTION('',(-1.E0,0.E0,0.E0));
#2663=AXIS2_PLACEMENT_3D('',#2660,#2661,#2662);
#2664=PLANE('',#2663);
#2665=ORIENTED_EDGE('',*,*,#1982,.F.);
#2667=ORIENTED_EDGE('',*,*,#2666,.T.);
#2668=ORIENTED_EDGE('',*,*,#2481,.T.);
#2669=ORIENTED_EDGE('',*,*,#2652,.F.);
#2670=EDGE_LOOP('',(#2665,#2667,#2668,#2669));
#2671=FACE_OUTER_BOUND('',#2670,.F.);
#2673=CARTESIAN_POINT('',(-6.235954E0,-9.486519E0,-7.62E0));
#2674=DIRECTION('',(1.E0,0.E0,0.E0));
#2675=DIRECTION('',(0.E0,1.E0,0.E0));
#2676=AXIS2_PLACEMENT_3D('',#2673,#2674,#2675);
#2677=PLANE('',#2676);
#2678=ORIENTED_EDGE('',*,*,#1980,.F.);
#2680=ORIENTED_EDGE('',*,*,#2679,.T.);
#2681=ORIENTED_EDGE('',*,*,#2483,.T.);
#2682=ORIENTED_EDGE('',*,*,#2666,.F.);
#2683=EDGE_LOOP('',(#2678,#2680,#2681,#2682));
#2684=FACE_OUTER_BOUND('',#2683,.F.);
#2686=CARTESIAN_POINT('',(-1.0986008E1,-9.486519E0,-7.62E0));
#2687=DIRECTION('',(0.E0,-1.E0,0.E0));
#2688=DIRECTION('',(1.E0,0.E0,0.E0));
#2689=AXIS2_PLACEMENT_3D('',#2686,#2687,#2688);
#2690=PLANE('',#2689);
#2691=ORIENTED_EDGE('',*,*,#1978,.F.);
#2692=ORIENTED_EDGE('',*,*,#2655,.T.);
#2693=ORIENTED_EDGE('',*,*,#2485,.T.);
#2694=ORIENTED_EDGE('',*,*,#2679,.F.);
#2695=EDGE_LOOP('',(#2691,#2692,#2693,#2694));
#2696=FACE_OUTER_BOUND('',#2695,.F.);
#2698=CARTESIAN_POINT('',(1.065784E0,6.094984E0,0.E0));
#2699=DIRECTION('',(1.E0,0.E0,0.E0));
#2700=DIRECTION('',(0.E0,1.E0,0.E0));
#2701=AXIS2_PLACEMENT_3D('',#2698,#2699,#2700);
#2702=PLANE('',#2701);
#2703=ORIENTED_EDGE('',*,*,#1477,.F.);
#2704=ORIENTED_EDGE('',*,*,#1852,.T.);
#2706=ORIENTED_EDGE('',*,*,#2705,.T.);
#2707=ORIENTED_EDGE('',*,*,#2023,.T.);
#2708=EDGE_LOOP('',(#2703,#2704,#2706,#2707));
#2709=FACE_OUTER_BOUND('',#2708,.F.);
#2711=CARTESIAN_POINT('',(-1.3714984E1,6.094984E0,0.E0));
#2712=DIRECTION('',(0.E0,-1.E0,0.E0));
#2713=DIRECTION('',(1.E0,0.E0,0.E0));
#2714=AXIS2_PLACEMENT_3D('',#2711,#2712,#2713);
#2715=PLANE('',#2714);
#2716=ORIENTED_EDGE('',*,*,#1379,.T.);
#2717=ORIENTED_EDGE('',*,*,#2025,.T.);
#2718=ORIENTED_EDGE('',*,*,#2705,.F.);
#2719=ORIENTED_EDGE('',*,*,#1850,.F.);
#2720=EDGE_LOOP('',(#2716,#2717,#2718,#2719));
#2721=FACE_OUTER_BOUND('',#2720,.F.);
#2723=CARTESIAN_POINT('',(1.3397484E1,-1.5937484E1,-1.6634968E1));
#2724=DIRECTION('',(7.071067811865E-1,-7.071067811866E-1,0.E0));
#2725=DIRECTION('',(-7.071067811866E-1,-7.071067811865E-1,0.E0));
#2726=AXIS2_PLACEMENT_3D('',#2723,#2724,#2725);
#2727=PLANE('',#2726);
#2728=ORIENTED_EDGE('',*,*,#1691,.T.);
#2729=ORIENTED_EDGE('',*,*,#1723,.F.);
#2730=ORIENTED_EDGE('',*,*,#1772,.F.);
#2731=ORIENTED_EDGE('',*,*,#2036,.T.);
#2732=ORIENTED_EDGE('',*,*,#1515,.T.);
#2733=EDGE_LOOP('',(#2728,#2729,#2730,#2731,#2732));
#2734=FACE_OUTER_BOUND('',#2733,.F.);
#2736=CARTESIAN_POINT('',(7.621016E0,-5.589016E0,0.E0));
#2737=DIRECTION('',(-1.E0,0.E0,0.E0));
#2738=DIRECTION('',(0.E0,-1.E0,0.E0));
#2739=AXIS2_PLACEMENT_3D('',#2736,#2737,#2738);
#2740=PLANE('',#2739);
#2741=ORIENTED_EDGE('',*,*,#1768,.F.);
#2742=ORIENTED_EDGE('',*,*,#1812,.T.);
#2744=ORIENTED_EDGE('',*,*,#2743,.T.);
#2745=ORIENTED_EDGE('',*,*,#2039,.T.);
#2746=EDGE_LOOP('',(#2741,#2742,#2744,#2745));
#2747=FACE_OUTER_BOUND('',#2746,.F.);
#2749=CARTESIAN_POINT('',(-5.840984E0,-5.589016E0,0.E0));
#2750=DIRECTION('',(0.E0,-1.E0,0.E0));
#2751=DIRECTION('',(1.E0,0.E0,0.E0));
#2752=AXIS2_PLACEMENT_3D('',#2749,#2750,#2751);
#2753=PLANE('',#2752);
#2754=ORIENTED_EDGE('',*,*,#1810,.F.);
#2756=ORIENTED_EDGE('',*,*,#2755,.T.);
#2757=ORIENTED_EDGE('',*,*,#2041,.T.);
#2758=ORIENTED_EDGE('',*,*,#2743,.F.);
#2759=EDGE_LOOP('',(#2754,#2756,#2757,#2758));
#2760=FACE_OUTER_BOUND('',#2759,.F.);
#2762=CARTESIAN_POINT('',(-5.840984E0,1.014984E0,0.E0));
#2763=DIRECTION('',(-1.E0,0.E0,0.E0));
#2764=DIRECTION('',(0.E0,-1.E0,0.E0));
#2765=AXIS2_PLACEMENT_3D('',#2762,#2763,#2764);
#2766=PLANE('',#2765);
#2767=ORIENTED_EDGE('',*,*,#1808,.F.);
#2769=ORIENTED_EDGE('',*,*,#2768,.T.);
#2770=ORIENTED_EDGE('',*,*,#2043,.T.);
#2771=ORIENTED_EDGE('',*,*,#2755,.F.);
#2772=EDGE_LOOP('',(#2767,#2769,#2770,#2771));
#2773=FACE_OUTER_BOUND('',#2772,.F.);
#2775=CARTESIAN_POINT('',(1.3714984E1,1.014984E0,0.E0));
#2776=DIRECTION('',(0.E0,1.E0,0.E0));
#2777=DIRECTION('',(-1.E0,0.E0,0.E0));
#2778=AXIS2_PLACEMENT_3D('',#2775,#2776,#2777);
#2779=PLANE('',#2778);
#2780=ORIENTED_EDGE('',*,*,#1519,.T.);
#2781=ORIENTED_EDGE('',*,*,#2045,.T.);
#2782=ORIENTED_EDGE('',*,*,#2768,.F.);
#2783=ORIENTED_EDGE('',*,*,#1806,.F.);
#2784=EDGE_LOOP('',(#2780,#2781,#2782,#2783));
#2785=FACE_OUTER_BOUND('',#2784,.F.);
#2787=CARTESIAN_POINT('',(1.3714984E1,-2.2731984E1,-2.5649936E1));
#2788=DIRECTION('',(-7.071067811865E-1,7.071067811865E-1,0.E0));
#2789=DIRECTION('',(-7.071067811865E-1,-7.071067811865E-1,0.E0));
#2790=AXIS2_PLACEMENT_3D('',#2787,#2788,#2789);
#2791=PLANE('',#2790);
#2792=ORIENTED_EDGE('',*,*,#1587,.T.);
#2794=ORIENTED_EDGE('',*,*,#2793,.F.);
#2795=ORIENTED_EDGE('',*,*,#1694,.F.);
#2796=ORIENTED_EDGE('',*,*,#1511,.F.);
#2797=EDGE_LOOP('',(#2792,#2794,#2795,#2796));
#2798=FACE_OUTER_BOUND('',#2797,.F.);
#2800=CARTESIAN_POINT('',(-1.3714984E1,-2.5144984E1,-2.5649936E1));
#2801=DIRECTION('',(0.E0,-1.E0,0.E0));
#2802=DIRECTION('',(0.E0,0.E0,-1.E0));
#2803=AXIS2_PLACEMENT_3D('',#2800,#2801,#2802);
#2804=PLANE('',#2803);
#2805=ORIENTED_EDGE('',*,*,#2793,.T.);
#2806=ORIENTED_EDGE('',*,*,#1585,.F.);
#2808=ORIENTED_EDGE('',*,*,#2807,.F.);
#2809=ORIENTED_EDGE('',*,*,#1696,.T.);
#2810=EDGE_LOOP('',(#2805,#2806,#2808,#2809));
#2811=FACE_OUTER_BOUND('',#2810,.F.);
#2813=CARTESIAN_POINT('',(-1.3714984E1,-2.5144984E1,-2.5649936E1));
#2814=DIRECTION('',(0.E0,-1.E0,0.E0));
#2815=DIRECTION('',(0.E0,0.E0,-1.E0));
#2816=AXIS2_PLACEMENT_3D('',#2813,#2814,#2815);
#2817=PLANE('',#2816);
#2818=ORIENTED_EDGE('',*,*,#1679,.F.);
#2819=ORIENTED_EDGE('',*,*,#1704,.T.);
#2821=ORIENTED_EDGE('',*,*,#2820,.T.);
#2822=ORIENTED_EDGE('',*,*,#1577,.F.);
#2823=EDGE_LOOP('',(#2818,#2819,#2821,#2822));
#2824=FACE_OUTER_BOUND('',#2823,.F.);
#2826=CARTESIAN_POINT('',(1.800098E0,-2.5144984E1,-2.5649936E1));
#2827=DIRECTION('',(1.E0,0.E0,0.E0));
#2828=DIRECTION('',(0.E0,1.E0,0.E0));
#2829=AXIS2_PLACEMENT_3D('',#2826,#2827,#2828);
#2830=PLANE('',#2829);
#2831=ORIENTED_EDGE('',*,*,#1698,.F.);
#2832=ORIENTED_EDGE('',*,*,#2807,.T.);
#2833=ORIENTED_EDGE('',*,*,#1583,.T.);
#2835=ORIENTED_EDGE('',*,*,#2834,.F.);
#2836=EDGE_LOOP('',(#2831,#2832,#2833,#2835));
#2837=FACE_OUTER_BOUND('',#2836,.F.);
#2839=CARTESIAN_POINT('',(0.E0,-2.17551E1,-2.5649936E1));
#2840=DIRECTION('',(0.E0,0.E0,1.E0));
#2841=DIRECTION('',(1.E0,0.E0,0.E0));
#2842=AXIS2_PLACEMENT_3D('',#2839,#2840,#2841);
#2843=CYLINDRICAL_SURFACE('',#2842,1.800098E0);
#2844=ORIENTED_EDGE('',*,*,#1700,.F.);
#2845=ORIENTED_EDGE('',*,*,#2834,.T.);
#2846=ORIENTED_EDGE('',*,*,#1581,.T.);
#2848=ORIENTED_EDGE('',*,*,#2847,.F.);
#2849=EDGE_LOOP('',(#2844,#2845,#2846,#2848));
#2850=FACE_OUTER_BOUND('',#2849,.F.);
#2852=CARTESIAN_POINT('',(-1.800098E0,-2.17551E1,-2.5649936E1));
#2853=DIRECTION('',(-1.E0,0.E0,0.E0));
#2854=DIRECTION('',(0.E0,-1.E0,0.E0));
#2855=AXIS2_PLACEMENT_3D('',#2852,#2853,#2854);
#2856=PLANE('',#2855);
#2857=ORIENTED_EDGE('',*,*,#1702,.T.);
#2858=ORIENTED_EDGE('',*,*,#2847,.T.);
#2859=ORIENTED_EDGE('',*,*,#1579,.F.);
#2860=ORIENTED_EDGE('',*,*,#2820,.F.);
#2861=EDGE_LOOP('',(#2857,#2858,#2859,#2860));
#2862=FACE_OUTER_BOUND('',#2861,.F.);
#2868=PLANE_ANGLE_MEASURE_WITH_UNIT(PLANE_ANGLE_MEASURE(1.745329251994E-2),
#2867);
#2869=(CONVERSION_BASED_UNIT('DEGREE',#2868)NAMED_UNIT(*)PLANE_ANGLE_UNIT());
#2871=UNCERTAINTY_MEASURE_WITH_UNIT(LENGTH_MEASURE(6.373227331746E-3),#2866,
'distance_accuracy_value',
'Maximum model space distance between geometric entities at asserted connectivities');
#2874=APPLICATION_CONTEXT('automotive_design');
#2875=APPLICATION_PROTOCOL_DEFINITION('international standard',
'automotive_design',2001,#2874);
#2876=PRODUCT_DEFINITION_CONTEXT('part definition',#2874,'design');
#2877=PRODUCT_CONTEXT('',#2874,'mechanical');
#2878=PRODUCT('C-6-1419102-0','C-6-1419102-0','NOT SPECIFIED',(#2877));
#2879=PRODUCT_DEFINITION_FORMATION('1','LAST_VERSION',#2878);
#2887=DERIVED_UNIT_ELEMENT(#2886,2.E0);
#2888=DERIVED_UNIT((#2887));
#2889=MEASURE_REPRESENTATION_ITEM('surface area measure',AREA_MEASURE(
7.911048366122E3),#2888);
#2894=DERIVED_UNIT_ELEMENT(#2893,3.E0);
#2895=DERIVED_UNIT((#2894));
#2896=MEASURE_REPRESENTATION_ITEM('volume measure',VOLUME_MEASURE(
2.114550630892E4),#2895);
#2900=CARTESIAN_POINT('centre point',(-8.125216550866E-2,-1.187542321821E-1,
-1.689758437369E1));
#2905=DERIVED_UNIT_ELEMENT(#2904,2.E0);
#2906=DERIVED_UNIT((#2905));
#2907=MEASURE_REPRESENTATION_ITEM('surface area measure',AREA_MEASURE(
7.911048366122E3),#2906);
#2912=DERIVED_UNIT_ELEMENT(#2911,3.E0);
#2913=DERIVED_UNIT((#2912));
#2914=MEASURE_REPRESENTATION_ITEM('volume measure',VOLUME_MEASURE(
2.114550630892E4),#2913);
#2918=CARTESIAN_POINT('centre point',(-8.125216550866E-2,-1.187542321821E-1,
-1.689758437369E1));
#2923=PRODUCT_RELATED_PRODUCT_CATEGORY('part','',(#2878));
#1=COLOUR_RGB('',8.784E-1,9.49E-1,1.E0);
#78=CIRCLE('',#77,1.800098E0);
#103=B_SPLINE_CURVE_WITH_KNOTS('',3,(#95,#96,#97,#98,#99,#100,#101,#102),
.UNSPECIFIED.,.F.,.F.,(4,1,1,1,1,4),(0.E0,1.25E-1,2.5E-1,5.E-1,7.5E-1,1.E0),
.UNSPECIFIED.);
#112=B_SPLINE_CURVE_WITH_KNOTS('',3,(#104,#105,#106,#107,#108,#109,#110,#111),
.UNSPECIFIED.,.F.,.F.,(4,1,1,1,1,4),(0.E0,2.5E-1,5.E-1,7.5E-1,8.75E-1,1.E0),
.UNSPECIFIED.);
#213=CIRCLE('',#212,1.800098E0);
#238=CIRCLE('',#237,1.800098E0);
#303=CIRCLE('',#302,1.800098E0);
#324=B_SPLINE_CURVE_WITH_KNOTS('',3,(#316,#317,#318,#319,#320,#321,#322,#323),
.UNSPECIFIED.,.F.,.F.,(4,1,1,1,1,4),(0.E0,2.5E-1,5.E-1,7.5E-1,8.75E-1,1.E0),
.UNSPECIFIED.);
#333=B_SPLINE_CURVE_WITH_KNOTS('',3,(#325,#326,#327,#328,#329,#330,#331,#332),
.UNSPECIFIED.,.F.,.F.,(4,1,1,1,1,4),(0.E0,1.25E-1,2.5E-1,5.E-1,7.5E-1,1.E0),
.UNSPECIFIED.);
#1375=EDGE_CURVE('',#1275,#1277,#5,.T.);
#1377=EDGE_CURVE('',#1087,#1275,#9,.T.);
#1379=EDGE_CURVE('',#1086,#1087,#13,.T.);
#1381=EDGE_CURVE('',#1086,#1091,#17,.T.);
#1383=EDGE_CURVE('',#1091,#1083,#21,.T.);
#1385=EDGE_CURVE('',#1082,#1083,#25,.T.);
#1387=EDGE_CURVE('',#1089,#1082,#29,.T.);
#1389=EDGE_CURVE('',#1089,#1280,#33,.T.);
#1391=EDGE_CURVE('',#1283,#1280,#37,.T.);
#1393=EDGE_CURVE('',#1313,#1283,#315,.T.);
#1395=EDGE_CURVE('',#1312,#1313,#41,.T.);
#1397=EDGE_CURVE('',#1312,#1308,#45,.T.);
#1399=EDGE_CURVE('',#1308,#1309,#49,.T.);
#1401=EDGE_CURVE('',#1277,#1309,#61,.T.);
#1405=ADVANCED_FACE('',(#1404),#1374,.F.);
#1411=EDGE_CURVE('',#1277,#1296,#53,.T.);
#1413=EDGE_CURVE('',#1292,#1296,#103,.T.);
#1415=EDGE_CURVE('',#1274,#1292,#132,.T.);
#1417=EDGE_CURVE('',#1274,#1275,#713,.T.);
#1422=ADVANCED_FACE('',(#1421),#1410,.T.);
#1428=EDGE_CURVE('',#1296,#1297,#57,.T.);
#1432=EDGE_CURVE('',#1309,#1361,#65,.T.);
#1434=EDGE_CURVE('',#1361,#1363,#69,.T.);
#1436=EDGE_CURVE('',#1363,#1367,#73,.T.);
#1438=EDGE_CURVE('',#1367,#1369,#78,.T.);
#1440=EDGE_CURVE('',#1365,#1369,#82,.T.);
#1442=EDGE_CURVE('',#1365,#1359,#86,.T.);
#1444=EDGE_CURVE('',#1359,#1317,#90,.T.);
#1446=EDGE_CURVE('',#1317,#1271,#94,.T.);
#1448=EDGE_CURVE('',#1297,#1271,#136,.T.);
#1452=ADVANCED_FACE('',(#1451),#1427,.T.);
#1458=EDGE_CURVE('',#1292,#1293,#116,.T.);
#1462=EDGE_CURVE('',#1297,#1293,#112,.T.);
#1466=ADVANCED_FACE('',(#1465),#1457,.F.);
#1473=EDGE_CURVE('',#1293,#1269,#120,.T.);
#1475=EDGE_CURVE('',#1134,#1269,#529,.T.);
#1477=EDGE_CURVE('',#1134,#1135,#124,.T.);
#1479=EDGE_CURVE('',#1274,#1135,#128,.T.);
#1484=ADVANCED_FACE('',(#1483),#1471,.T.);
#1493=EDGE_CURVE('',#1271,#1268,#140,.T.);
#1495=EDGE_CURVE('',#1268,#1269,#397,.T.);
#1499=ADVANCED_FACE('',(#1498),#1489,.T.);
#1507=EDGE_CURVE('',#1316,#1317,#144,.T.);
#1509=EDGE_CURVE('',#1320,#1316,#148,.T.);
#1511=EDGE_CURVE('',#1320,#1321,#152,.T.);
#1513=EDGE_CURVE('',#1289,#1321,#290,.T.);
#1515=EDGE_CURVE('',#1287,#1289,#156,.T.);
#1517=EDGE_CURVE('',#1287,#1111,#160,.T.);
#1519=EDGE_CURVE('',#1110,#1111,#164,.T.);
#1521=EDGE_CURVE('',#1105,#1110,#168,.T.);
#1523=EDGE_CURVE('',#1105,#1094,#172,.T.);
#1525=EDGE_CURVE('',#1094,#1095,#176,.T.);
#1527=EDGE_CURVE('',#1107,#1095,#180,.T.);
#1529=EDGE_CURVE('',#1101,#1107,#184,.T.);
#1531=EDGE_CURVE('',#1101,#1098,#188,.T.);
#1533=EDGE_CURVE('',#1098,#1099,#192,.T.);
#1535=EDGE_CURVE('',#1103,#1099,#196,.T.);
#1537=EDGE_CURVE('',#1268,#1103,#200,.T.);
#1541=ADVANCED_FACE('',(#1540),#1504,.T.);
#1547=EDGE_CURVE('',#1343,#1316,#204,.T.);
#1551=EDGE_CURVE('',#1343,#1359,#254,.T.);
#1555=ADVANCED_FACE('',(#1554),#1546,.F.);
#1562=EDGE_CURVE('',#1353,#1343,#262,.T.);
#1564=EDGE_CURVE('',#1353,#1351,#208,.T.);
#1566=EDGE_CURVE('',#1349,#1351,#213,.T.);
#1568=EDGE_CURVE('',#1348,#1349,#217,.T.);
#1570=EDGE_CURVE('',#1345,#1348,#270,.T.);
#1572=EDGE_CURVE('',#1308,#1345,#221,.T.);
#1575=EDGE_CURVE('',#1337,#1312,#225,.T.);
#1577=EDGE_CURVE('',#1337,#1341,#229,.T.);
#1579=EDGE_CURVE('',#1341,#1357,#233,.T.);
#1581=EDGE_CURVE('',#1355,#1357,#238,.T.);
#1583=EDGE_CURVE('',#1339,#1355,#242,.T.);
#1585=EDGE_CURVE('',#1339,#1335,#246,.T.);
#1587=EDGE_CURVE('',#1320,#1335,#250,.T.);
#1592=ADVANCED_FACE('',(#1591),#1560,.T.);
#1600=EDGE_CURVE('',#1353,#1365,#258,.T.);
#1605=ADVANCED_FACE('',(#1604),#1597,.T.);
#1611=EDGE_CURVE('',#1345,#1361,#266,.T.);
#1614=EDGE_CURVE('',#1348,#1363,#274,.T.);
#1619=ADVANCED_FACE('',(#1618),#1610,.T.);
#1628=EDGE_CURVE('',#1369,#1351,#278,.T.);
#1632=ADVANCED_FACE('',(#1631),#1624,.F.);
#1641=EDGE_CURVE('',#1367,#1349,#282,.T.);
#1645=ADVANCED_FACE('',(#1644),#1637,.F.);
#1657=ADVANCED_FACE('',(#1656),#1650,.F.);
#1669=ADVANCED_FACE('',(#1668),#1662,.F.);
#1677=EDGE_CURVE('',#1325,#1313,#311,.T.);
#1679=EDGE_CURVE('',#1325,#1337,#1017,.T.);
#1683=ADVANCED_FACE('',(#1682),#1674,.F.);
#1689=EDGE_CURVE('',#1300,#1301,#286,.T.);
#1691=EDGE_CURVE('',#1289,#1301,#989,.T.);
#1694=EDGE_CURVE('',#1321,#1323,#294,.T.);
#1696=EDGE_CURVE('',#1328,#1323,#1013,.T.);
#1698=EDGE_CURVE('',#1328,#1329,#298,.T.);
#1700=EDGE_CURVE('',#1329,#1331,#303,.T.);
#1702=EDGE_CURVE('',#1333,#1331,#307,.T.);
#1704=EDGE_CURVE('',#1325,#1333,#1021,.T.);
#1708=EDGE_CURVE('',#1300,#1283,#337,.T.);
#1712=ADVANCED_FACE('',(#1711),#1688,.T.);
#1719=EDGE_CURVE('',#1300,#1304,#324,.T.);
#1721=EDGE_CURVE('',#1304,#1305,#341,.T.);
#1723=EDGE_CURVE('',#1305,#1301,#333,.T.);
#1727=ADVANCED_FACE('',(#1726),#1717,.F.);
#1733=EDGE_CURVE('',#1304,#1281,#345,.T.);
#1738=EDGE_CURVE('',#1280,#1281,#497,.T.);
#1742=ADVANCED_FACE('',(#1741),#1732,.T.);
#1750=EDGE_CURVE('',#1281,#1131,#349,.T.);
#1752=EDGE_CURVE('',#1131,#1114,#353,.T.);
#1754=EDGE_CURVE('',#1114,#1115,#357,.T.);
#1756=EDGE_CURVE('',#1129,#1115,#361,.T.);
#1758=EDGE_CURVE('',#1129,#1127,#365,.T.);
#1760=EDGE_CURVE('',#1127,#1118,#369,.T.);
#1762=EDGE_CURVE('',#1118,#1119,#373,.T.);
#1764=EDGE_CURVE('',#1125,#1119,#377,.T.);
#1766=EDGE_CURVE('',#1125,#1122,#381,.T.);
#1768=EDGE_CURVE('',#1122,#1123,#385,.T.);
#1770=EDGE_CURVE('',#1123,#1286,#389,.T.);
#1772=EDGE_CURVE('',#1286,#1305,#393,.T.);
#1776=ADVANCED_FACE('',(#1775),#1747,.T.);
#1784=EDGE_CURVE('',#1103,#1140,#401,.T.);
#1786=EDGE_CURVE('',#1140,#1141,#405,.T.);
#1788=EDGE_CURVE('',#1141,#1143,#409,.T.);
#1790=EDGE_CURVE('',#1143,#1145,#413,.T.);
#1792=EDGE_CURVE('',#1101,#1145,#417,.T.);
#1795=EDGE_CURVE('',#1107,#1148,#421,.T.);
#1797=EDGE_CURVE('',#1148,#1149,#425,.T.);
#1799=EDGE_CURVE('',#1149,#1151,#429,.T.);
#1801=EDGE_CURVE('',#1151,#1153,#433,.T.);
#1803=EDGE_CURVE('',#1105,#1153,#437,.T.);
#1806=EDGE_CURVE('',#1110,#1155,#441,.T.);
#1808=EDGE_CURVE('',#1155,#1157,#445,.T.);
#1810=EDGE_CURVE('',#1157,#1159,#449,.T.);
#1812=EDGE_CURVE('',#1122,#1159,#453,.T.);
#1815=EDGE_CURVE('',#1125,#1169,#457,.T.);
#1817=EDGE_CURVE('',#1169,#1171,#461,.T.);
#1819=EDGE_CURVE('',#1171,#1173,#465,.T.);
#1821=EDGE_CURVE('',#1173,#1175,#469,.T.);
#1823=EDGE_CURVE('',#1127,#1175,#473,.T.);
#1826=EDGE_CURVE('',#1129,#1177,#477,.T.);
#1828=EDGE_CURVE('',#1177,#1179,#481,.T.);
#1830=EDGE_CURVE('',#1179,#1181,#485,.T.);
#1832=EDGE_CURVE('',#1181,#1183,#489,.T.);
#1834=EDGE_CURVE('',#1131,#1183,#493,.T.);
#1839=EDGE_CURVE('',#1089,#1161,#501,.T.);
#1841=EDGE_CURVE('',#1161,#1163,#505,.T.);
#1843=EDGE_CURVE('',#1163,#1165,#509,.T.);
#1845=EDGE_CURVE('',#1165,#1167,#513,.T.);
#1847=EDGE_CURVE('',#1091,#1167,#517,.T.);
#1850=EDGE_CURVE('',#1086,#1137,#521,.T.);
#1852=EDGE_CURVE('',#1134,#1137,#525,.T.);
#1857=ADVANCED_FACE('',(#1856),#1781,.T.);
#1864=EDGE_CURVE('',#1099,#1036,#589,.T.);
#1866=EDGE_CURVE('',#1140,#1036,#789,.T.);
#1871=ADVANCED_FACE('',(#1870),#1862,.F.);
#1878=EDGE_CURVE('',#1063,#1083,#533,.T.);
#1880=EDGE_CURVE('',#1061,#1063,#537,.T.);
#1882=EDGE_CURVE('',#1059,#1061,#541,.T.);
#1884=EDGE_CURVE('',#1058,#1059,#545,.T.);
#1886=EDGE_CURVE('',#1082,#1058,#549,.T.);
#1890=EDGE_CURVE('',#1236,#1237,#649,.T.);
#1892=EDGE_CURVE('',#1237,#1239,#653,.T.);
#1894=EDGE_CURVE('',#1239,#1241,#657,.T.);
#1896=EDGE_CURVE('',#1241,#1236,#661,.T.);
#1900=ADVANCED_FACE('',(#1889,#1899),#1876,.T.);
#1907=EDGE_CURVE('',#1049,#1094,#553,.T.);
#1909=EDGE_CURVE('',#1047,#1049,#557,.T.);
#1911=EDGE_CURVE('',#1045,#1047,#561,.T.);
#1913=EDGE_CURVE('',#1044,#1045,#565,.T.);
#1915=EDGE_CURVE('',#1095,#1044,#569,.T.);
#1919=EDGE_CURVE('',#1244,#1245,#665,.T.);
#1921=EDGE_CURVE('',#1245,#1247,#669,.T.);
#1923=EDGE_CURVE('',#1247,#1249,#673,.T.);
#1925=EDGE_CURVE('',#1249,#1244,#677,.T.);
#1929=ADVANCED_FACE('',(#1918,#1928),#1905,.T.);
#1936=EDGE_CURVE('',#1041,#1098,#573,.T.);
#1938=EDGE_CURVE('',#1039,#1041,#577,.T.);
#1940=EDGE_CURVE('',#1037,#1039,#581,.T.);
#1942=EDGE_CURVE('',#1036,#1037,#585,.T.);
#1947=EDGE_CURVE('',#1228,#1229,#633,.T.);
#1949=EDGE_CURVE('',#1229,#1231,#637,.T.);
#1951=EDGE_CURVE('',#1231,#1233,#641,.T.);
#1953=EDGE_CURVE('',#1233,#1228,#645,.T.);
#1957=ADVANCED_FACE('',(#1946,#1956),#1934,.T.);
#1964=EDGE_CURVE('',#1079,#1114,#593,.T.);
#1966=EDGE_CURVE('',#1077,#1079,#597,.T.);
#1968=EDGE_CURVE('',#1075,#1077,#601,.T.);
#1970=EDGE_CURVE('',#1074,#1075,#605,.T.);
#1972=EDGE_CURVE('',#1115,#1074,#609,.T.);
#1976=EDGE_CURVE('',#1260,#1261,#697,.T.);
#1978=EDGE_CURVE('',#1261,#1263,#701,.T.);
#1980=EDGE_CURVE('',#1263,#1265,#705,.T.);
#1982=EDGE_CURVE('',#1265,#1260,#709,.T.);
#1986=ADVANCED_FACE('',(#1975,#1985),#1962,.T.);
#1993=EDGE_CURVE('',#1071,#1118,#613,.T.);
#1995=EDGE_CURVE('',#1069,#1071,#617,.T.);
#1997=EDGE_CURVE('',#1067,#1069,#621,.T.);
#1999=EDGE_CURVE('',#1066,#1067,#625,.T.);
#2001=EDGE_CURVE('',#1119,#1066,#629,.T.);
#2005=EDGE_CURVE('',#1252,#1253,#681,.T.);
#2007=EDGE_CURVE('',#1253,#1255,#685,.T.);
#2009=EDGE_CURVE('',#1255,#1257,#689,.T.);
#2011=EDGE_CURVE('',#1257,#1252,#693,.T.);
#2015=ADVANCED_FACE('',(#2004,#2014),#1991,.T.);
#2023=EDGE_CURVE('',#1185,#1135,#717,.T.);
#2025=EDGE_CURVE('',#1087,#1185,#721,.T.);
#2030=ADVANCED_FACE('',(#2029),#2020,.T.);
#2036=EDGE_CURVE('',#1286,#1287,#725,.T.);
#2039=EDGE_CURVE('',#1055,#1123,#729,.T.);
#2041=EDGE_CURVE('',#1053,#1055,#733,.T.);
#2043=EDGE_CURVE('',#1052,#1053,#737,.T.);
#2045=EDGE_CURVE('',#1111,#1052,#741,.T.);
#2050=ADVANCED_FACE('',(#2049),#2035,.T.);
#2058=EDGE_CURVE('',#1167,#1063,#745,.T.);
#2063=ADVANCED_FACE('',(#2062),#2055,.F.);
#2070=EDGE_CURVE('',#1165,#1061,#749,.T.);
#2076=ADVANCED_FACE('',(#2075),#2068,.F.);
#2083=EDGE_CURVE('',#1163,#1059,#753,.T.);
#2089=ADVANCED_FACE('',(#2088),#2081,.F.);
#2096=EDGE_CURVE('',#1161,#1058,#757,.T.);
#2102=ADVANCED_FACE('',(#2101),#2094,.F.);
#2114=ADVANCED_FACE('',(#2113),#2107,.F.);
#2122=EDGE_CURVE('',#1153,#1049,#761,.T.);
#2127=ADVANCED_FACE('',(#2126),#2119,.F.);
#2134=EDGE_CURVE('',#1151,#1047,#765,.T.);
#2140=ADVANCED_FACE('',(#2139),#2132,.F.);
#2147=EDGE_CURVE('',#1149,#1045,#769,.T.);
#2153=ADVANCED_FACE('',(#2152),#2145,.F.);
#2160=EDGE_CURVE('',#1148,#1044,#773,.T.);
#2166=ADVANCED_FACE('',(#2165),#2158,.F.);
#2178=ADVANCED_FACE('',(#2177),#2171,.F.);
#2186=EDGE_CURVE('',#1145,#1041,#777,.T.);
#2191=ADVANCED_FACE('',(#2190),#2183,.F.);
#2198=EDGE_CURVE('',#1143,#1039,#781,.T.);
#2204=ADVANCED_FACE('',(#2203),#2196,.F.);
#2211=EDGE_CURVE('',#1141,#1037,#785,.T.);
#2217=ADVANCED_FACE('',(#2216),#2209,.F.);
#2229=ADVANCED_FACE('',(#2228),#2222,.F.);
#2237=EDGE_CURVE('',#1183,#1079,#793,.T.);
#2242=ADVANCED_FACE('',(#2241),#2234,.F.);
#2249=EDGE_CURVE('',#1181,#1077,#797,.T.);
#2255=ADVANCED_FACE('',(#2254),#2247,.F.);
#2262=EDGE_CURVE('',#1179,#1075,#801,.T.);
#2268=ADVANCED_FACE('',(#2267),#2260,.F.);
#2275=EDGE_CURVE('',#1177,#1074,#805,.T.);
#2281=ADVANCED_FACE('',(#2280),#2273,.F.);
#2293=ADVANCED_FACE('',(#2292),#2286,.F.);
#2301=EDGE_CURVE('',#1175,#1071,#809,.T.);
#2306=ADVANCED_FACE('',(#2305),#2298,.F.);
#2313=EDGE_CURVE('',#1173,#1069,#813,.T.);
#2319=ADVANCED_FACE('',(#2318),#2311,.F.);
#2326=EDGE_CURVE('',#1171,#1067,#817,.T.);
#2332=ADVANCED_FACE('',(#2331),#2324,.F.);
#2339=EDGE_CURVE('',#1169,#1066,#821,.T.);
#2345=ADVANCED_FACE('',(#2344),#2337,.F.);
#2357=ADVANCED_FACE('',(#2356),#2350,.F.);
#2364=EDGE_CURVE('',#1228,#1188,#825,.T.);
#2366=EDGE_CURVE('',#1188,#1189,#841,.T.);
#2368=EDGE_CURVE('',#1229,#1189,#837,.T.);
#2372=ADVANCED_FACE('',(#2371),#2362,.T.);
#2379=EDGE_CURVE('',#1233,#1193,#829,.T.);
#2381=EDGE_CURVE('',#1193,#1188,#845,.T.);
#2386=ADVANCED_FACE('',(#2385),#2377,.T.);
#2393=EDGE_CURVE('',#1231,#1191,#833,.T.);
#2395=EDGE_CURVE('',#1191,#1193,#849,.T.);
#2400=ADVANCED_FACE('',(#2399),#2391,.T.);
#2408=EDGE_CURVE('',#1189,#1191,#853,.T.);
#2413=ADVANCED_FACE('',(#2412),#2405,.T.);
#2425=ADVANCED_FACE('',(#2424),#2418,.T.);
#2431=EDGE_CURVE('',#1196,#1197,#857,.T.);
#2433=EDGE_CURVE('',#1201,#1196,#861,.T.);
#2435=EDGE_CURVE('',#1199,#1201,#865,.T.);
#2437=EDGE_CURVE('',#1197,#1199,#869,.T.);
#2441=ADVANCED_FACE('',(#2440),#2430,.T.);
#2447=EDGE_CURVE('',#1204,#1205,#873,.T.);
#2449=EDGE_CURVE('',#1209,#1204,#877,.T.);
#2451=EDGE_CURVE('',#1207,#1209,#881,.T.);
#2453=EDGE_CURVE('',#1205,#1207,#885,.T.);
#2457=ADVANCED_FACE('',(#2456),#2446,.T.);
#2463=EDGE_CURVE('',#1212,#1213,#889,.T.);
#2465=EDGE_CURVE('',#1217,#1212,#893,.T.);
#2467=EDGE_CURVE('',#1215,#1217,#897,.T.);
#2469=EDGE_CURVE('',#1213,#1215,#901,.T.);
#2473=ADVANCED_FACE('',(#2472),#2462,.T.);
#2479=EDGE_CURVE('',#1220,#1221,#905,.T.);
#2481=EDGE_CURVE('',#1225,#1220,#909,.T.);
#2483=EDGE_CURVE('',#1223,#1225,#913,.T.);
#2485=EDGE_CURVE('',#1221,#1223,#917,.T.);
#2489=ADVANCED_FACE('',(#2488),#2478,.T.);
#2496=EDGE_CURVE('',#1236,#1196,#921,.T.);
#2499=EDGE_CURVE('',#1237,#1197,#933,.T.);
#2503=ADVANCED_FACE('',(#2502),#2494,.T.);
#2510=EDGE_CURVE('',#1241,#1201,#925,.T.);
#2516=ADVANCED_FACE('',(#2515),#2508,.T.);
#2523=EDGE_CURVE('',#1239,#1199,#929,.T.);
#2529=ADVANCED_FACE('',(#2528),#2521,.T.);
#2541=ADVANCED_FACE('',(#2540),#2534,.T.);
#2548=EDGE_CURVE('',#1244,#1204,#937,.T.);
#2551=EDGE_CURVE('',#1245,#1205,#949,.T.);
#2555=ADVANCED_FACE('',(#2554),#2546,.T.);
#2562=EDGE_CURVE('',#1249,#1209,#941,.T.);
#2568=ADVANCED_FACE('',(#2567),#2560,.T.);
#2575=EDGE_CURVE('',#1247,#1207,#945,.T.);
#2581=ADVANCED_FACE('',(#2580),#2573,.T.);
#2593=ADVANCED_FACE('',(#2592),#2586,.T.);
#2600=EDGE_CURVE('',#1252,#1212,#953,.T.);
#2603=EDGE_CURVE('',#1253,#1213,#965,.T.);
#2607=ADVANCED_FACE('',(#2606),#2598,.T.);
#2614=EDGE_CURVE('',#1257,#1217,#957,.T.);
#2620=ADVANCED_FACE('',(#2619),#2612,.T.);
#2627=EDGE_CURVE('',#1255,#1215,#961,.T.);
#2633=ADVANCED_FACE('',(#2632),#2625,.T.);
#2645=ADVANCED_FACE('',(#2644),#2638,.T.);
#2652=EDGE_CURVE('',#1260,#1220,#969,.T.);
#2655=EDGE_CURVE('',#1261,#1221,#981,.T.);
#2659=ADVANCED_FACE('',(#2658),#2650,.T.);
#2666=EDGE_CURVE('',#1265,#1225,#973,.T.);
#2672=ADVANCED_FACE('',(#2671),#2664,.T.);
#2679=EDGE_CURVE('',#1263,#1223,#977,.T.);
#2685=ADVANCED_FACE('',(#2684),#2677,.T.);
#2697=ADVANCED_FACE('',(#2696),#2690,.T.);
#2705=EDGE_CURVE('',#1137,#1185,#985,.T.);
#2710=ADVANCED_FACE('',(#2709),#2702,.F.);
#2722=ADVANCED_FACE('',(#2721),#2715,.F.);
#2735=ADVANCED_FACE('',(#2734),#2727,.T.);
#2743=EDGE_CURVE('',#1159,#1055,#993,.T.);
#2748=ADVANCED_FACE('',(#2747),#2740,.F.);
#2755=EDGE_CURVE('',#1157,#1053,#997,.T.);
#2761=ADVANCED_FACE('',(#2760),#2753,.F.);
#2768=EDGE_CURVE('',#1155,#1052,#1001,.T.);
#2774=ADVANCED_FACE('',(#2773),#2766,.F.);
#2786=ADVANCED_FACE('',(#2785),#2779,.F.);
#2793=EDGE_CURVE('',#1323,#1335,#1005,.T.);
#2799=ADVANCED_FACE('',(#2798),#2791,.F.);
#2807=EDGE_CURVE('',#1328,#1339,#1009,.T.);
#2812=ADVANCED_FACE('',(#2811),#2804,.T.);
#2820=EDGE_CURVE('',#1333,#1341,#1025,.T.);
#2825=ADVANCED_FACE('',(#2824),#2817,.T.);
#2834=EDGE_CURVE('',#1329,#1355,#1029,.T.);
#2838=ADVANCED_FACE('',(#2837),#2830,.F.);
#2847=EDGE_CURVE('',#1331,#1357,#1033,.T.);
#2851=ADVANCED_FACE('',(#2850),#2843,.F.);
#2863=ADVANCED_FACE('',(#2862),#2856,.F.);
#2864=CLOSED_SHELL('',(#1405,#1422,#1452,#1466,#1484,#1499,#1541,#1555,#1592,
#1605,#1619,#1632,#1645,#1657,#1669,#1683,#1712,#1727,#1742,#1776,#1857,#1871,
#1900,#1929,#1957,#1986,#2015,#2030,#2050,#2063,#2076,#2089,#2102,#2114,#2127,
#2140,#2153,#2166,#2178,#2191,#2204,#2217,#2229,#2242,#2255,#2268,#2281,#2293,
#2306,#2319,#2332,#2345,#2357,#2372,#2386,#2400,#2413,#2425,#2441,#2457,#2473,
#2489,#2503,#2516,#2529,#2541,#2555,#2568,#2581,#2593,#2607,#2620,#2633,#2645,
#2659,#2672,#2685,#2697,#2710,#2722,#2735,#2748,#2761,#2774,#2786,#2799,#2812,
#2825,#2838,#2851,#2863));
#2865=MANIFOLD_SOLID_BREP('',#2864);
#2866=(LENGTH_UNIT()NAMED_UNIT(*)SI_UNIT(.MILLI.,.METRE.));
#2867=(NAMED_UNIT(*)PLANE_ANGLE_UNIT()SI_UNIT($,.RADIAN.));
#2870=(NAMED_UNIT(*)SI_UNIT($,.STERADIAN.)SOLID_ANGLE_UNIT());
#2872=(GEOMETRIC_REPRESENTATION_CONTEXT(3)GLOBAL_UNCERTAINTY_ASSIGNED_CONTEXT((
#2871))GLOBAL_UNIT_ASSIGNED_CONTEXT((#2866,#2869,#2870))REPRESENTATION_CONTEXT(
'ID1','3'));
#2873=ADVANCED_BREP_SHAPE_REPRESENTATION('',(#2865),#2872);
#2880=PRODUCT_DEFINITION('part definition','',#2879,#2876);
#2881=PRODUCT_DEFINITION_SHAPE('','SHAPE FOR C-6-1419102-0.',#2880);
#2882=SHAPE_ASPECT('','solid data associated with C-6-1419102-0',#2881,.F.);
#2883=PROPERTY_DEFINITION('',
'shape for solid data with which properties are associated',#2882);
#2884=SHAPE_REPRESENTATION('',(#2865),#2872);
#2885=SHAPE_DEFINITION_REPRESENTATION(#2883,#2884);
#2886=(LENGTH_UNIT()NAMED_UNIT(*)SI_UNIT(.MILLI.,.METRE.));
#2890=PROPERTY_DEFINITION('geometric validation property',
'area of C-6-1419102-0',#2882);
#2891=REPRESENTATION('surface area',(#2889),#2872);
#2892=PROPERTY_DEFINITION_REPRESENTATION(#2890,#2891);
#2893=(LENGTH_UNIT()NAMED_UNIT(*)SI_UNIT(.MILLI.,.METRE.));
#2897=PROPERTY_DEFINITION('geometric validation property',
'volume of C-6-1419102-0',#2882);
#2898=REPRESENTATION('volume',(#2896),#2872);
#2899=PROPERTY_DEFINITION_REPRESENTATION(#2897,#2898);
#2901=PROPERTY_DEFINITION('geometric validation property',
'centroid of C-6-1419102-0',#2882);
#2902=REPRESENTATION('centroid',(#2900),#2872);
#2903=PROPERTY_DEFINITION_REPRESENTATION(#2901,#2902);
#2904=(LENGTH_UNIT()NAMED_UNIT(*)SI_UNIT(.MILLI.,.METRE.));
#2908=PROPERTY_DEFINITION('geometric validation property',
'area of C-6-1419102-0',#2881);
#2909=REPRESENTATION('surface area',(#2907),#2872);
#2910=PROPERTY_DEFINITION_REPRESENTATION(#2908,#2909);
#2911=(LENGTH_UNIT()NAMED_UNIT(*)SI_UNIT(.MILLI.,.METRE.));
#2915=PROPERTY_DEFINITION('geometric validation property',
'volume of C-6-1419102-0',#2881);
#2916=REPRESENTATION('volume',(#2914),#2872);
#2917=PROPERTY_DEFINITION_REPRESENTATION(#2915,#2916);
#2919=PROPERTY_DEFINITION('geometric validation property',
'centroid of C-6-1419102-0',#2881);
#2920=REPRESENTATION('centroid',(#2918),#2872);
#2921=PROPERTY_DEFINITION_REPRESENTATION(#2919,#2920);
#2922=SHAPE_DEFINITION_REPRESENTATION(#2881,#2873);
ENDSEC;
END-ISO-10303-21;
