ISO-10303-21;
HEADER;
FILE_DESCRIPTION((''),'2;1');
FILE_NAME('C-3-1618389-7','2017-12-26T',('workeradm'),('TE Connectivity Ltd.'),
'CREO PARAMETRIC BY PTC INC, 2016050','CREO PARAMETRIC BY PTC INC, 2016050','');
FILE_SCHEMA(('AUTOMOTIVE_DESIGN { 1 0 10303 214 1 1 1 1 }'));
ENDSEC;
DATA;
#2=CARTESIAN_POINT('',(0.E0,0.E0,-4.88442E1));
#3=DIRECTION('',(0.E0,0.E0,-1.E0));
#4=DIRECTION('',(1.E0,0.E0,0.E0));
#5=AXIS2_PLACEMENT_3D('',#2,#3,#4);
#7=CARTESIAN_POINT('',(1.92913E1,0.E0,-4.88442E1));
#8=DIRECTION('',(0.E0,0.E0,-1.E0));
#9=DIRECTION('',(8.974983541803E-1,4.410178049054E-1,0.E0));
#10=AXIS2_PLACEMENT_3D('',#7,#8,#9);
#12=CARTESIAN_POINT('',(0.E0,0.E0,-4.88442E1));
#13=DIRECTION('',(0.E0,0.E0,-1.E0));
#14=DIRECTION('',(9.999356489821E-1,1.134450945094E-2,0.E0));
#15=AXIS2_PLACEMENT_3D('',#12,#13,#14);
#17=CARTESIAN_POINT('',(0.E0,0.E0,-4.88442E1));
#18=DIRECTION('',(0.E0,0.E0,-1.E0));
#19=DIRECTION('',(-9.999356489821E-1,-1.134450945094E-2,0.E0));
#20=AXIS2_PLACEMENT_3D('',#17,#18,#19);
#22=CARTESIAN_POINT('',(0.E0,0.E0,-4.88442E1));
#23=DIRECTION('',(0.E0,0.E0,-1.E0));
#24=DIRECTION('',(-1.E0,0.E0,0.E0));
#25=AXIS2_PLACEMENT_3D('',#22,#23,#24);
#27=CARTESIAN_POINT('',(-1.92913E1,0.E0,-4.88442E1));
#28=DIRECTION('',(0.E0,0.E0,-1.E0));
#29=DIRECTION('',(-8.974983541803E-1,-4.410178049054E-1,0.E0));
#30=AXIS2_PLACEMENT_3D('',#27,#28,#29);
#32=DIRECTION('',(0.E0,0.E0,-1.E0));
#33=VECTOR('',#32,5.08E-1);
#34=CARTESIAN_POINT('',(1.97485E1,0.E0,-4.88442E1));
#35=LINE('',#34,#33);
#36=DIRECTION('',(0.E0,0.E0,-1.E0));
#37=VECTOR('',#36,5.08E-1);
#38=CARTESIAN_POINT('',(-1.97485E1,0.E0,-4.88442E1));
#39=LINE('',#38,#37);
#40=CARTESIAN_POINT('',(0.E0,0.E0,-4.93522E1));
#41=DIRECTION('',(0.E0,0.E0,-1.E0));
#42=DIRECTION('',(1.E0,0.E0,0.E0));
#43=AXIS2_PLACEMENT_3D('',#40,#41,#42);
#45=CARTESIAN_POINT('',(0.E0,0.E0,-4.93522E1));
#46=DIRECTION('',(0.E0,0.E0,-1.E0));
#47=DIRECTION('',(-1.E0,0.E0,0.E0));
#48=AXIS2_PLACEMENT_3D('',#45,#46,#47);
#50=CARTESIAN_POINT('',(0.E0,-1.2192E1,-4.93522E1));
#51=DIRECTION('',(0.E0,0.E0,1.E0));
#52=DIRECTION('',(0.E0,1.E0,0.E0));
#53=AXIS2_PLACEMENT_3D('',#50,#51,#52);
#55=CARTESIAN_POINT('',(0.E0,-1.2192E1,-4.93522E1));
#56=DIRECTION('',(0.E0,0.E0,1.E0));
#57=DIRECTION('',(0.E0,-1.E0,0.E0));
#58=AXIS2_PLACEMENT_3D('',#55,#56,#57);
#60=CARTESIAN_POINT('',(1.495537019592E0,-6.375976173484E0,-4.93522E1));
#61=CARTESIAN_POINT('',(1.495536763641E0,-6.424302920853E0,-4.935220002818E1));
#62=CARTESIAN_POINT('',(1.490869081050E0,-6.520088867572E0,-4.935219998692E1));
#63=CARTESIAN_POINT('',(1.470535906679E0,-6.660861744841E0,-4.935220000350E1));
#64=CARTESIAN_POINT('',(1.436836773138E0,-6.799639907354E0,-4.935219999906E1));
#65=CARTESIAN_POINT('',(1.390229541973E0,-6.934245557395E0,-4.935220000025E1));
#66=CARTESIAN_POINT('',(1.331037360381E0,-7.063938992093E0,-4.935219999993E1));
#67=CARTESIAN_POINT('',(1.259844802868E0,-7.187362714327E0,-4.935220000002E1));
#68=CARTESIAN_POINT('',(1.177304276504E0,-7.303435317580E0,-4.93522E1));
#69=CARTESIAN_POINT('',(1.084154680938E0,-7.411124955350E0,-4.93522E1));
#70=CARTESIAN_POINT('',(9.812478690221E-1,-7.509458252470E0,-4.93522E1));
#71=CARTESIAN_POINT('',(8.695165607101E-1,-7.597555400904E0,-4.93522E1));
#72=CARTESIAN_POINT('',(7.499687388329E-1,-7.674630875203E0,-4.93522E1));
#73=CARTESIAN_POINT('',(6.236832368567E-1,-7.739996661860E0,-4.93522E1));
#74=CARTESIAN_POINT('',(4.917963440345E-1,-7.793070837348E0,-4.93522E1));
#75=CARTESIAN_POINT('',(3.554931182172E-1,-7.833381054665E0,-4.93522E1));
#76=CARTESIAN_POINT('',(2.159969195402E-1,-7.860568556867E0,-4.93522E1));
#77=CARTESIAN_POINT('',(7.455841969050E-2,-7.874391031878E0,-4.93522E1));
#78=CARTESIAN_POINT('',(-6.755435569771E-2,-7.874724418110E0,-4.93522E1));
#79=CARTESIAN_POINT('',(-2.090671274782E-1,-7.861564127278E0,-4.93522E1));
#80=CARTESIAN_POINT('',(-3.487106662717E-1,-7.835025094068E0,-4.93522E1));
#81=CARTESIAN_POINT('',(-4.852309334213E-1,-7.795341091071E0,-4.93522E1));
#82=CARTESIAN_POINT('',(-6.174002773682E-1,-7.742863104740E0,-4.93522E1));
#83=CARTESIAN_POINT('',(-7.440284884387E-1,-7.678056561490E0,-4.93522E1));
#84=CARTESIAN_POINT('',(-8.639720835099E-1,-7.601498230871E0,-4.93522E1));
#85=CARTESIAN_POINT('',(-9.761471035234E-1,-7.513871484859E0,-4.93522E1));
#86=CARTESIAN_POINT('',(-1.079539858105E0,-7.415954636072E0,-4.93522E1));
#87=CARTESIAN_POINT('',(-1.173196261149E0,-7.308648456768E0,-4.935219999999E1));
#88=CARTESIAN_POINT('',(-1.256298906835E0,-7.192860183995E0,-4.935220000002E1));
#89=CARTESIAN_POINT('',(-1.328030214011E0,-7.069758048433E0,-4.935219999992E1));
#90=CARTESIAN_POINT('',(-1.387849704820E0,-6.940140157404E0,-4.935220000029E1));
#91=CARTESIAN_POINT('',(-1.434902059663E0,-6.806148691184E0,-4.935219999893E1));
#92=CARTESIAN_POINT('',(-1.469554945543E0,-6.666405707375E0,-4.935220000401E1));
#93=CARTESIAN_POINT('',(-1.490817153157E0,-6.521724662180E0,-4.935219998503E1));
#94=CARTESIAN_POINT('',(-1.495536742612E0,-6.424794772979E0,-4.935220003226E1));
#95=CARTESIAN_POINT('',(-1.495537019592E0,-6.375976173484E0,-4.93522E1));
#97=DIRECTION('',(0.E0,1.E0,0.E0));
#98=VECTOR('',#97,1.275195234697E1);
#99=CARTESIAN_POINT('',(-1.495537019592E0,-6.375976173484E0,-4.93522E1));
#100=LINE('',#99,#98);
#101=CARTESIAN_POINT('',(-1.495537019592E0,6.375976173484E0,-4.93522E1));
#102=CARTESIAN_POINT('',(-1.495536764933E0,6.424232131838E0,-4.935220002804E1));
#103=CARTESIAN_POINT('',(-1.490882128786E0,6.519919984416E0,-4.935219998699E1));
#104=CARTESIAN_POINT('',(-1.470575882035E0,6.660667936021E0,-4.935220000349E1));
#105=CARTESIAN_POINT('',(-1.436860024475E0,6.799567937387E0,-4.935219999907E1));
#106=CARTESIAN_POINT('',(-1.390269011995E0,6.934140281795E0,-4.935220000025E1));
#107=CARTESIAN_POINT('',(-1.331111105300E0,7.063795203026E0,-4.935219999993E1));
#108=CARTESIAN_POINT('',(-1.259922476935E0,7.187243023665E0,-4.935220000002E1));
#109=CARTESIAN_POINT('',(-1.177389408478E0,7.303326249207E0,-4.93522E1));
#110=CARTESIAN_POINT('',(-1.084261770183E0,7.411011834227E0,-4.93522E1));
#111=CARTESIAN_POINT('',(-9.813681166259E-1,7.509353784736E0,-4.93522E1));
#112=CARTESIAN_POINT('',(-8.696484037360E-1,7.597461015325E0,-4.93522E1));
#113=CARTESIAN_POINT('',(-7.501148752812E-1,7.674545943122E0,-4.93522E1));
#114=CARTESIAN_POINT('',(-6.238418900903E-1,7.739923691281E0,-4.93522E1));
#115=CARTESIAN_POINT('',(-4.919660882695E-1,7.793011533256E0,-4.93522E1));
#116=CARTESIAN_POINT('',(-3.556733825083E-1,7.833336739896E0,-4.93522E1));
#117=CARTESIAN_POINT('',(-2.161859719642E-1,7.860540771240E0,-4.93522E1));
#118=CARTESIAN_POINT('',(-7.475494832657E-2,7.874381022987E0,-4.93522E1));
#119=CARTESIAN_POINT('',(6.735204963430E-2,7.874733378093E0,-4.93522E1));
#120=CARTESIAN_POINT('',(2.088611372547E-1,7.861593014864E0,-4.93522E1));
#121=CARTESIAN_POINT('',(3.485026456683E-1,7.835074777766E0,-4.93522E1));
#122=CARTESIAN_POINT('',(4.850236030688E-1,7.795412017487E0,-4.93522E1));
#123=CARTESIAN_POINT('',(6.171953530298E-1,7.742955717712E0,-4.93522E1));
#124=CARTESIAN_POINT('',(7.438272451554E-1,7.678171712293E0,-4.93522E1));
#125=CARTESIAN_POINT('',(8.637804219002E-1,7.601633770489E0,-4.93522E1));
#126=CARTESIAN_POINT('',(9.759661866679E-1,7.514026630492E0,-4.93522E1));
#127=CARTESIAN_POINT('',(1.079361656584E0,7.416139579228E0,-4.93522E1));
#128=CARTESIAN_POINT('',(1.173040850904E0,7.308846023429E0,-4.935219999999E1));
#129=CARTESIAN_POINT('',(1.256173235903E0,7.193052860608E0,-4.935220000002E1));
#130=CARTESIAN_POINT('',(1.327895226495E0,7.070013290123E0,-4.935219999992E1));
#131=CARTESIAN_POINT('',(1.387731295467E0,6.940432051386E0,-4.935220000029E1));
#132=CARTESIAN_POINT('',(1.434842061767E0,6.806375300683E0,-4.935219999893E1));
#133=CARTESIAN_POINT('',(1.469572753075E0,6.666347879833E0,-4.935220000399E1));
#134=CARTESIAN_POINT('',(1.490824175144E0,6.521636564448E0,-4.935219998510E1));
#135=CARTESIAN_POINT('',(1.495536743566E0,6.424749041785E0,-4.935220003210E1));
#136=CARTESIAN_POINT('',(1.495537019592E0,6.375976173484E0,-4.93522E1));
#138=DIRECTION('',(0.E0,-1.E0,0.E0));
#139=VECTOR('',#138,1.275195234697E1);
#140=CARTESIAN_POINT('',(1.495537019592E0,6.375976173484E0,-4.93522E1));
#141=LINE('',#140,#139);
#142=CARTESIAN_POINT('',(8.89E0,0.E0,-4.93522E1));
#143=DIRECTION('',(0.E0,0.E0,1.E0));
#144=DIRECTION('',(-1.E0,0.E0,0.E0));
#145=AXIS2_PLACEMENT_3D('',#142,#143,#144);
#147=CARTESIAN_POINT('',(8.89E0,0.E0,-4.93522E1));
#148=DIRECTION('',(0.E0,0.E0,1.E0));
#149=DIRECTION('',(1.E0,0.E0,0.E0));
#150=AXIS2_PLACEMENT_3D('',#147,#148,#149);
#152=CARTESIAN_POINT('',(-8.89E0,0.E0,-4.93522E1));
#153=DIRECTION('',(0.E0,0.E0,1.E0));
#154=DIRECTION('',(-1.E0,0.E0,0.E0));
#155=AXIS2_PLACEMENT_3D('',#152,#153,#154);
#157=CARTESIAN_POINT('',(-8.89E0,0.E0,-4.93522E1));
#158=DIRECTION('',(0.E0,0.E0,1.E0));
#159=DIRECTION('',(1.E0,0.E0,0.E0));
#160=AXIS2_PLACEMENT_3D('',#157,#158,#159);
#162=CARTESIAN_POINT('',(-3.556E0,1.202900026141E1,-4.93522E1));
#163=CARTESIAN_POINT('',(-3.580678384875E0,1.202900026141E1,-4.93522E1));
#164=CARTESIAN_POINT('',(-3.629670061923E0,1.203185457073E1,-4.93522E1));
#165=CARTESIAN_POINT('',(-3.702656386689E0,1.204472060837E1,-4.93522E1));
#166=CARTESIAN_POINT('',(-3.773359284095E0,1.206589404423E1,-4.93522E1));
#167=CARTESIAN_POINT('',(-3.841454633622E0,1.209528274431E1,-4.93522E1));
#168=CARTESIAN_POINT('',(-3.905357105487E0,1.213219254536E1,-4.93522E1));
#169=CARTESIAN_POINT('',(-3.964899990026E0,1.217653957690E1,-4.93522E1));
#170=CARTESIAN_POINT('',(-4.018621816826E0,1.222725620728E1,-4.93522E1));
#171=CARTESIAN_POINT('',(-4.066330425647E0,1.228412806832E1,-4.93522E1));
#172=CARTESIAN_POINT('',(-4.107011808352E0,1.234603555278E1,-4.93522E1));
#173=CARTESIAN_POINT('',(-4.140274231419E0,1.241227597290E1,-4.93522E1));
#174=CARTESIAN_POINT('',(-4.165665605823E0,1.248211109917E1,-4.93522E1));
#175=CARTESIAN_POINT('',(-4.182729562953E0,1.255411671963E1,-4.93522E1));
#176=CARTESIAN_POINT('',(-4.191363737240E0,1.262806516955E1,-4.93522E1));
#177=CARTESIAN_POINT('',(-4.191364984715E0,1.270201901712E1,-4.93522E1));
#178=CARTESIAN_POINT('',(-4.182730351092E0,1.277597833067E1,-4.93522E1));
#179=CARTESIAN_POINT('',(-4.165669610245E0,1.284797994369E1,-4.93522E1));
#180=CARTESIAN_POINT('',(-4.140271333573E0,1.291783926353E1,-4.93522E1));
#181=CARTESIAN_POINT('',(-4.107010947816E0,1.298407859962E1,-4.93522E1));
#182=CARTESIAN_POINT('',(-4.066323252207E0,1.304600195873E1,-4.93522E1));
#183=CARTESIAN_POINT('',(-4.018606025412E0,1.310288544520E1,-4.93522E1));
#184=CARTESIAN_POINT('',(-3.964894821912E0,1.315359800259E1,-4.93522E1));
#185=CARTESIAN_POINT('',(-3.905325522310E0,1.319796640713E1,-4.93522E1));
#186=CARTESIAN_POINT('',(-3.841457102191E0,1.323486065309E1,-4.93522E1));
#187=CARTESIAN_POINT('',(-3.773325182952E0,1.326426770656E1,-4.93522E1));
#188=CARTESIAN_POINT('',(-3.702666988260E0,1.328542904759E1,-4.93522E1));
#189=CARTESIAN_POINT('',(-3.629656908762E0,1.329830315186E1,-4.93522E1));
#190=CARTESIAN_POINT('',(-3.580673821737E0,1.330115559288E1,-4.93522E1));
#191=CARTESIAN_POINT('',(-3.556E0,1.330115559288E1,-4.93522E1));
#193=CARTESIAN_POINT('',(-3.556E0,1.330115559288E1,-4.93522E1));
#194=CARTESIAN_POINT('',(-3.531324871514E0,1.330115559288E1,-4.93522E1));
#195=CARTESIAN_POINT('',(-3.482339251988E0,1.329830151745E1,-4.93522E1));
#196=CARTESIAN_POINT('',(-3.409360862728E0,1.328543622345E1,-4.93522E1));
#197=CARTESIAN_POINT('',(-3.338664105360E0,1.326426360433E1,-4.93522E1));
#198=CARTESIAN_POINT('',(-3.270572217940E0,1.323487510149E1,-4.93522E1));
#199=CARTESIAN_POINT('',(-3.206670423537E0,1.319796423577E1,-4.93522E1));
#200=CARTESIAN_POINT('',(-3.147125665755E0,1.315361434200E1,-4.93522E1));
#201=CARTESIAN_POINT('',(-3.093399947098E0,1.310289268193E1,-4.93522E1));
#202=CARTESIAN_POINT('',(-3.045686691763E0,1.304601427746E1,-4.93522E1));
#203=CARTESIAN_POINT('',(-3.005000213313E0,1.298409858019E1,-4.93522E1));
#204=CARTESIAN_POINT('',(-2.971733565254E0,1.291785011922E1,-4.93522E1));
#205=CARTESIAN_POINT('',(-2.946338756522E0,1.284800728747E1,-4.93522E1));
#206=CARTESIAN_POINT('',(-2.929272537964E0,1.277599601181E1,-4.93522E1));
#207=CARTESIAN_POINT('',(-2.920636853521E0,1.270204439159E1,-4.93522E1));
#208=CARTESIAN_POINT('',(-2.920634425069E0,1.262809054086E1,-4.93522E1));
#209=CARTESIAN_POINT('',(-2.929267548269E0,1.255413440060E1,-4.93522E1));
#210=CARTESIAN_POINT('',(-2.946326029028E0,1.248213843889E1,-4.93522E1));
#211=CARTESIAN_POINT('',(-2.971720869434E0,1.241228682900E1,-4.93522E1));
#212=CARTESIAN_POINT('',(-3.004977033234E0,1.234605553014E1,-4.93522E1));
#213=CARTESIAN_POINT('',(-3.045659615458E0,1.228414040694E1,-4.93522E1));
#214=CARTESIAN_POINT('',(-3.093372207315E0,1.222726344770E1,-4.93522E1));
#215=CARTESIAN_POINT('',(-3.147079492760E0,1.217655594161E1,-4.93522E1));
#216=CARTESIAN_POINT('',(-3.206646924929E0,1.213219038880E1,-4.93522E1));
#217=CARTESIAN_POINT('',(-3.270516023322E0,1.209529720436E1,-4.93522E1));
#218=CARTESIAN_POINT('',(-3.338651387117E0,1.206588995670E1,-4.93522E1));
#219=CARTESIAN_POINT('',(-3.409315726862E0,1.204472779373E1,-4.93522E1));
#220=CARTESIAN_POINT('',(-3.482333685434E0,1.203185294742E1,-4.93522E1));
#221=CARTESIAN_POINT('',(-3.531322883402E0,1.202900026141E1,-4.93522E1));
#222=CARTESIAN_POINT('',(-3.556E0,1.202900026141E1,-4.93522E1));
#224=CARTESIAN_POINT('',(3.556E0,1.332099056578E1,-4.93522E1));
#225=CARTESIAN_POINT('',(3.580699461929E0,1.332099056578E1,-4.93522E1));
#226=CARTESIAN_POINT('',(3.629731199912E0,1.331813548623E1,-4.93522E1));
#227=CARTESIAN_POINT('',(3.702772834589E0,1.330526727134E1,-4.93522E1));
#228=CARTESIAN_POINT('',(3.773521767668E0,1.328409232851E1,-4.93522E1));
#229=CARTESIAN_POINT('',(3.841647590871E0,1.325470752045E1,-4.93522E1));
#230=CARTESIAN_POINT('',(3.905564666926E0,1.321781082428E1,-4.93522E1));
#231=CARTESIAN_POINT('',(3.965104790237E0,1.317349163311E1,-4.93522E1));
#232=CARTESIAN_POINT('',(4.018807379585E0,1.312282317362E1,-4.93522E1));
#233=CARTESIAN_POINT('',(4.066486874928E0,1.306601960421E1,-4.93522E1));
#234=CARTESIAN_POINT('',(4.107128824949E0,1.300420916206E1,-4.93522E1));
#235=CARTESIAN_POINT('',(4.140352463377E0,1.293808621624E1,-4.93522E1));
#236=CARTESIAN_POINT('',(4.165706854937E0,1.286839532725E1,-4.93522E1));
#237=CARTESIAN_POINT('',(4.182743637890E0,1.279655029646E1,-4.93522E1));
#238=CARTESIAN_POINT('',(4.191363179078E0,1.272277621143E1,-4.93522E1));
#239=CARTESIAN_POINT('',(4.191365075469E0,1.264900242056E1,-4.93522E1));
#240=CARTESIAN_POINT('',(4.182746711564E0,1.257522087726E1,-4.93522E1));
#241=CARTESIAN_POINT('',(4.165715643378E0,1.250338612893E1,-4.93522E1));
#242=CARTESIAN_POINT('',(4.140358094147E0,1.243367940304E1,-4.93522E1));
#243=CARTESIAN_POINT('',(4.107141091201E0,1.236756629041E1,-4.93522E1));
#244=CARTESIAN_POINT('',(4.066498524023E0,1.230574908315E1,-4.93522E1));
#245=CARTESIAN_POINT('',(4.018815314998E0,1.224894080790E1,-4.93522E1));
#246=CARTESIAN_POINT('',(3.965127827258E0,1.219828209649E1,-4.93522E1));
#247=CARTESIAN_POINT('',(3.905563228619E0,1.215394452876E1,-4.93522E1));
#248=CARTESIAN_POINT('',(3.841679443900E0,1.211706451858E1,-4.93522E1));
#249=CARTESIAN_POINT('',(3.773513431796E0,1.208766117749E1,-4.93522E1));
#250=CARTESIAN_POINT('',(3.702802310046E0,1.206649735832E1,-4.93522E1));
#251=CARTESIAN_POINT('',(3.629728674591E0,1.205362030911E1,-4.93522E1));
#252=CARTESIAN_POINT('',(3.580698645357E0,1.205076678013E1,-4.93522E1));
#253=CARTESIAN_POINT('',(3.556E0,1.205076678013E1,-4.93522E1));
#255=CARTESIAN_POINT('',(3.556E0,1.205076678013E1,-4.93522E1));
#256=CARTESIAN_POINT('',(3.531300247315E0,1.205076678013E1,-4.93522E1));
#257=CARTESIAN_POINT('',(3.482267968542E0,1.205362188056E1,-4.93522E1));
#258=CARTESIAN_POINT('',(3.409225625694E0,1.206649016179E1,-4.93522E1));
#259=CARTESIAN_POINT('',(3.338476144895E0,1.208766517745E1,-4.93522E1));
#260=CARTESIAN_POINT('',(3.270350013446E0,1.211705000288E1,-4.93522E1));
#261=CARTESIAN_POINT('',(3.206432877588E0,1.215394660387E1,-4.93522E1));
#262=CARTESIAN_POINT('',(3.146892922306E0,1.219826553936E1,-4.93522E1));
#263=CARTESIAN_POINT('',(3.093190680416E0,1.224893355041E1,-4.93522E1));
#264=CARTESIAN_POINT('',(3.045511599694E0,1.230573653666E1,-4.93522E1));
#265=CARTESIAN_POINT('',(3.004870104065E0,1.236754624718E1,-4.93522E1));
#266=CARTESIAN_POINT('',(2.971646841890E0,1.243366847774E1,-4.93522E1));
#267=CARTESIAN_POINT('',(2.946292756351E0,1.250335868100E1,-4.93522E1));
#268=CARTESIAN_POINT('',(2.929256174796E0,1.257520320911E1,-4.93522E1));
#269=CARTESIAN_POINT('',(2.920636768244E0,1.264897701220E1,-4.93522E1));
#270=CARTESIAN_POINT('',(2.920634977161E0,1.272275080278E1,-4.93522E1));
#271=CARTESIAN_POINT('',(2.929253475726E0,1.279653262830E1,-4.93522E1));
#272=CARTESIAN_POINT('',(2.946284745193E0,1.286836787897E1,-4.93522E1));
#273=CARTESIAN_POINT('',(2.971642600616E0,1.293807529098E1,-4.93522E1));
#274=CARTESIAN_POINT('',(3.004859979539E0,1.300418911853E1,-4.93522E1));
#275=CARTESIAN_POINT('',(3.045503002695E0,1.306600705950E1,-4.93522E1));
#276=CARTESIAN_POINT('',(3.093186625292E0,1.312281591645E1,-4.93522E1));
#277=CARTESIAN_POINT('',(3.146874462819E0,1.317347507821E1,-4.93522E1));
#278=CARTESIAN_POINT('',(3.206439229005E0,1.321781290072E1,-4.93522E1));
#279=CARTESIAN_POINT('',(3.270322953817E0,1.325469300577E1,-4.93522E1));
#280=CARTESIAN_POINT('',(3.338488659272E0,1.328409632978E1,-4.93522E1));
#281=CARTESIAN_POINT('',(3.409199232836E0,1.330526007565E1,-4.93522E1));
#282=CARTESIAN_POINT('',(3.482272165169E0,1.331813705867E1,-4.93522E1));
#283=CARTESIAN_POINT('',(3.531301648838E0,1.332099056578E1,-4.93522E1));
#284=CARTESIAN_POINT('',(3.556E0,1.332099056578E1,-4.93522E1));
#286=CARTESIAN_POINT('',(0.E0,-1.2192E1,-5.703851518932E1));
#287=DIRECTION('',(0.E0,0.E0,-1.E0));
#288=DIRECTION('',(0.E0,-1.E0,0.E0));
#289=AXIS2_PLACEMENT_3D('',#286,#287,#288);
#291=DIRECTION('',(1.480100163241E-14,1.745240643728E-2,9.998476951564E-1));
#292=VECTOR('',#291,7.687486030680E0);
#293=CARTESIAN_POINT('',(-1.092207624396E-13,-9.608365130688E0,
-5.703851518932E1));
#294=LINE('',#293,#292);
#295=CARTESIAN_POINT('',(0.E0,-1.388677026832E1,-5.7023E1));
#296=DIRECTION('',(-1.E0,0.E0,0.E0));
#297=DIRECTION('',(0.E0,0.E0,-1.E0));
#298=AXIS2_PLACEMENT_3D('',#295,#296,#297);
#300=CARTESIAN_POINT('',(0.E0,-1.2192E1,-5.7912E1));
#301=DIRECTION('',(0.E0,0.E0,-1.E0));
#302=DIRECTION('',(0.E0,1.E0,0.E0));
#303=AXIS2_PLACEMENT_3D('',#300,#301,#302);
#305=CARTESIAN_POINT('',(0.E0,-1.2192E1,-5.7912E1));
#306=DIRECTION('',(0.E0,0.E0,-1.E0));
#307=DIRECTION('',(0.E0,-1.E0,0.E0));
#308=AXIS2_PLACEMENT_3D('',#305,#306,#307);
#310=CARTESIAN_POINT('',(0.E0,-1.049722973168E1,-5.7023E1));
#311=DIRECTION('',(1.E0,0.E0,0.E0));
#312=DIRECTION('',(0.E0,0.E0,-1.E0));
#313=AXIS2_PLACEMENT_3D('',#310,#311,#312);
#315=CARTESIAN_POINT('',(0.E0,-1.2192E1,-5.703851518932E1));
#316=DIRECTION('',(0.E0,0.E0,-1.E0));
#317=DIRECTION('',(0.E0,1.E0,0.E0));
#318=AXIS2_PLACEMENT_3D('',#315,#316,#317);
#320=DIRECTION('',(-1.493777047373E-14,-1.745240643728E-2,9.998476951564E-1));
#321=VECTOR('',#320,7.687486030680E0);
#322=CARTESIAN_POINT('',(1.163160723727E-13,-1.477563486931E1,
-5.703851518932E1));
#323=LINE('',#322,#321);
#324=CARTESIAN_POINT('',(1.495537019592E0,-6.375976173310E0,-4.98602E1));
#325=DIRECTION('',(1.159903137996E-10,-1.E0,0.E0));
#326=DIRECTION('',(0.E0,0.E0,1.E0));
#327=AXIS2_PLACEMENT_3D('',#324,#325,#326);
#329=CARTESIAN_POINT('',(1.495537019592E0,6.375976173485E0,-4.98602E1));
#330=DIRECTION('',(0.E0,-1.E0,0.E0));
#331=DIRECTION('',(0.E0,0.E0,1.E0));
#332=AXIS2_PLACEMENT_3D('',#329,#330,#331);
#334=CARTESIAN_POINT('',(-1.495537019592E0,6.375976173197E0,-4.98602E1));
#335=DIRECTION('',(-1.918166831601E-10,1.E0,0.E0));
#336=DIRECTION('',(0.E0,0.E0,1.E0));
#337=AXIS2_PLACEMENT_3D('',#334,#335,#336);
#339=CARTESIAN_POINT('',(-1.495537019592E0,-6.375976173485E0,-4.98602E1));
#340=DIRECTION('',(0.E0,1.E0,0.E0));
#341=DIRECTION('',(0.E0,0.E0,1.E0));
#342=AXIS2_PLACEMENT_3D('',#339,#340,#341);
#344=DIRECTION('',(0.E0,1.E0,0.E0));
#345=VECTOR('',#344,1.275195234697E1);
#346=CARTESIAN_POINT('',(-9.883803292209E-1,-6.375976173484E0,
-4.983094096017E1));
#347=LINE('',#346,#345);
#348=CARTESIAN_POINT('',(-9.883803292209E-1,-6.375976173484E0,
-4.983094096017E1));
#349=CARTESIAN_POINT('',(-8.705868861473E-1,-6.493965485697E0,
-5.187269397345E1));
#350=CARTESIAN_POINT('',(-7.527934430736E-1,-6.611954797912E0,
-5.391444698672E1));
#351=CARTESIAN_POINT('',(-6.35E-1,-6.729944110125E0,-5.59562E1));
#353=CARTESIAN_POINT('',(-6.35E-1,6.729944110125E0,-5.59562E1));
#354=CARTESIAN_POINT('',(-7.527934430736E-1,6.611954797912E0,
-5.391444698672E1));
#355=CARTESIAN_POINT('',(-8.705868861473E-1,6.493965485697E0,
-5.187269397345E1));
#356=CARTESIAN_POINT('',(-9.883803292209E-1,6.375976173484E0,
-4.983094096017E1));
#358=CARTESIAN_POINT('',(9.883803292209E-1,-6.375976173484E0,
-4.983094096017E1));
#359=CARTESIAN_POINT('',(9.883261543265E-1,-6.407875449946E0,
-4.983187845390E1));
#360=CARTESIAN_POINT('',(9.851333429715E-1,-6.471413354850E0,
-4.983374880863E1));
#361=CARTESIAN_POINT('',(9.715417338263E-1,-6.564506182547E0,
-4.983648943704E1));
#362=CARTESIAN_POINT('',(9.491271759281E-1,-6.656319790159E0,
-4.983919608639E1));
#363=CARTESIAN_POINT('',(9.181987263271E-1,-6.745326927820E0,
-4.984182190064E1));
#364=CARTESIAN_POINT('',(8.789739330053E-1,-6.831064955680E0,
-4.984435373394E1));
#365=CARTESIAN_POINT('',(8.318431638365E-1,-6.912633321286E0,
-4.984676441007E1));
#366=CARTESIAN_POINT('',(7.772404440446E-1,-6.989322839354E0,
-4.984903275370E1));
#367=CARTESIAN_POINT('',(7.156560085428E-1,-7.060455412729E0,
-4.985113830963E1));
#368=CARTESIAN_POINT('',(6.476536699237E-1,-7.125392523137E0,
-4.985306181556E1));
#369=CARTESIAN_POINT('',(5.738495801771E-1,-7.183557480357E0,
-4.985478580570E1));
#370=CARTESIAN_POINT('',(4.949085436241E-1,-7.234435891920E0,
-4.985629466588E1));
#371=CARTESIAN_POINT('',(4.115411486903E-1,-7.277577552406E0,
-4.985757469854E1));
#372=CARTESIAN_POINT('',(3.244950038826E-1,-7.312601942150E0,
-4.985861430370E1));
#373=CARTESIAN_POINT('',(2.345491173446E-1,-7.339200364842E0,
-4.985940405559E1));
#374=CARTESIAN_POINT('',(1.425071301277E-1,-7.357138462169E0,
-4.985993678928E1));
#375=CARTESIAN_POINT('',(4.919022756789E-2,-7.366257991261E0,
-4.986020766268E1));
#376=CARTESIAN_POINT('',(-4.456925013336E-2,-7.366477942895E0,
-4.986021419612E1));
#377=CARTESIAN_POINT('',(-1.379349403843E-1,-7.357795310339E0,
-4.985995629851E1));
#378=CARTESIAN_POINT('',(-2.300737204905E-1,-7.340285120878E0,
-4.985943626837E1));
#379=CARTESIAN_POINT('',(-3.201622063236E-1,-7.314100019361E0,
-4.985865877840E1));
#380=CARTESIAN_POINT('',(-4.073939575587E-1,-7.279469267695E0,
-4.985763083948E1));
#381=CARTESIAN_POINT('',(-4.909866067009E-1,-7.236697019205E0,
-4.985636174047E1));
#382=CARTESIAN_POINT('',(-5.701878433706E-1,-7.186160407512E0,
-4.985486297942E1));
#383=CARTESIAN_POINT('',(-6.442837445304E-1,-7.128306582345E0,
-4.985314816289E1));
#384=CARTESIAN_POINT('',(-7.126057936050E-1,-7.063645168073E0,
-4.985123276327E1));
#385=CARTESIAN_POINT('',(-7.745237585389E-1,-6.992766700980E0,
-4.984913465882E1));
#386=CARTESIAN_POINT('',(-8.294966783707E-1,-6.916265966387E0,
-4.984687181562E1));
#387=CARTESIAN_POINT('',(-8.769822673330E-1,-6.834911214731E0,
-4.984446736436E1));
#388=CARTESIAN_POINT('',(-9.166207533937E-1,-6.749224176586E0,
-4.984193693187E1));
#389=CARTESIAN_POINT('',(-9.478421185526E-1,-6.660624701726E0,
-4.983932304356E1));
#390=CARTESIAN_POINT('',(-9.708874561431E-1,-6.568173371291E0,
-4.983659746886E1));
#391=CARTESIAN_POINT('',(-9.850971586434E-1,-6.472499117992E0,
-4.983378074730E1));
#392=CARTESIAN_POINT('',(-9.883256058995E-1,-6.408194667477E0,
-4.983188783283E1));
#393=CARTESIAN_POINT('',(-9.883803292209E-1,-6.375976173484E0,
-4.983094096017E1));
#395=DIRECTION('',(0.E0,-1.E0,0.E0));
#396=VECTOR('',#395,1.275195234697E1);
#397=CARTESIAN_POINT('',(9.883803292209E-1,6.375976173484E0,-4.983094096017E1));
#398=LINE('',#397,#396);
#399=CARTESIAN_POINT('',(6.35E-1,6.729944110125E0,-5.59562E1));
#400=CARTESIAN_POINT('',(7.527934430736E-1,6.611954797912E0,-5.391444698672E1));
#401=CARTESIAN_POINT('',(8.705868861473E-1,6.493965485698E0,-5.187269397345E1));
#402=CARTESIAN_POINT('',(9.883803292209E-1,6.375976173484E0,-4.983094096017E1));
#404=CARTESIAN_POINT('',(9.883803292209E-1,-6.375976173484E0,
-4.983094096017E1));
#405=CARTESIAN_POINT('',(8.705868861473E-1,-6.493965485698E0,
-5.187269397345E1));
#406=CARTESIAN_POINT('',(7.527934430736E-1,-6.611954797912E0,
-5.391444698672E1));
#407=CARTESIAN_POINT('',(6.35E-1,-6.729944110125E0,-5.59562E1));
#409=CARTESIAN_POINT('',(-9.883803292209E-1,6.375976173484E0,
-4.983094096017E1));
#410=CARTESIAN_POINT('',(-9.883262340859E-1,6.407828623705E0,
-4.983187707917E1));
#411=CARTESIAN_POINT('',(-9.851421557420E-1,6.471301564638E0,
-4.983374551669E1));
#412=CARTESIAN_POINT('',(-9.715683582092E-1,6.564377971858E0,
-4.983648565943E1));
#413=CARTESIAN_POINT('',(-9.491426118970E-1,6.656272194029E0,
-4.983919468285E1));
#414=CARTESIAN_POINT('',(-9.182249071717E-1,6.745257317962E0,
-4.984181984637E1));
#415=CARTESIAN_POINT('',(-8.790227767308E-1,6.830969914009E0,
-4.984435092606E1));
#416=CARTESIAN_POINT('',(-8.318945632895E-1,6.912554232063E0,
-4.984676207168E1));
#417=CARTESIAN_POINT('',(-7.772967445713E-1,6.989250786587E0,
-4.984903062175E1));
#418=CARTESIAN_POINT('',(-7.157267919605E-1,7.060380701183E0,
-4.985113609732E1));
#419=CARTESIAN_POINT('',(-6.477331146516E-1,7.125323542756E0,
-4.985305977163E1));
#420=CARTESIAN_POINT('',(-5.739366541754E-1,7.183495169685E0,
-4.985478395830E1));
#421=CARTESIAN_POINT('',(-4.950050283557E-1,7.234379832101E0,
-4.985629300294E1));
#422=CARTESIAN_POINT('',(-4.116458716178E-1,7.277529395101E0,
-4.985757326939E1));
#423=CARTESIAN_POINT('',(-3.246070260528E-1,7.312562808890E0,
-4.985861314193E1));
#424=CARTESIAN_POINT('',(-2.346680651106E-1,7.339171125372E0,
-4.985940318730E1));
#425=CARTESIAN_POINT('',(-1.426318648430E-1,7.357120129997E0,
-4.985993624479E1));
#426=CARTESIAN_POINT('',(-4.931988874137E-2,7.366251387890E0,
-4.986020746653E1));
#427=CARTESIAN_POINT('',(4.443577747732E-2,7.366483854243E0,-4.986021437171E1));
#428=CARTESIAN_POINT('',(1.377990309569E-1,7.357814369491E0,-4.985995686459E1));
#429=CARTESIAN_POINT('',(2.299364587876E-1,7.340317902662E0,-4.985943724187E1));
#430=CARTESIAN_POINT('',(3.200253808712E-1,7.314146821555E0,-4.985866016787E1));
#431=CARTESIAN_POINT('',(4.072586943091E-1,7.279530387522E0,-4.985763265337E1));
#432=CARTESIAN_POINT('',(4.908537409474E-1,7.236773024143E0,-4.985636399513E1));
#433=CARTESIAN_POINT('',(5.700612655225E-1,7.186249885879E0,-4.985486563240E1));
#434=CARTESIAN_POINT('',(6.441642203015E-1,7.128409024063E0,-4.985315119840E1));
#435=CARTESIAN_POINT('',(7.124880119350E-1,7.063767312182E0,-4.985123638029E1));
#436=CARTESIAN_POINT('',(7.744209831500E-1,6.992897216193E0,-4.984913852091E1));
#437=CARTESIAN_POINT('',(8.294135192725E-1,6.916393282382E0,-4.984687557981E1));
#438=CARTESIAN_POINT('',(8.768928722704E-1,6.835079918315E0,-4.984447234895E1));
#439=CARTESIAN_POINT('',(9.165422423851E-1,6.749417164307E0,-4.984194262817E1));
#440=CARTESIAN_POINT('',(9.478022364476E-1,6.660774592880E0,-4.983932746364E1));
#441=CARTESIAN_POINT('',(9.708992823373E-1,6.568135111945E0,-4.983659633964E1));
#442=CARTESIAN_POINT('',(9.851018986030E-1,6.472440871017E0,-4.983377903218E1));
#443=CARTESIAN_POINT('',(9.883256577327E-1,6.408164266305E0,-4.983188694016E1));
#444=CARTESIAN_POINT('',(9.883803292209E-1,6.375976173484E0,-4.983094096017E1));
#446=CARTESIAN_POINT('',(-6.35E-1,6.729944110125E0,-5.59562E1));
#447=CARTESIAN_POINT('',(-6.35E-1,6.755618601046E0,-5.59562E1));
#448=CARTESIAN_POINT('',(-6.319354413045E-1,6.806586241450E0,-5.59562E1));
#449=CARTESIAN_POINT('',(-6.179947269167E-1,6.882797481266E0,-5.59562E1));
#450=CARTESIAN_POINT('',(-5.951623076442E-1,6.956057089713E0,-5.59562E1));
#451=CARTESIAN_POINT('',(-5.636280957244E-1,7.026299243124E0,-5.59562E1));
#452=CARTESIAN_POINT('',(-5.236261221432E-1,7.092497020078E0,-5.59562E1));
#453=CARTESIAN_POINT('',(-4.763961630913E-1,7.152811019159E0,-5.59562E1));
#454=CARTESIAN_POINT('',(-4.220072065183E-1,7.207309229181E0,-5.59562E1));
#455=CARTESIAN_POINT('',(-3.612258719941E-1,7.254935671437E0,-5.59562E1));
#456=CARTESIAN_POINT('',(-2.958072138867E-1,7.294506851568E0,-5.59562E1));
#457=CARTESIAN_POINT('',(-2.256309739874E-1,7.326166550943E0,-5.59562E1));
#458=CARTESIAN_POINT('',(-1.520229840327E-1,7.349089375810E0,-5.59562E1));
#459=CARTESIAN_POINT('',(-7.691110139473E-2,7.362866045221E0,-5.59562E1));
#460=CARTESIAN_POINT('',(-4.248027149176E-5,7.367564463321E0,-5.59562E1));
#461=CARTESIAN_POINT('',(7.682955944519E-2,7.362876093181E0,-5.59562E1));
#462=CARTESIAN_POINT('',(1.519430484688E-1,7.349108938051E0,-5.59562E1));
#463=CARTESIAN_POINT('',(2.255513086633E-1,7.326196801302E0,-5.59562E1));
#464=CARTESIAN_POINT('',(2.957345424775E-1,7.294545173212E0,-5.59562E1));
#465=CARTESIAN_POINT('',(3.611577823422E-1,7.254982507533E0,-5.59562E1));
#466=CARTESIAN_POINT('',(4.219432385283E-1,7.207365993943E0,-5.59562E1));
#467=CARTESIAN_POINT('',(4.763418262390E-1,7.152872579006E0,-5.59562E1));
#468=CARTESIAN_POINT('',(5.235787721309E-1,7.092565390639E0,-5.59562E1));
#469=CARTESIAN_POINT('',(5.635884926849E-1,7.026374892848E0,-5.59562E1));
#470=CARTESIAN_POINT('',(5.951328730984E-1,6.956134746431E0,-5.59562E1));
#471=CARTESIAN_POINT('',(6.179758997861E-1,6.882876258279E0,-5.59562E1));
#472=CARTESIAN_POINT('',(6.319309732875E-1,6.806636743448E0,-5.59562E1));
#473=CARTESIAN_POINT('',(6.35E-1,6.755637896705E0,-5.59562E1));
#474=CARTESIAN_POINT('',(6.35E-1,6.729944110125E0,-5.59562E1));
#476=DIRECTION('',(0.E0,1.E0,0.E0));
#477=VECTOR('',#476,1.345988822025E1);
#478=CARTESIAN_POINT('',(-6.35E-1,-6.729944110125E0,-5.59562E1));
#479=LINE('',#478,#477);
#480=CARTESIAN_POINT('',(6.35E-1,-6.729944110125E0,-5.59562E1));
#481=CARTESIAN_POINT('',(6.35E-1,-6.755658741789E0,-5.59562E1));
#482=CARTESIAN_POINT('',(6.319226936515E-1,-6.806675784429E0,-5.59562E1));
#483=CARTESIAN_POINT('',(6.180008333642E-1,-6.882741724376E0,-5.59562E1));
#484=CARTESIAN_POINT('',(5.951933920031E-1,-6.956016947420E0,-5.59562E1));
#485=CARTESIAN_POINT('',(5.634844225014E-1,-7.026550498671E0,-5.59562E1));
#486=CARTESIAN_POINT('',(5.238038272956E-1,-7.092230020357E0,-5.59562E1));
#487=CARTESIAN_POINT('',(4.762782315364E-1,-7.152976403584E0,-5.59562E1));
#488=CARTESIAN_POINT('',(4.218786450221E-1,-7.207392169507E0,-5.59562E1));
#489=CARTESIAN_POINT('',(3.614880181999E-1,-7.254766650806E0,-5.59562E1));
#490=CARTESIAN_POINT('',(2.954934990246E-1,-7.294681166553E0,-5.59562E1));
#491=CARTESIAN_POINT('',(2.257188255496E-1,-7.326113679789E0,-5.59562E1));
#492=CARTESIAN_POINT('',(1.521085815457E-1,-7.349079735315E0,-5.59562E1));
#493=CARTESIAN_POINT('',(7.677472572729E-2,-7.362885011852E0,-5.59562E1));
#494=CARTESIAN_POINT('',(3.071375898288E-5,-7.367555632900E0,-5.59562E1));
#495=CARTESIAN_POINT('',(-7.671347592890E-2,-7.362892452094E0,-5.59562E1));
#496=CARTESIAN_POINT('',(-1.520487006533E-1,-7.349094507424E0,-5.59562E1));
#497=CARTESIAN_POINT('',(-2.256613855823E-1,-7.326135482188E0,-5.59562E1));
#498=CARTESIAN_POINT('',(-2.954386622530E-1,-7.294709963262E0,-5.59562E1));
#499=CARTESIAN_POINT('',(-3.614377018361E-1,-7.254801428754E0,-5.59562E1));
#500=CARTESIAN_POINT('',(-4.218324391354E-1,-7.207433111780E0,-5.59562E1));
#501=CARTESIAN_POINT('',(-4.762376289796E-1,-7.153022315282E0,-5.59562E1));
#502=CARTESIAN_POINT('',(-5.237690339901E-1,-7.092280387915E0,-5.59562E1));
#503=CARTESIAN_POINT('',(-5.634555796585E-1,-7.026605647798E0,-5.59562E1));
#504=CARTESIAN_POINT('',(-5.951719291399E-1,-6.956073204515E0,-5.59562E1));
#505=CARTESIAN_POINT('',(-6.179854558625E-1,-6.882804921159E0,-5.59562E1));
#506=CARTESIAN_POINT('',(-6.319186209818E-1,-6.806720130900E0,-5.59562E1));
#507=CARTESIAN_POINT('',(-6.35E-1,-6.755676083598E0,-5.59562E1));
#508=CARTESIAN_POINT('',(-6.35E-1,-6.729944110125E0,-5.59562E1));
#510=DIRECTION('',(0.E0,1.E0,0.E0));
#511=VECTOR('',#510,1.345988822025E1);
#512=CARTESIAN_POINT('',(6.35E-1,-6.729944110125E0,-5.59562E1));
#513=LINE('',#512,#511);
#514=DIRECTION('',(0.E0,0.E0,1.E0));
#515=VECTOR('',#514,3.2258E0);
#516=CARTESIAN_POINT('',(4.1275E0,0.E0,-5.2578E1));
#517=LINE('',#516,#515);
#518=DIRECTION('',(0.E0,0.E0,1.E0));
#519=VECTOR('',#518,3.2258E0);
#520=CARTESIAN_POINT('',(1.36525E1,0.E0,-5.2578E1));
#521=LINE('',#520,#519);
#522=CARTESIAN_POINT('',(-8.89E0,0.E0,-5.2578E1));
#523=DIRECTION('',(0.E0,0.E0,-1.E0));
#524=DIRECTION('',(-1.E0,0.E0,0.E0));
#525=AXIS2_PLACEMENT_3D('',#522,#523,#524);
#527=CARTESIAN_POINT('',(-8.89E0,0.E0,-5.2578E1));
#528=DIRECTION('',(0.E0,0.E0,-1.E0));
#529=DIRECTION('',(1.E0,0.E0,0.E0));
#530=AXIS2_PLACEMENT_3D('',#527,#528,#529);
#532=CARTESIAN_POINT('',(8.89E0,0.E0,-5.2578E1));
#533=DIRECTION('',(0.E0,0.E0,-1.E0));
#534=DIRECTION('',(-1.E0,0.E0,0.E0));
#535=AXIS2_PLACEMENT_3D('',#532,#533,#534);
#537=CARTESIAN_POINT('',(8.89E0,0.E0,-5.2578E1));
#538=DIRECTION('',(0.E0,0.E0,-1.E0));
#539=DIRECTION('',(1.E0,0.E0,0.E0));
#540=AXIS2_PLACEMENT_3D('',#537,#538,#539);
#542=CARTESIAN_POINT('',(8.89E0,0.E0,-5.2578E1));
#543=DIRECTION('',(0.E0,0.E0,1.E0));
#544=DIRECTION('',(-1.E0,0.E0,0.E0));
#545=AXIS2_PLACEMENT_3D('',#542,#543,#544);
#547=CARTESIAN_POINT('',(8.89E0,0.E0,-5.2578E1));
#548=DIRECTION('',(0.E0,0.E0,1.E0));
#549=DIRECTION('',(1.E0,0.E0,0.E0));
#550=AXIS2_PLACEMENT_3D('',#547,#548,#549);
#552=CARTESIAN_POINT('',(-8.89E0,0.E0,-5.2578E1));
#553=DIRECTION('',(0.E0,0.E0,1.E0));
#554=DIRECTION('',(-1.E0,0.E0,0.E0));
#555=AXIS2_PLACEMENT_3D('',#552,#553,#554);
#557=CARTESIAN_POINT('',(-8.89E0,0.E0,-5.2578E1));
#558=DIRECTION('',(0.E0,0.E0,1.E0));
#559=DIRECTION('',(1.E0,0.E0,0.E0));
#560=AXIS2_PLACEMENT_3D('',#557,#558,#559);
#562=CARTESIAN_POINT('',(-8.89E0,0.E0,-5.1578002E1));
#563=DIRECTION('',(0.E0,0.E0,1.E0));
#564=DIRECTION('',(1.E0,0.E0,0.E0));
#565=AXIS2_PLACEMENT_3D('',#562,#563,#564);
#567=DIRECTION('',(0.E0,0.E0,1.E0));
#568=VECTOR('',#567,9.99998E-1);
#569=CARTESIAN_POINT('',(-1.0944987E1,0.E0,-5.2578E1));
#570=LINE('',#569,#568);
#571=CARTESIAN_POINT('',(-8.89E0,0.E0,-5.1578002E1));
#572=DIRECTION('',(0.E0,0.E0,1.E0));
#573=DIRECTION('',(-1.E0,0.E0,0.E0));
#574=AXIS2_PLACEMENT_3D('',#571,#572,#573);
#576=DIRECTION('',(0.E0,0.E0,1.E0));
#577=VECTOR('',#576,9.99998E-1);
#578=CARTESIAN_POINT('',(-6.835013E0,0.E0,-5.2578E1));
#579=LINE('',#578,#577);
#580=CARTESIAN_POINT('',(8.89E0,0.E0,-5.1578002E1));
#581=DIRECTION('',(0.E0,0.E0,1.E0));
#582=DIRECTION('',(1.E0,0.E0,0.E0));
#583=AXIS2_PLACEMENT_3D('',#580,#581,#582);
#585=DIRECTION('',(0.E0,0.E0,1.E0));
#586=VECTOR('',#585,9.99998E-1);
#587=CARTESIAN_POINT('',(6.835013E0,0.E0,-5.2578E1));
#588=LINE('',#587,#586);
#589=CARTESIAN_POINT('',(8.89E0,0.E0,-5.1578002E1));
#590=DIRECTION('',(0.E0,0.E0,1.E0));
#591=DIRECTION('',(-1.E0,0.E0,0.E0));
#592=AXIS2_PLACEMENT_3D('',#589,#590,#591);
#594=DIRECTION('',(0.E0,0.E0,1.E0));
#595=VECTOR('',#594,9.99998E-1);
#596=CARTESIAN_POINT('',(1.0944987E1,0.E0,-5.2578E1));
#597=LINE('',#596,#595);
#598=DIRECTION('',(0.E0,0.E0,1.E0));
#599=VECTOR('',#598,3.2258E0);
#600=CARTESIAN_POINT('',(-1.36525E1,0.E0,-5.2578E1));
#601=LINE('',#600,#599);
#602=DIRECTION('',(0.E0,0.E0,1.E0));
#603=VECTOR('',#602,3.2258E0);
#604=CARTESIAN_POINT('',(-4.1275E0,0.E0,-5.2578E1));
#605=LINE('',#604,#603);
#606=CARTESIAN_POINT('',(-3.556E0,2.567346697578E1,-6.808310244010E1));
#607=CARTESIAN_POINT('',(-3.556E0,2.534567647582E1,-6.792668949581E1));
#608=CARTESIAN_POINT('',(-3.556E0,2.470335958786E1,-6.760826324034E1));
#609=CARTESIAN_POINT('',(-3.556E0,2.377963694078E1,-6.711391358217E1));
#610=CARTESIAN_POINT('',(-3.556E0,2.289562640333E1,-6.660294427386E1));
#611=CARTESIAN_POINT('',(-3.556E0,2.205129063523E1,-6.607544664327E1));
#612=CARTESIAN_POINT('',(-3.556E0,2.124657990825E1,-6.553150932622E1));
#613=CARTESIAN_POINT('',(-3.556E0,2.048137854324E1,-6.497120671501E1));
#614=CARTESIAN_POINT('',(-3.556E0,1.975557780181E1,-6.439461456853E1));
#615=CARTESIAN_POINT('',(-3.556E0,1.906906760399E1,-6.380180886365E1));
#616=CARTESIAN_POINT('',(-3.556E0,1.842173629309E1,-6.319286333620E1));
#617=CARTESIAN_POINT('',(-3.556E0,1.781339065001E1,-6.256775388582E1));
#618=CARTESIAN_POINT('',(-3.556E0,1.724383906009E1,-6.192646025324E1));
#619=CARTESIAN_POINT('',(-3.556E0,1.671289050656E1,-6.126895558849E1));
#620=CARTESIAN_POINT('',(-3.556E0,1.622034997677E1,-6.059523556330E1));
#621=CARTESIAN_POINT('',(-3.556E0,1.576604262383E1,-5.990518668041E1));
#622=CARTESIAN_POINT('',(-3.556E0,1.534981171801E1,-5.919860054675E1));
#623=CARTESIAN_POINT('',(-3.556E0,1.497149495127E1,-5.847528997636E1));
#624=CARTESIAN_POINT('',(-3.556E0,1.463093744269E1,-5.773506049761E1));
#625=CARTESIAN_POINT('',(-3.556E0,1.432796018127E1,-5.697772557454E1));
#626=CARTESIAN_POINT('',(-3.556E0,1.406252401918E1,-5.620306054709E1));
#627=CARTESIAN_POINT('',(-3.556E0,1.383465816081E1,-5.541082281024E1));
#628=CARTESIAN_POINT('',(-3.556E0,1.364437450056E1,-5.460077307215E1));
#629=CARTESIAN_POINT('',(-3.556E0,1.349169271800E1,-5.377267487653E1));
#630=CARTESIAN_POINT('',(-3.556E0,1.337661866203E1,-5.292627711168E1));
#631=CARTESIAN_POINT('',(-3.556E0,1.329926041382E1,-5.206144916410E1));
#632=CARTESIAN_POINT('',(-3.556E0,1.325975066025E1,-5.117808965516E1));
#633=CARTESIAN_POINT('',(-3.556E0,1.325821577657E1,-5.027608970576E1));
#634=CARTESIAN_POINT('',(-3.556E0,1.328259448373E1,-4.966225820602E1));
#635=CARTESIAN_POINT('',(-3.556E0,1.330115559288E1,-4.93522E1));
#637=CARTESIAN_POINT('',(-3.556E0,2.512653302422E1,-6.922929755990E1));
#638=CARTESIAN_POINT('',(-3.556E0,2.478839246610E1,-6.906794584199E1));
#639=CARTESIAN_POINT('',(-3.556E0,2.412488592189E1,-6.873907459447E1));
#640=CARTESIAN_POINT('',(-3.556E0,2.316798914862E1,-6.822717424513E1));
#641=CARTESIAN_POINT('',(-3.556E0,2.224949559708E1,-6.769659055938E1));
#642=CARTESIAN_POINT('',(-3.556E0,2.136944246506E1,-6.714723303295E1));
#643=CARTESIAN_POINT('',(-3.556E0,2.052787832586E1,-6.657901362640E1));
#644=CARTESIAN_POINT('',(-3.556E0,1.972491765837E1,-6.599185856397E1));
#645=CARTESIAN_POINT('',(-3.556E0,1.896066824071E1,-6.538569264327E1));
#646=CARTESIAN_POINT('',(-3.556E0,1.823523952646E1,-6.476044093426E1));
#647=CARTESIAN_POINT('',(-3.556E0,1.754874096815E1,-6.411602884414E1));
#648=CARTESIAN_POINT('',(-3.556E0,1.690136302627E1,-6.345247893742E1));
#649=CARTESIAN_POINT('',(-3.556E0,1.629329595901E1,-6.276981169749E1));
#650=CARTESIAN_POINT('',(-3.556E0,1.572472909669E1,-6.206805348145E1));
#651=CARTESIAN_POINT('',(-3.556E0,1.519585568336E1,-6.134720923277E1));
#652=CARTESIAN_POINT('',(-3.556E0,1.470685039100E1,-6.060738432609E1));
#653=CARTESIAN_POINT('',(-3.556E0,1.425786846005E1,-5.984878613891E1));
#654=CARTESIAN_POINT('',(-3.556E0,1.384907085582E1,-5.907160004152E1));
#655=CARTESIAN_POINT('',(-3.556E0,1.348061107708E1,-5.827601890507E1));
#656=CARTESIAN_POINT('',(-3.556E0,1.315266676388E1,-5.746222760436E1));
#657=CARTESIAN_POINT('',(-3.556E0,1.286528668501E1,-5.663044620540E1));
#658=CARTESIAN_POINT('',(-3.556E0,1.261844012738E1,-5.578091566864E1));
#659=CARTESIAN_POINT('',(-3.556E0,1.241211585580E1,-5.491387321778E1));
#660=CARTESIAN_POINT('',(-3.556E0,1.224629389005E1,-5.402955290603E1));
#661=CARTESIAN_POINT('',(-3.556E0,1.212096975213E1,-5.312820520521E1));
#662=CARTESIAN_POINT('',(-3.556E0,1.203604361665E1,-5.220996829222E1));
#663=CARTESIAN_POINT('',(-3.556E0,1.199138231025E1,-5.127494075030E1));
#664=CARTESIAN_POINT('',(-3.556E0,1.198686097763E1,-5.032323104122E1));
#665=CARTESIAN_POINT('',(-3.556E0,1.201052200858E1,-4.967770699184E1));
#666=CARTESIAN_POINT('',(-3.556E0,1.202900026141E1,-4.93522E1));
#668=CARTESIAN_POINT('',(-3.556E0,2.54E1,-6.86562E1));
#669=DIRECTION('',(0.E0,-9.025158423550E-1,4.306566547707E-1));
#670=DIRECTION('',(0.E0,4.306566547707E-1,9.025158423550E-1));
#671=AXIS2_PLACEMENT_3D('',#668,#669,#670);
#673=CARTESIAN_POINT('',(-3.556E0,2.54E1,-6.86562E1));
#674=DIRECTION('',(0.E0,-9.025158423550E-1,4.306566547707E-1));
#675=DIRECTION('',(0.E0,-4.306566547707E-1,-9.025158423550E-1));
#676=AXIS2_PLACEMENT_3D('',#673,#674,#675);
#678=CARTESIAN_POINT('',(3.556E0,2.249955937525E1,-6.917898825162E1));
#679=CARTESIAN_POINT('',(3.556E0,2.219213071858E1,-6.896702905641E1));
#680=CARTESIAN_POINT('',(3.556E0,2.159054307076E1,-6.853647887753E1));
#681=CARTESIAN_POINT('',(3.556E0,2.072808382646E1,-6.787071438220E1));
#682=CARTESIAN_POINT('',(3.556E0,1.990565994417E1,-6.718496652046E1));
#683=CARTESIAN_POINT('',(3.556E0,1.912338489531E1,-6.647919212508E1));
#684=CARTESIAN_POINT('',(3.556E0,1.838137090020E1,-6.575334441806E1));
#685=CARTESIAN_POINT('',(3.556E0,1.767973492636E1,-6.500739032148E1));
#686=CARTESIAN_POINT('',(3.556E0,1.701863164240E1,-6.424140519484E1));
#687=CARTESIAN_POINT('',(3.556E0,1.639821248650E1,-6.345545553087E1));
#688=CARTESIAN_POINT('',(3.556E0,1.581863004855E1,-6.264960951631E1));
#689=CARTESIAN_POINT('',(3.556E0,1.528003554198E1,-6.182393742856E1));
#690=CARTESIAN_POINT('',(3.556E0,1.478258453439E1,-6.097849948836E1));
#691=CARTESIAN_POINT('',(3.556E0,1.432638696905E1,-6.011346176243E1));
#692=CARTESIAN_POINT('',(3.556E0,1.391154292582E1,-5.922900728599E1));
#693=CARTESIAN_POINT('',(3.556E0,1.353816395162E1,-5.832531384963E1));
#694=CARTESIAN_POINT('',(3.556E0,1.320628679929E1,-5.740256677131E1));
#695=CARTESIAN_POINT('',(3.556E0,1.291592597255E1,-5.646095158580E1));
#696=CARTESIAN_POINT('',(3.556E0,1.266711061764E1,-5.550065750231E1));
#697=CARTESIAN_POINT('',(3.556E0,1.245982538514E1,-5.452185586862E1));
#698=CARTESIAN_POINT('',(3.556E0,1.229400015889E1,-5.352469447847E1));
#699=CARTESIAN_POINT('',(3.556E0,1.216957675707E1,-5.250932784202E1));
#700=CARTESIAN_POINT('',(3.556E0,1.208648999999E1,-5.147590119458E1));
#701=CARTESIAN_POINT('',(3.556E0,1.204463934706E1,-5.042448900833E1));
#702=CARTESIAN_POINT('',(3.556E0,1.204416435886E1,-4.971161047471E1));
#703=CARTESIAN_POINT('',(3.556E0,1.205076678013E1,-4.93522E1));
#705=CARTESIAN_POINT('',(3.556E0,2.322044062475E1,-6.813341174838E1));
#706=CARTESIAN_POINT('',(3.556E0,2.291141408455E1,-6.792035087934E1));
#707=CARTESIAN_POINT('',(3.556E0,2.230814228635E1,-6.748781300358E1));
#708=CARTESIAN_POINT('',(3.556E0,2.144744861608E1,-6.681980789075E1));
#709=CARTESIAN_POINT('',(3.556E0,2.063083947711E1,-6.613265552270E1));
#710=CARTESIAN_POINT('',(3.556E0,1.985818424020E1,-6.542640368823E1));
#711=CARTESIAN_POINT('',(3.556E0,1.912935648629E1,-6.470111226674E1));
#712=CARTESIAN_POINT('',(3.556E0,1.844421228163E1,-6.395679082578E1));
#713=CARTESIAN_POINT('',(3.556E0,1.780257252446E1,-6.319334722943E1));
#714=CARTESIAN_POINT('',(3.556E0,1.720426385700E1,-6.241070753419E1));
#715=CARTESIAN_POINT('',(3.556E0,1.664911247176E1,-6.160879033013E1));
#716=CARTESIAN_POINT('',(3.556E0,1.613694061605E1,-6.078752588060E1));
#717=CARTESIAN_POINT('',(3.556E0,1.566758825046E1,-5.994680182855E1));
#718=CARTESIAN_POINT('',(3.556E0,1.524094439352E1,-5.908639921101E1));
#719=CARTESIAN_POINT('',(3.556E0,1.485688139498E1,-5.820611659770E1));
#720=CARTESIAN_POINT('',(3.556E0,1.451531293784E1,-5.730574472859E1));
#721=CARTESIAN_POINT('',(3.556E0,1.421622661843E1,-5.638507011908E1));
#722=CARTESIAN_POINT('',(3.556E0,1.395959271362E1,-5.544387814531E1));
#723=CARTESIAN_POINT('',(3.556E0,1.374540215417E1,-5.448196119446E1));
#724=CARTESIAN_POINT('',(3.556E0,1.357373266046E1,-5.349914842983E1));
#725=CARTESIAN_POINT('',(3.556E0,1.344465252859E1,-5.249526496270E1));
#726=CARTESIAN_POINT('',(3.556E0,1.335823255378E1,-5.147013693863E1));
#727=CARTESIAN_POINT('',(3.556E0,1.331458544564E1,-5.042367399469E1));
#728=CARTESIAN_POINT('',(3.556E0,1.331407789826E1,-4.971174859990E1));
#729=CARTESIAN_POINT('',(3.556E0,1.332099056578E1,-4.93522E1));
#731=CARTESIAN_POINT('',(3.556E0,2.286E1,-6.86562E1));
#732=DIRECTION('',(0.E0,-8.232885852303E-1,5.676230310950E-1));
#733=DIRECTION('',(0.E0,-5.676230310950E-1,-8.232885852303E-1));
#734=AXIS2_PLACEMENT_3D('',#731,#732,#733);
#736=CARTESIAN_POINT('',(3.556E0,2.286E1,-6.86562E1));
#737=DIRECTION('',(0.E0,-8.232885852303E-1,5.676230310950E-1));
#738=DIRECTION('',(0.E0,5.676230310950E-1,8.232885852303E-1));
#739=AXIS2_PLACEMENT_3D('',#736,#737,#738);
#741=CARTESIAN_POINT('',(0.E0,0.E0,-4.88442E1));
#742=DIRECTION('',(0.E0,0.E0,-1.E0));
#743=DIRECTION('',(9.999356489821E-1,-1.134450945094E-2,0.E0));
#744=AXIS2_PLACEMENT_3D('',#741,#742,#743);
#746=CARTESIAN_POINT('',(0.E0,0.E0,-4.88442E1));
#747=DIRECTION('',(0.E0,0.E0,-1.E0));
#748=DIRECTION('',(-9.999356489821E-1,1.134450945094E-2,0.E0));
#749=AXIS2_PLACEMENT_3D('',#746,#747,#748);
#751=CARTESIAN_POINT('',(0.E0,0.E0,-4.88442E1));
#752=DIRECTION('',(0.E0,0.E0,1.E0));
#753=DIRECTION('',(-9.996532835564E-1,-2.633083126089E-2,0.E0));
#754=AXIS2_PLACEMENT_3D('',#751,#752,#753);
#756=DIRECTION('',(-1.312790396590E-6,6.657421647064E-5,9.999999977831E-1));
#757=VECTOR('',#756,2.540254235172E0);
#758=CARTESIAN_POINT('',(-1.928461138907E1,-5.079559651031E-1,-4.88442E1));
#759=LINE('',#758,#757);
#760=CARTESIAN_POINT('',(0.E0,0.E0,-4.036669048748E1));
#761=DIRECTION('',(0.E0,0.E0,1.E0));
#762=DIRECTION('',(-1.E0,0.E0,0.E0));
#763=AXIS2_PLACEMENT_3D('',#760,#761,#762);
#765=DIRECTION('',(0.E0,0.E0,1.E0));
#766=VECTOR('',#765,2.54E0);
#767=CARTESIAN_POINT('',(1.928461138907E1,-5.079559651031E-1,-4.88442E1));
#768=LINE('',#767,#766);
#769=CARTESIAN_POINT('',(-1.92913E1,0.E0,-4.88442E1));
#770=DIRECTION('',(0.E0,0.E0,-1.E0));
#771=DIRECTION('',(1.316655694536E-2,-9.999133171321E-1,0.E0));
#772=AXIS2_PLACEMENT_3D('',#769,#770,#771);
#774=CARTESIAN_POINT('',(-1.92913E1,0.E0,-4.88442E1));
#775=DIRECTION('',(0.E0,0.E0,-1.E0));
#776=DIRECTION('',(-8.974983541803E-1,4.410178049054E-1,0.E0));
#777=AXIS2_PLACEMENT_3D('',#774,#775,#776);
#779=CARTESIAN_POINT('',(-1.92913E1,0.E0,-4.6303946E1));
#780=DIRECTION('',(0.E0,0.E0,1.E0));
#781=DIRECTION('',(1.316331088360E-2,9.999133598700E-1,0.E0));
#782=AXIS2_PLACEMENT_3D('',#779,#780,#781);
#784=CARTESIAN_POINT('',(-1.92913E1,0.E0,-4.6303946E1));
#785=DIRECTION('',(0.E0,0.E0,1.E0));
#786=DIRECTION('',(-1.E0,-1.217698126176E-9,0.E0));
#787=AXIS2_PLACEMENT_3D('',#784,#785,#786);
#789=CARTESIAN_POINT('',(0.E0,0.E0,-4.88442E1));
#790=DIRECTION('',(0.E0,0.E0,1.E0));
#791=DIRECTION('',(9.996532835564E-1,2.633083126089E-2,0.E0));
#792=AXIS2_PLACEMENT_3D('',#789,#790,#791);
#794=DIRECTION('',(0.E0,0.E0,1.E0));
#795=VECTOR('',#794,2.54E0);
#796=CARTESIAN_POINT('',(1.928461138907E1,5.079559651031E-1,-4.88442E1));
#797=LINE('',#796,#795);
#798=DIRECTION('',(0.E0,0.E0,1.E0));
#799=VECTOR('',#798,5.429509512517E0);
#800=CARTESIAN_POINT('',(1.92913E1,0.E0,-4.57962E1));
#801=LINE('',#800,#799);
#802=CARTESIAN_POINT('',(0.E0,0.E0,-4.036669048748E1));
#803=DIRECTION('',(0.E0,0.E0,1.E0));
#804=DIRECTION('',(1.E0,0.E0,0.E0));
#805=AXIS2_PLACEMENT_3D('',#802,#803,#804);
#807=DIRECTION('',(-3.183904389805E-7,1.660732994072E-10,9.999999999999E-1));
#808=VECTOR('',#807,5.429505642618E0);
#809=CARTESIAN_POINT('',(-1.929129827130E1,-9.016848569238E-10,
-4.579619613010E1));
#810=LINE('',#809,#808);
#811=DIRECTION('',(-6.327896384478E-7,-3.286574608864E-5,9.999999994597E-1));
#812=VECTOR('',#811,2.540254118565E0);
#813=CARTESIAN_POINT('',(-1.928461138907E1,5.079559651031E-1,-4.88442E1));
#814=LINE('',#813,#812);
#815=CARTESIAN_POINT('',(1.92913E1,0.E0,-4.88442E1));
#816=DIRECTION('',(0.E0,0.E0,-1.E0));
#817=DIRECTION('',(-1.316655694536E-2,9.999133171321E-1,0.E0));
#818=AXIS2_PLACEMENT_3D('',#815,#816,#817);
#820=CARTESIAN_POINT('',(1.92913E1,0.E0,-4.88442E1));
#821=DIRECTION('',(0.E0,0.E0,-1.E0));
#822=DIRECTION('',(8.974983541803E-1,-4.410178049054E-1,0.E0));
#823=AXIS2_PLACEMENT_3D('',#820,#821,#822);
#825=CARTESIAN_POINT('',(1.92913E1,0.E0,-4.63042E1));
#826=DIRECTION('',(0.E0,0.E0,1.E0));
#827=DIRECTION('',(-1.316655694536E-2,-9.999133171321E-1,0.E0));
#828=AXIS2_PLACEMENT_3D('',#825,#826,#827);
#830=CARTESIAN_POINT('',(1.92913E1,0.E0,-4.63042E1));
#831=DIRECTION('',(0.E0,0.E0,1.E0));
#832=DIRECTION('',(1.E0,1.218476292937E-9,0.E0));
#833=AXIS2_PLACEMENT_3D('',#830,#831,#832);
#835=CARTESIAN_POINT('',(1.928461138907E1,-5.079559651031E-1,-4.63042E1));
#836=CARTESIAN_POINT('',(1.928461138907E1,-5.079559651031E-1,
-4.628371483341E1));
#837=CARTESIAN_POINT('',(1.928467613331E1,-5.055070780893E-1,
-4.624301575875E1));
#838=CARTESIAN_POINT('',(1.928496646672E1,-4.943627727593E-1,
-4.618211628187E1));
#839=CARTESIAN_POINT('',(1.928543058819E1,-4.760025328760E-1,
-4.612335985219E1));
#840=CARTESIAN_POINT('',(1.928603860357E1,-4.508229754540E-1,
-4.606744434938E1));
#841=CARTESIAN_POINT('',(1.928676035190E1,-4.189684643122E-1,
-4.601477945710E1));
#842=CARTESIAN_POINT('',(1.928754838965E1,-3.811642792613E-1,
-4.596652975767E1));
#843=CARTESIAN_POINT('',(1.928836356276E1,-3.376241967074E-1,
-4.592299055493E1));
#844=CARTESIAN_POINT('',(1.928915008657E1,-2.894659876889E-1,
-4.588525278389E1));
#845=CARTESIAN_POINT('',(1.928987175097E1,-2.368569653591E-1,
-4.585338724487E1));
#846=CARTESIAN_POINT('',(1.929048537781E1,-1.804046794590E-1,
-4.582797395916E1));
#847=CARTESIAN_POINT('',(1.929094813510E1,-1.215192096477E-1,
-4.580967313173E1));
#848=CARTESIAN_POINT('',(1.929123491629E1,-6.116092314915E-2,
-4.579866269803E1));
#849=CARTESIAN_POINT('',(1.92913E1,-2.048950047096E-2,-4.57962E1));
#850=CARTESIAN_POINT('',(1.92913E1,0.E0,-4.57962E1));
#852=CARTESIAN_POINT('',(1.92913E1,0.E0,-4.57962E1));
#853=CARTESIAN_POINT('',(1.931343391052E1,9.682012068603E-5,-4.57962E1));
#854=CARTESIAN_POINT('',(1.935781157391E1,-4.493360315605E-5,
-4.579910561961E1));
#855=CARTESIAN_POINT('',(1.942315200072E1,1.204106605737E-5,-4.581210633350E1));
#856=CARTESIAN_POINT('',(1.948626000935E1,-3.224019028744E-6,
-4.583352689654E1));
#857=CARTESIAN_POINT('',(1.954602589594E1,8.639912279995E-7,-4.586300078154E1));
#858=CARTESIAN_POINT('',(1.960143506625E1,-2.213083748804E-7,
-4.590002377254E1));
#859=CARTESIAN_POINT('',(1.965153730484E1,3.285811980516E-8,-4.594396209599E1));
#860=CARTESIAN_POINT('',(1.969547591947E1,1.018169523032E-7,-4.599406511047E1));
#861=CARTESIAN_POINT('',(1.973249894739E1,-4.284689524673E-7,
-4.604947125667E1));
#862=CARTESIAN_POINT('',(1.976197294771E1,1.622883634308E-6,-4.610924852220E1));
#863=CARTESIAN_POINT('',(1.978339359317E1,-6.053544580445E-6,
-4.617231438489E1));
#864=CARTESIAN_POINT('',(1.979639436683E1,2.259912984600E-5,-4.623781262544E1));
#865=CARTESIAN_POINT('',(1.97993E1,-4.869169525377E-5,-4.628179808897E1));
#866=CARTESIAN_POINT('',(1.97993E1,6.200745971830E-10,-4.63042E1));
#868=CARTESIAN_POINT('',(1.92913E1,0.E0,-4.57962E1));
#869=CARTESIAN_POINT('',(1.92913E1,2.048806662597E-2,-4.57962E1));
#870=CARTESIAN_POINT('',(1.929123492587E1,6.115806727438E-2,-4.579866233644E1));
#871=CARTESIAN_POINT('',(1.929094813877E1,1.215195949757E-1,-4.580967297352E1));
#872=CARTESIAN_POINT('',(1.929048532480E1,1.804105659159E-1,-4.582797607757E1));
#873=CARTESIAN_POINT('',(1.928987170609E1,2.368601745923E-1,-4.585338921388E1));
#874=CARTESIAN_POINT('',(1.928915011560E1,2.894638808722E-1,-4.588525151769E1));
#875=CARTESIAN_POINT('',(1.928836360491E1,3.376218388456E-1,-4.592298841688E1));
#876=CARTESIAN_POINT('',(1.928754841955E1,3.811627876376E-1,-4.596652803129E1));
#877=CARTESIAN_POINT('',(1.928676037540E1,4.189673905922E-1,-4.601477789200E1));
#878=CARTESIAN_POINT('',(1.928603862182E1,4.508222026034E-1,-4.606744283691E1));
#879=CARTESIAN_POINT('',(1.928543059752E1,4.760021591651E-1,-4.612335882370E1));
#880=CARTESIAN_POINT('',(1.928496647210E1,4.943625643493E-1,-4.618211538732E1));
#881=CARTESIAN_POINT('',(1.928467613401E1,5.055070521675E-1,-4.624301536741E1));
#882=CARTESIAN_POINT('',(1.928461138907E1,5.079559651031E-1,-4.628371469811E1));
#883=CARTESIAN_POINT('',(1.928461138907E1,5.079559651031E-1,-4.63042E1));
#885=CARTESIAN_POINT('',(1.54813E1,-1.185163078787E-14,-4.036669048748E1));
#886=DIRECTION('',(0.E0,1.E0,0.E0));
#887=DIRECTION('',(8.660254037844E-1,0.E0,5.E-1));
#888=AXIS2_PLACEMENT_3D('',#885,#886,#887);
#890=CARTESIAN_POINT('',(0.E0,0.E0,-3.846169048748E1));
#891=DIRECTION('',(0.E0,0.E0,1.E0));
#892=DIRECTION('',(1.E0,0.E0,0.E0));
#893=AXIS2_PLACEMENT_3D('',#890,#891,#892);
#895=DIRECTION('',(-5.E-1,0.E0,8.660254037844E-1));
#896=VECTOR('',#895,6.812362048998E-1);
#897=CARTESIAN_POINT('',(1.878085678842E1,0.E0,-3.846169048748E1));
#898=LINE('',#897,#896);
#899=CARTESIAN_POINT('',(0.E0,0.E0,-3.787172262806E1));
#900=DIRECTION('',(0.E0,0.E0,-1.E0));
#901=DIRECTION('',(-1.E0,0.E0,0.E0));
#902=AXIS2_PLACEMENT_3D('',#899,#900,#901);
#904=DIRECTION('',(5.E-1,0.E0,8.660254037844E-1));
#905=VECTOR('',#904,6.812362048998E-1);
#906=CARTESIAN_POINT('',(-1.878085678842E1,0.E0,-3.846169048748E1));
#907=LINE('',#906,#905);
#908=CARTESIAN_POINT('',(0.E0,0.E0,-3.846169048748E1));
#909=DIRECTION('',(0.E0,0.E0,1.E0));
#910=DIRECTION('',(-1.E0,0.E0,0.E0));
#911=AXIS2_PLACEMENT_3D('',#908,#909,#910);
#913=CARTESIAN_POINT('',(0.E0,0.E0,-3.787172262806E1));
#914=DIRECTION('',(0.E0,0.E0,-1.E0));
#915=DIRECTION('',(1.E0,0.E0,0.E0));
#916=AXIS2_PLACEMENT_3D('',#913,#914,#915);
#918=CARTESIAN_POINT('',(-1.54813E1,1.037364638634E-14,-4.036669048748E1));
#919=DIRECTION('',(0.E0,-1.E0,0.E0));
#920=DIRECTION('',(-8.660254037844E-1,0.E0,5.E-1));
#921=AXIS2_PLACEMENT_3D('',#918,#919,#920);
#923=CARTESIAN_POINT('',(2.39395E1,2.476838179E-14,-3.469672262806E1));
#924=DIRECTION('',(0.E0,-1.E0,0.E0));
#925=DIRECTION('',(-1.E0,0.E0,0.E0));
#926=AXIS2_PLACEMENT_3D('',#923,#924,#925);
#928=CARTESIAN_POINT('',(0.E0,0.E0,-3.469672262806E1));
#929=DIRECTION('',(0.E0,0.E0,-1.E0));
#930=DIRECTION('',(1.E0,0.E0,0.E0));
#931=AXIS2_PLACEMENT_3D('',#928,#929,#930);
#933=CARTESIAN_POINT('',(0.E0,0.E0,-8.128E0));
#934=DIRECTION('',(0.E0,0.E0,1.E0));
#935=DIRECTION('',(-1.E0,0.E0,0.E0));
#936=AXIS2_PLACEMENT_3D('',#933,#934,#935);
#938=CARTESIAN_POINT('',(0.E0,0.E0,-8.128E0));
#939=DIRECTION('',(0.E0,0.E0,1.E0));
#940=DIRECTION('',(5.961538461538E-1,-8.028702209672E-1,0.E0));
#941=AXIS2_PLACEMENT_3D('',#938,#939,#940);
#943=CARTESIAN_POINT('',(0.E0,0.E0,-3.469672262806E1));
#944=DIRECTION('',(0.E0,0.E0,-1.E0));
#945=DIRECTION('',(-1.E0,0.E0,0.E0));
#946=AXIS2_PLACEMENT_3D('',#943,#944,#945);
#948=DIRECTION('',(0.E0,0.E0,1.E0));
#949=VECTOR('',#948,2.656872262806E1);
#950=CARTESIAN_POINT('',(1.75895E1,0.E0,-3.469672262806E1));
#951=LINE('',#950,#949);
#952=CARTESIAN_POINT('',(0.E0,0.E0,-8.128E0));
#953=DIRECTION('',(0.E0,0.E0,1.E0));
#954=DIRECTION('',(1.E0,0.E0,0.E0));
#955=AXIS2_PLACEMENT_3D('',#952,#953,#954);
#957=CARTESIAN_POINT('',(0.E0,0.E0,-8.128E0));
#958=DIRECTION('',(0.E0,0.E0,1.E0));
#959=DIRECTION('',(-5.961538461538E-1,8.028702209672E-1,0.E0));
#960=AXIS2_PLACEMENT_3D('',#957,#958,#959);
#962=DIRECTION('',(0.E0,0.E0,1.E0));
#963=VECTOR('',#962,2.656872262806E1);
#964=CARTESIAN_POINT('',(-1.75895E1,0.E0,-3.469672262806E1));
#965=LINE('',#964,#963);
#966=CARTESIAN_POINT('',(-2.39395E1,-2.768965612354E-14,-3.469672262806E1));
#967=DIRECTION('',(0.E0,1.E0,0.E0));
#968=DIRECTION('',(1.E0,0.E0,0.E0));
#969=AXIS2_PLACEMENT_3D('',#966,#967,#968);
#971=CARTESIAN_POINT('',(0.E0,0.E0,-7.62E0));
#972=DIRECTION('',(0.E0,0.E0,1.E0));
#973=DIRECTION('',(7.683117362579E-1,-6.400758360760E-1,0.E0));
#974=AXIS2_PLACEMENT_3D('',#971,#972,#973);
#976=CARTESIAN_POINT('',(1.390452164693E1,1.158377244339E1,-7.62E0));
#977=CARTESIAN_POINT('',(1.376611256267E1,1.168654510299E1,-7.62E0));
#978=CARTESIAN_POINT('',(1.347282868178E1,1.190431667932E1,-7.629751114518E0));
#979=CARTESIAN_POINT('',(1.298575690027E1,1.226598125264E1,-7.673489965788E0));
#980=CARTESIAN_POINT('',(1.244478562762E1,1.266766772254E1,-7.746806113014E0));
#981=CARTESIAN_POINT('',(1.184981701050E1,1.310944874788E1,-7.848861841274E0));
#982=CARTESIAN_POINT('',(1.120007353950E1,1.359190165139E1,-7.976988817520E0));
#983=CARTESIAN_POINT('',(1.073030943772E1,1.394071478302E1,-8.076297144279E0));
#984=CARTESIAN_POINT('',(1.048604807692E1,1.412208575170E1,-8.128E0));
#986=CARTESIAN_POINT('',(1.048604807692E1,-1.412208575170E1,-8.128E0));
#987=CARTESIAN_POINT('',(1.073046829037E1,-1.394059683043E1,-8.076263519902E0));
#988=CARTESIAN_POINT('',(1.120048771400E1,-1.359159411512E1,-7.976901840874E0));
#989=CARTESIAN_POINT('',(1.185036567623E1,-1.310904134806E1,-7.848759163414E0));
#990=CARTESIAN_POINT('',(1.244540738663E1,-1.266720604889E1,-7.746706440694E0));
#991=CARTESIAN_POINT('',(1.298649707637E1,-1.226543165095E1,-7.673408442560E0));
#992=CARTESIAN_POINT('',(1.347302325230E1,-1.190417220520E1,-7.629747112322E0));
#993=CARTESIAN_POINT('',(1.376617615126E1,-1.168649788666E1,-7.62E0));
#994=CARTESIAN_POINT('',(1.390452164693E1,-1.158377244339E1,-7.62E0));
#996=CARTESIAN_POINT('',(2.3114E1,0.E0,-7.62E0));
#997=DIRECTION('',(0.E0,0.E0,-1.E0));
#998=DIRECTION('',(0.E0,1.E0,0.E0));
#999=AXIS2_PLACEMENT_3D('',#996,#997,#998);
#1001=CARTESIAN_POINT('',(2.3114E1,0.E0,-7.62E0));
#1002=DIRECTION('',(0.E0,0.E0,-1.E0));
#1003=DIRECTION('',(0.E0,-1.E0,0.E0));
#1004=AXIS2_PLACEMENT_3D('',#1001,#1002,#1003);
#1006=CARTESIAN_POINT('',(-2.3114E1,0.E0,-7.62E0));
#1007=DIRECTION('',(0.E0,0.E0,-1.E0));
#1008=DIRECTION('',(0.E0,1.E0,0.E0));
#1009=AXIS2_PLACEMENT_3D('',#1006,#1007,#1008);
#1011=CARTESIAN_POINT('',(-2.3114E1,0.E0,-7.62E0));
#1012=DIRECTION('',(0.E0,0.E0,-1.E0));
#1013=DIRECTION('',(0.E0,-1.E0,0.E0));
#1014=AXIS2_PLACEMENT_3D('',#1011,#1012,#1013);
#1016=DIRECTION('',(8.028702209672E-1,5.961538461538E-1,0.E0));
#1017=VECTOR('',#1016,1.429972641542E1);
#1018=CARTESIAN_POINT('',(1.390452164693E1,-1.158377244339E1,-7.62E0));
#1019=LINE('',#1018,#1017);
#1020=CARTESIAN_POINT('',(2.3114E1,0.E0,-7.62E0));
#1021=DIRECTION('',(0.E0,0.E0,1.E0));
#1022=DIRECTION('',(5.961538461538E-1,-8.028702209672E-1,0.E0));
#1023=AXIS2_PLACEMENT_3D('',#1020,#1021,#1022);
#1025=DIRECTION('',(-8.028702209672E-1,5.961538461538E-1,0.E0));
#1026=VECTOR('',#1025,1.429972641542E1);
#1027=CARTESIAN_POINT('',(2.538534615385E1,3.058935541885E0,-7.62E0));
#1028=LINE('',#1027,#1026);
#1029=DIRECTION('',(-8.028702209672E-1,-5.961538461538E-1,0.E0));
#1030=VECTOR('',#1029,1.429972641542E1);
#1031=CARTESIAN_POINT('',(-1.390452164693E1,1.158377244339E1,-7.62E0));
#1032=LINE('',#1031,#1030);
#1033=CARTESIAN_POINT('',(-2.3114E1,0.E0,-7.62E0));
#1034=DIRECTION('',(0.E0,0.E0,1.E0));
#1035=DIRECTION('',(-5.961538461538E-1,8.028702209672E-1,0.E0));
#1036=AXIS2_PLACEMENT_3D('',#1033,#1034,#1035);
#1038=DIRECTION('',(8.028702209672E-1,-5.961538461538E-1,0.E0));
#1039=VECTOR('',#1038,1.429972641542E1);
#1040=CARTESIAN_POINT('',(-2.538534615385E1,-3.058935541885E0,-7.62E0));
#1041=LINE('',#1040,#1039);
#1042=CARTESIAN_POINT('',(2.3114E1,0.E0,-9.99998E-1));
#1043=DIRECTION('',(0.E0,0.E0,1.E0));
#1044=DIRECTION('',(0.E0,-1.E0,0.E0));
#1045=AXIS2_PLACEMENT_3D('',#1042,#1043,#1044);
#1047=DIRECTION('',(0.E0,0.E0,-1.E0));
#1048=VECTOR('',#1047,9.99998E-1);
#1049=CARTESIAN_POINT('',(2.3114E1,2.286E0,0.E0));
#1050=LINE('',#1049,#1048);
#1051=CARTESIAN_POINT('',(2.3114E1,0.E0,-6.620002E0));
#1052=DIRECTION('',(0.E0,0.E0,1.E0));
#1053=DIRECTION('',(0.E0,-1.E0,0.E0));
#1054=AXIS2_PLACEMENT_3D('',#1051,#1052,#1053);
#1056=DIRECTION('',(0.E0,0.E0,-1.E0));
#1057=VECTOR('',#1056,9.99998E-1);
#1058=CARTESIAN_POINT('',(2.3114E1,2.286E0,-6.620002E0));
#1059=LINE('',#1058,#1057);
#1060=CARTESIAN_POINT('',(2.3114E1,0.E0,-9.99998E-1));
#1061=DIRECTION('',(0.E0,0.E0,1.E0));
#1062=DIRECTION('',(0.E0,1.E0,0.E0));
#1063=AXIS2_PLACEMENT_3D('',#1060,#1061,#1062);
#1065=DIRECTION('',(0.E0,0.E0,-1.E0));
#1066=VECTOR('',#1065,9.99998E-1);
#1067=CARTESIAN_POINT('',(2.3114E1,-2.286E0,0.E0));
#1068=LINE('',#1067,#1066);
#1069=CARTESIAN_POINT('',(2.3114E1,0.E0,-6.620002E0));
#1070=DIRECTION('',(0.E0,0.E0,1.E0));
#1071=DIRECTION('',(0.E0,1.E0,0.E0));
#1072=AXIS2_PLACEMENT_3D('',#1069,#1070,#1071);
#1074=DIRECTION('',(0.E0,0.E0,-1.E0));
#1075=VECTOR('',#1074,9.99998E-1);
#1076=CARTESIAN_POINT('',(2.3114E1,-2.286E0,-6.620002E0));
#1077=LINE('',#1076,#1075);
#1078=CARTESIAN_POINT('',(2.3114E1,0.E0,0.E0));
#1079=DIRECTION('',(0.E0,0.E0,-1.E0));
#1080=DIRECTION('',(0.E0,1.E0,0.E0));
#1081=AXIS2_PLACEMENT_3D('',#1078,#1079,#1080);
#1083=CARTESIAN_POINT('',(2.3114E1,0.E0,0.E0));
#1084=DIRECTION('',(0.E0,0.E0,-1.E0));
#1085=DIRECTION('',(0.E0,-1.E0,0.E0));
#1086=AXIS2_PLACEMENT_3D('',#1083,#1084,#1085);
#1088=CARTESIAN_POINT('',(-2.3114E1,0.E0,0.E0));
#1089=DIRECTION('',(0.E0,0.E0,-1.E0));
#1090=DIRECTION('',(0.E0,1.E0,0.E0));
#1091=AXIS2_PLACEMENT_3D('',#1088,#1089,#1090);
#1093=CARTESIAN_POINT('',(-2.3114E1,0.E0,0.E0));
#1094=DIRECTION('',(0.E0,0.E0,-1.E0));
#1095=DIRECTION('',(0.E0,-1.E0,0.E0));
#1096=AXIS2_PLACEMENT_3D('',#1093,#1094,#1095);
#1098=CARTESIAN_POINT('',(0.E0,0.E0,1.421085471520E-14));
#1099=DIRECTION('',(0.E0,0.E0,-1.E0));
#1100=DIRECTION('',(-5.961538461538E-1,8.028702209672E-1,0.E0));
#1101=AXIS2_PLACEMENT_3D('',#1098,#1099,#1100);
#1103=DIRECTION('',(-8.028702209672E-1,5.961538461538E-1,0.E0));
#1104=VECTOR('',#1103,1.855754228744E1);
#1105=CARTESIAN_POINT('',(2.538534615385E1,3.058935541885E0,0.E0));
#1106=LINE('',#1105,#1104);
#1107=CARTESIAN_POINT('',(2.3114E1,0.E0,0.E0));
#1108=DIRECTION('',(0.E0,0.E0,1.E0));
#1109=DIRECTION('',(5.961538461538E-1,-8.028702209672E-1,0.E0));
#1110=AXIS2_PLACEMENT_3D('',#1107,#1108,#1109);
#1112=DIRECTION('',(8.028702209672E-1,5.961538461538E-1,0.E0));
#1113=VECTOR('',#1112,1.855754228744E1);
#1114=CARTESIAN_POINT('',(1.048604807692E1,-1.412208575170E1,0.E0));
#1115=LINE('',#1114,#1113);
#1116=CARTESIAN_POINT('',(0.E0,0.E0,1.421085471520E-14));
#1117=DIRECTION('',(0.E0,0.E0,1.E0));
#1118=DIRECTION('',(-5.961538461538E-1,-8.028702209672E-1,0.E0));
#1119=AXIS2_PLACEMENT_3D('',#1116,#1117,#1118);
#1121=DIRECTION('',(8.028702209672E-1,-5.961538461538E-1,0.E0));
#1122=VECTOR('',#1121,1.855754228744E1);
#1123=CARTESIAN_POINT('',(-2.538534615385E1,-3.058935541885E0,0.E0));
#1124=LINE('',#1123,#1122);
#1125=CARTESIAN_POINT('',(-2.3114E1,0.E0,0.E0));
#1126=DIRECTION('',(0.E0,0.E0,1.E0));
#1127=DIRECTION('',(-5.961538461538E-1,8.028702209672E-1,0.E0));
#1128=AXIS2_PLACEMENT_3D('',#1125,#1126,#1127);
#1130=DIRECTION('',(-8.028702209672E-1,-5.961538461538E-1,0.E0));
#1131=VECTOR('',#1130,1.855754228744E1);
#1132=CARTESIAN_POINT('',(-1.048604807692E1,1.412208575170E1,0.E0));
#1133=LINE('',#1132,#1131);
#1134=CARTESIAN_POINT('',(-2.3114E1,0.E0,-9.99998E-1));
#1135=DIRECTION('',(0.E0,0.E0,1.E0));
#1136=DIRECTION('',(0.E0,-1.E0,0.E0));
#1137=AXIS2_PLACEMENT_3D('',#1134,#1135,#1136);
#1139=DIRECTION('',(0.E0,0.E0,-1.E0));
#1140=VECTOR('',#1139,9.99998E-1);
#1141=CARTESIAN_POINT('',(-2.3114E1,2.286E0,0.E0));
#1142=LINE('',#1141,#1140);
#1143=CARTESIAN_POINT('',(-2.3114E1,0.E0,-6.620002E0));
#1144=DIRECTION('',(0.E0,0.E0,1.E0));
#1145=DIRECTION('',(0.E0,-1.E0,0.E0));
#1146=AXIS2_PLACEMENT_3D('',#1143,#1144,#1145);
#1148=DIRECTION('',(0.E0,0.E0,-1.E0));
#1149=VECTOR('',#1148,9.99998E-1);
#1150=CARTESIAN_POINT('',(-2.3114E1,2.286E0,-6.620002E0));
#1151=LINE('',#1150,#1149);
#1152=CARTESIAN_POINT('',(-2.3114E1,0.E0,-9.99998E-1));
#1153=DIRECTION('',(0.E0,0.E0,1.E0));
#1154=DIRECTION('',(0.E0,1.E0,0.E0));
#1155=AXIS2_PLACEMENT_3D('',#1152,#1153,#1154);
#1157=DIRECTION('',(0.E0,0.E0,-1.E0));
#1158=VECTOR('',#1157,9.99998E-1);
#1159=CARTESIAN_POINT('',(-2.3114E1,-2.286E0,0.E0));
#1160=LINE('',#1159,#1158);
#1161=CARTESIAN_POINT('',(-2.3114E1,0.E0,-6.620002E0));
#1162=DIRECTION('',(0.E0,0.E0,1.E0));
#1163=DIRECTION('',(0.E0,1.E0,0.E0));
#1164=AXIS2_PLACEMENT_3D('',#1161,#1162,#1163);
#1166=DIRECTION('',(0.E0,0.E0,-1.E0));
#1167=VECTOR('',#1166,9.99998E-1);
#1168=CARTESIAN_POINT('',(-2.3114E1,-2.286E0,-6.620002E0));
#1169=LINE('',#1168,#1167);
#1170=DIRECTION('',(0.E0,0.E0,-1.E0));
#1171=VECTOR('',#1170,8.128E0);
#1172=CARTESIAN_POINT('',(1.048604807692E1,1.412208575170E1,0.E0));
#1173=LINE('',#1172,#1171);
#1174=DIRECTION('',(0.E0,0.E0,-1.E0));
#1175=VECTOR('',#1174,7.62E0);
#1176=CARTESIAN_POINT('',(2.538534615385E1,3.058935541885E0,0.E0));
#1177=LINE('',#1176,#1175);
#1178=DIRECTION('',(0.E0,0.E0,-1.E0));
#1179=VECTOR('',#1178,7.62E0);
#1180=CARTESIAN_POINT('',(2.538534615385E1,-3.058935541885E0,0.E0));
#1181=LINE('',#1180,#1179);
#1182=DIRECTION('',(0.E0,0.E0,1.E0));
#1183=VECTOR('',#1182,8.128E0);
#1184=CARTESIAN_POINT('',(1.048604807692E1,-1.412208575170E1,-8.128E0));
#1185=LINE('',#1184,#1183);
#1186=DIRECTION('',(0.E0,0.E0,-1.E0));
#1187=VECTOR('',#1186,8.128E0);
#1188=CARTESIAN_POINT('',(-1.048604807692E1,-1.412208575170E1,0.E0));
#1189=LINE('',#1188,#1187);
#1190=DIRECTION('',(0.E0,0.E0,-1.E0));
#1191=VECTOR('',#1190,7.62E0);
#1192=CARTESIAN_POINT('',(-2.538534615385E1,-3.058935541885E0,0.E0));
#1193=LINE('',#1192,#1191);
#1194=CARTESIAN_POINT('',(0.E0,0.E0,-7.62E0));
#1195=DIRECTION('',(0.E0,0.E0,1.E0));
#1196=DIRECTION('',(-7.683117362579E-1,6.400758360760E-1,0.E0));
#1197=AXIS2_PLACEMENT_3D('',#1194,#1195,#1196);
#1199=CARTESIAN_POINT('',(-1.390452164693E1,-1.158377244339E1,-7.62E0));
#1200=CARTESIAN_POINT('',(-1.376611256267E1,-1.168654510299E1,-7.62E0));
#1201=CARTESIAN_POINT('',(-1.347282868178E1,-1.190431667932E1,
-7.629751114518E0));
#1202=CARTESIAN_POINT('',(-1.298575690027E1,-1.226598125264E1,
-7.673489965788E0));
#1203=CARTESIAN_POINT('',(-1.244478562762E1,-1.266766772254E1,
-7.746806113014E0));
#1204=CARTESIAN_POINT('',(-1.184981701050E1,-1.310944874788E1,
-7.848861841274E0));
#1205=CARTESIAN_POINT('',(-1.120007353950E1,-1.359190165139E1,
-7.976988817520E0));
#1206=CARTESIAN_POINT('',(-1.073030943772E1,-1.394071478302E1,
-8.076297144279E0));
#1207=CARTESIAN_POINT('',(-1.048604807692E1,-1.412208575170E1,-8.128E0));
#1209=CARTESIAN_POINT('',(-1.048604807692E1,1.412208575170E1,-8.128E0));
#1210=CARTESIAN_POINT('',(-1.073046829037E1,1.394059683043E1,
-8.076263519902E0));
#1211=CARTESIAN_POINT('',(-1.120048771400E1,1.359159411512E1,
-7.976901840874E0));
#1212=CARTESIAN_POINT('',(-1.185036567623E1,1.310904134806E1,
-7.848759163414E0));
#1213=CARTESIAN_POINT('',(-1.244540738663E1,1.266720604889E1,
-7.746706440694E0));
#1214=CARTESIAN_POINT('',(-1.298649707637E1,1.226543165095E1,
-7.673408442560E0));
#1215=CARTESIAN_POINT('',(-1.347302325230E1,1.190417220520E1,
-7.629747112322E0));
#1216=CARTESIAN_POINT('',(-1.376617615126E1,1.168649788666E1,-7.62E0));
#1217=CARTESIAN_POINT('',(-1.390452164693E1,1.158377244339E1,-7.62E0));
#1219=DIRECTION('',(0.E0,0.E0,1.E0));
#1220=VECTOR('',#1219,8.128E0);
#1221=CARTESIAN_POINT('',(-1.048604807692E1,1.412208575170E1,-8.128E0));
#1222=LINE('',#1221,#1220);
#1223=DIRECTION('',(0.E0,0.E0,-1.E0));
#1224=VECTOR('',#1223,7.62E0);
#1225=CARTESIAN_POINT('',(-2.538534615385E1,3.058935541885E0,0.E0));
#1226=LINE('',#1225,#1224);
#1227=CARTESIAN_POINT('',(-1.928461299652E1,5.078724777563E-1,
-4.630394588281E1));
#1228=CARTESIAN_POINT('',(-1.928461299652E1,5.078724777563E-1,
-4.628458918213E1));
#1229=CARTESIAN_POINT('',(-1.928467827902E1,5.054330745329E-1,
-4.624586440214E1));
#1230=CARTESIAN_POINT('',(-1.928494033985E1,4.953667145670E-1,
-4.618734807755E1));
#1231=CARTESIAN_POINT('',(-1.928537792850E1,4.781166727565E-1,
-4.612958328056E1));
#1232=CARTESIAN_POINT('',(-1.928597140278E1,4.536806405803E-1,
-4.607319073827E1));
#1233=CARTESIAN_POINT('',(-1.928669677279E1,4.218861314828E-1,
-4.601916809542E1));
#1234=CARTESIAN_POINT('',(-1.928749038373E1,3.840875921403E-1,
-4.596995218669E1));
#1235=CARTESIAN_POINT('',(-1.928831252030E1,3.405309296457E-1,
-4.592564014122E1));
#1236=CARTESIAN_POINT('',(-1.928910893342E1,2.922104019149E-1,
-4.588718690014E1));
#1237=CARTESIAN_POINT('',(-1.928984234898E1,2.392677354661E-1,
-4.585466571342E1));
#1238=CARTESIAN_POINT('',(-1.929046735577E1,1.823808152501E-1,
-4.582871676155E1));
#1239=CARTESIAN_POINT('',(-1.929093928532E1,1.229649501188E-1,
-4.581001333173E1));
#1240=CARTESIAN_POINT('',(-1.929123353038E1,6.206832664028E-2,
-4.579874850950E1));
#1241=CARTESIAN_POINT('',(-1.929129827130E1,2.081684963153E-2,
-4.579619609712E1));
#1242=CARTESIAN_POINT('',(-1.929129827130E1,-9.016848569238E-10,
-4.579619613010E1));
#1244=CARTESIAN_POINT('',(-1.929129827130E1,-9.016848569238E-10,
-4.579619613010E1));
#1245=CARTESIAN_POINT('',(-1.931354983474E1,-9.643501561570E-5,
-4.579620710903E1));
#1246=CARTESIAN_POINT('',(-1.935808530228E1,4.474574012287E-5,
-4.579917801050E1));
#1247=CARTESIAN_POINT('',(-1.942329258144E1,-1.200865627438E-5,
-4.581222513146E1));
#1248=CARTESIAN_POINT('',(-1.948634815298E1,3.187542801726E-6,
-4.583369053742E1));
#1249=CARTESIAN_POINT('',(-1.954602555736E1,-8.915611352740E-7,
-4.586318978454E1));
#1250=CARTESIAN_POINT('',(-1.960134643634E1,1.824074714031E-7,
-4.590022001951E1));
#1251=CARTESIAN_POINT('',(-1.965135697140E1,-7.726986704628E-8,
-4.594414501020E1));
#1252=CARTESIAN_POINT('',(-1.969520651910E1,-1.512546372189E-7,
-4.599421417813E1));
#1253=CARTESIAN_POINT('',(-1.973215193091E1,3.705889507226E-7,
-4.604956694169E1));
#1254=CARTESIAN_POINT('',(-1.976154753091E1,-1.670941360617E-6,
-4.610927345881E1));
#1255=CARTESIAN_POINT('',(-1.978295599147E1,5.951393934707E-6,
-4.617225477445E1));
#1256=CARTESIAN_POINT('',(-1.979577798045E1,-2.251172649737E-5,
-4.623765778084E1));
#1257=CARTESIAN_POINT('',(-1.979904122603E1,4.830277848793E-5,
-4.628157842123E1));
#1258=CARTESIAN_POINT('',(-1.979904122601E1,-4.027937377769E-8,-4.6303946E1));
#1260=CARTESIAN_POINT('',(-1.929129827130E1,-9.016848569238E-10,
-4.579619613010E1));
#1261=CARTESIAN_POINT('',(-1.929129827130E1,-2.093964791076E-2,
-4.579620656540E1));
#1262=CARTESIAN_POINT('',(-1.929123266857E1,-6.244762612254E-2,
-4.579881239558E1));
#1263=CARTESIAN_POINT('',(-1.929093509406E1,-1.236925262491E-1,
-4.581023846058E1));
#1264=CARTESIAN_POINT('',(-1.929045603471E1,-1.836277544969E-1,
-4.582926902073E1));
#1265=CARTESIAN_POINT('',(-1.928982198131E1,-2.409318937730E-1,
-4.585566721737E1));
#1266=CARTESIAN_POINT('',(-1.928907899402E1,-2.941945557954E-1,
-4.588873947819E1));
#1267=CARTESIAN_POINT('',(-1.928827439846E1,-3.426879879076E-1,
-4.592779876237E1));
#1268=CARTESIAN_POINT('',(-1.928744608599E1,-3.863069165947E-1,
-4.597278535988E1));
#1269=CARTESIAN_POINT('',(-1.928664759175E1,-4.241286161486E-1,
-4.602284285872E1));
#1270=CARTESIAN_POINT('',(-1.928592099553E1,-4.558107207115E-1,
-4.607789357672E1));
#1271=CARTESIAN_POINT('',(-1.928533974296E1,-4.796445497012E-1,
-4.613461069799E1));
#1272=CARTESIAN_POINT('',(-1.928492033402E1,-4.961347691587E-1,
-4.619190344809E1));
#1273=CARTESIAN_POINT('',(-1.928468091854E1,-5.053396468296E-1,
-4.624879747310E1));
#1274=CARTESIAN_POINT('',(-1.928461472389E1,-5.077868496678E-1,
-4.628569180832E1));
#1275=CARTESIAN_POINT('',(-1.928461472389E1,-5.077868496678E-1,
-4.630394577046E1));
#1277=CARTESIAN_POINT('',(2.3114E1,2.286E0,0.E0));
#1278=CARTESIAN_POINT('',(2.3114E1,-2.286E0,0.E0));
#1279=VERTEX_POINT('',#1277);
#1280=VERTEX_POINT('',#1278);
#1281=CARTESIAN_POINT('',(-2.3114E1,2.286E0,0.E0));
#1282=CARTESIAN_POINT('',(-2.3114E1,-2.286E0,0.E0));
#1283=VERTEX_POINT('',#1281);
#1284=VERTEX_POINT('',#1282);
#1285=CARTESIAN_POINT('',(2.3114E1,2.286E0,-7.62E0));
#1286=CARTESIAN_POINT('',(2.3114E1,-2.286E0,-7.62E0));
#1287=VERTEX_POINT('',#1285);
#1288=VERTEX_POINT('',#1286);
#1289=CARTESIAN_POINT('',(-2.3114E1,2.286E0,-7.62E0));
#1290=CARTESIAN_POINT('',(-2.3114E1,-2.286E0,-7.62E0));
#1291=VERTEX_POINT('',#1289);
#1292=VERTEX_POINT('',#1290);
#1293=CARTESIAN_POINT('',(-2.538534615385E1,3.058935541885E0,0.E0));
#1294=CARTESIAN_POINT('',(-2.538534615385E1,-3.058935541885E0,0.E0));
#1295=VERTEX_POINT('',#1293);
#1296=VERTEX_POINT('',#1294);
#1297=CARTESIAN_POINT('',(2.538534615385E1,-3.058935541885E0,0.E0));
#1298=CARTESIAN_POINT('',(2.538534615385E1,3.058935541885E0,0.E0));
#1299=VERTEX_POINT('',#1297);
#1300=VERTEX_POINT('',#1298);
#1301=CARTESIAN_POINT('',(-2.538534615385E1,3.058935541885E0,-7.62E0));
#1302=CARTESIAN_POINT('',(-2.538534615385E1,-3.058935541885E0,-7.62E0));
#1303=VERTEX_POINT('',#1301);
#1304=VERTEX_POINT('',#1302);
#1305=CARTESIAN_POINT('',(2.538534615385E1,-3.058935541885E0,-7.62E0));
#1306=CARTESIAN_POINT('',(2.538534615385E1,3.058935541885E0,-7.62E0));
#1307=VERTEX_POINT('',#1305);
#1308=VERTEX_POINT('',#1306);
#1309=CARTESIAN_POINT('',(-1.048604807692E1,-1.412208575170E1,0.E0));
#1310=VERTEX_POINT('',#1309);
#1311=CARTESIAN_POINT('',(-1.048604807692E1,1.412208575170E1,0.E0));
#1312=VERTEX_POINT('',#1311);
#1313=CARTESIAN_POINT('',(1.048604807692E1,1.412208575170E1,0.E0));
#1314=VERTEX_POINT('',#1313);
#1315=CARTESIAN_POINT('',(1.048604807692E1,-1.412208575170E1,0.E0));
#1316=VERTEX_POINT('',#1315);
#1317=CARTESIAN_POINT('',(-1.0944987E1,0.E0,-5.2578E1));
#1318=CARTESIAN_POINT('',(-6.835013E0,0.E0,-5.2578E1));
#1319=VERTEX_POINT('',#1317);
#1320=VERTEX_POINT('',#1318);
#1321=CARTESIAN_POINT('',(6.835013E0,0.E0,-5.2578E1));
#1322=CARTESIAN_POINT('',(1.0944987E1,0.E0,-5.2578E1));
#1323=VERTEX_POINT('',#1321);
#1324=VERTEX_POINT('',#1322);
#1325=CARTESIAN_POINT('',(4.1275E0,0.E0,-5.2578E1));
#1326=CARTESIAN_POINT('',(1.36525E1,0.E0,-5.2578E1));
#1327=VERTEX_POINT('',#1325);
#1328=VERTEX_POINT('',#1326);
#1329=CARTESIAN_POINT('',(-1.36525E1,0.E0,-5.2578E1));
#1330=CARTESIAN_POINT('',(-4.1275E0,0.E0,-5.2578E1));
#1331=VERTEX_POINT('',#1329);
#1332=VERTEX_POINT('',#1330);
#1333=CARTESIAN_POINT('',(4.1275E0,0.E0,-4.93522E1));
#1334=VERTEX_POINT('',#1333);
#1335=CARTESIAN_POINT('',(1.36525E1,0.E0,-4.93522E1));
#1336=VERTEX_POINT('',#1335);
#1337=CARTESIAN_POINT('',(-1.36525E1,0.E0,-4.93522E1));
#1338=VERTEX_POINT('',#1337);
#1339=CARTESIAN_POINT('',(-4.1275E0,0.E0,-4.93522E1));
#1340=VERTEX_POINT('',#1339);
#1341=CARTESIAN_POINT('',(3.556E0,2.249955937525E1,-6.917898825162E1));
#1342=CARTESIAN_POINT('',(3.556E0,2.322044062475E1,-6.813341174838E1));
#1343=VERTEX_POINT('',#1341);
#1344=VERTEX_POINT('',#1342);
#1345=VERTEX_POINT('',#703);
#1346=VERTEX_POINT('',#729);
#1347=CARTESIAN_POINT('',(-3.556E0,2.567346697578E1,-6.808310244010E1));
#1348=CARTESIAN_POINT('',(-3.556E0,2.512653302422E1,-6.922929755990E1));
#1349=VERTEX_POINT('',#1347);
#1350=VERTEX_POINT('',#1348);
#1351=VERTEX_POINT('',#666);
#1352=CARTESIAN_POINT('',(-1.75895E1,0.E0,-3.469672262806E1));
#1353=CARTESIAN_POINT('',(1.75895E1,0.E0,-3.469672262806E1));
#1354=VERTEX_POINT('',#1352);
#1355=VERTEX_POINT('',#1353);
#1356=CARTESIAN_POINT('',(-1.844023868597E1,0.E0,-3.787172262806E1));
#1357=CARTESIAN_POINT('',(1.844023868597E1,0.E0,-3.787172262806E1));
#1358=VERTEX_POINT('',#1356);
#1359=VERTEX_POINT('',#1357);
#1360=CARTESIAN_POINT('',(-1.75895E1,0.E0,-8.128E0));
#1361=VERTEX_POINT('',#1360);
#1362=CARTESIAN_POINT('',(1.75895E1,0.E0,-8.128E0));
#1363=VERTEX_POINT('',#1362);
#1364=CARTESIAN_POINT('',(1.878085678842E1,0.E0,-3.846169048748E1));
#1365=CARTESIAN_POINT('',(-1.878085678842E1,0.E0,-3.846169048748E1));
#1366=VERTEX_POINT('',#1364);
#1367=VERTEX_POINT('',#1365);
#1368=CARTESIAN_POINT('',(1.92913E1,0.E0,-4.036669048748E1));
#1369=CARTESIAN_POINT('',(-1.92913E1,0.E0,-4.036669048748E1));
#1370=VERTEX_POINT('',#1368);
#1371=VERTEX_POINT('',#1369);
#1372=CARTESIAN_POINT('',(-1.929129827130E1,-9.016848569238E-10,
-4.579619613010E1));
#1373=VERTEX_POINT('',#1372);
#1374=CARTESIAN_POINT('',(1.92913E1,0.E0,-4.57962E1));
#1375=VERTEX_POINT('',#1374);
#1376=CARTESIAN_POINT('',(1.97993E1,6.189859568119E-10,-4.63042E1));
#1377=CARTESIAN_POINT('',(1.928461138907E1,5.079559651031E-1,-4.63042E1));
#1378=VERTEX_POINT('',#1376);
#1379=VERTEX_POINT('',#1377);
#1380=CARTESIAN_POINT('',(1.928461138907E1,-5.079559651031E-1,-4.63042E1));
#1381=VERTEX_POINT('',#1380);
#1382=CARTESIAN_POINT('',(-1.97993E1,-6.185906480976E-10,-4.6303946E1));
#1383=CARTESIAN_POINT('',(-1.928461472936E1,-5.079560090761E-1,-4.6303946E1));
#1384=VERTEX_POINT('',#1382);
#1385=VERTEX_POINT('',#1383);
#1386=CARTESIAN_POINT('',(-1.928461303807E1,5.079559868140E-1,-4.6303946E1));
#1387=VERTEX_POINT('',#1386);
#1388=CARTESIAN_POINT('',(-6.835013E0,0.E0,-5.1578002E1));
#1389=CARTESIAN_POINT('',(-1.0944987E1,0.E0,-5.1578002E1));
#1390=VERTEX_POINT('',#1388);
#1391=VERTEX_POINT('',#1389);
#1392=CARTESIAN_POINT('',(1.0944987E1,0.E0,-5.1578002E1));
#1393=CARTESIAN_POINT('',(6.835013E0,0.E0,-5.1578002E1));
#1394=VERTEX_POINT('',#1392);
#1395=VERTEX_POINT('',#1393);
#1396=CARTESIAN_POINT('',(2.3114E1,-2.286E0,-9.99998E-1));
#1397=CARTESIAN_POINT('',(2.3114E1,2.286E0,-9.99998E-1));
#1398=VERTEX_POINT('',#1396);
#1399=VERTEX_POINT('',#1397);
#1400=CARTESIAN_POINT('',(2.3114E1,-2.286E0,-6.620002E0));
#1401=CARTESIAN_POINT('',(2.3114E1,2.286E0,-6.620002E0));
#1402=VERTEX_POINT('',#1400);
#1403=VERTEX_POINT('',#1401);
#1404=CARTESIAN_POINT('',(-2.3114E1,-2.286E0,-9.99998E-1));
#1405=CARTESIAN_POINT('',(-2.3114E1,2.286E0,-9.99998E-1));
#1406=VERTEX_POINT('',#1404);
#1407=VERTEX_POINT('',#1405);
#1408=CARTESIAN_POINT('',(-2.3114E1,-2.286E0,-6.620002E0));
#1409=CARTESIAN_POINT('',(-2.3114E1,2.286E0,-6.620002E0));
#1410=VERTEX_POINT('',#1408);
#1411=VERTEX_POINT('',#1409);
#1412=CARTESIAN_POINT('',(1.97485E1,0.E0,-4.93522E1));
#1413=CARTESIAN_POINT('',(-1.97485E1,0.E0,-4.93522E1));
#1414=VERTEX_POINT('',#1412);
#1415=VERTEX_POINT('',#1413);
#1416=CARTESIAN_POINT('',(-1.928461138907E1,-5.079559651031E-1,-4.88442E1));
#1417=CARTESIAN_POINT('',(1.928461138907E1,-5.079559651031E-1,-4.88442E1));
#1418=VERTEX_POINT('',#1416);
#1419=VERTEX_POINT('',#1417);
#1420=CARTESIAN_POINT('',(1.97485E1,0.E0,-4.88442E1));
#1421=CARTESIAN_POINT('',(1.974722916392E1,-2.240370448919E-1,-4.88442E1));
#1422=VERTEX_POINT('',#1420);
#1423=VERTEX_POINT('',#1421);
#1424=CARTESIAN_POINT('',(-1.974722916392E1,-2.240370448919E-1,-4.88442E1));
#1425=CARTESIAN_POINT('',(-1.97485E1,0.E0,-4.88442E1));
#1426=VERTEX_POINT('',#1424);
#1427=VERTEX_POINT('',#1425);
#1428=CARTESIAN_POINT('',(-1.974722916392E1,2.240370448919E-1,-4.88442E1));
#1429=VERTEX_POINT('',#1428);
#1430=CARTESIAN_POINT('',(1.974722916392E1,2.240370448919E-1,-4.88442E1));
#1431=VERTEX_POINT('',#1430);
#1432=CARTESIAN_POINT('',(1.928461138907E1,5.079559651031E-1,-4.88442E1));
#1433=CARTESIAN_POINT('',(-1.928461138907E1,5.079559651031E-1,-4.88442E1));
#1434=VERTEX_POINT('',#1432);
#1435=VERTEX_POINT('',#1433);
#1436=VERTEX_POINT('',#191);
#1437=CARTESIAN_POINT('',(1.048604807692E1,1.412208575170E1,-8.128E0));
#1438=VERTEX_POINT('',#1437);
#1439=CARTESIAN_POINT('',(1.048604807692E1,-1.412208575170E1,-8.128E0));
#1440=VERTEX_POINT('',#1439);
#1441=CARTESIAN_POINT('',(-1.048604807692E1,-1.412208575170E1,-8.128E0));
#1442=VERTEX_POINT('',#1441);
#1443=CARTESIAN_POINT('',(-1.048604807692E1,1.412208575170E1,-8.128E0));
#1444=VERTEX_POINT('',#1443);
#1445=CARTESIAN_POINT('',(-1.390452164693E1,-1.158377244339E1,-7.62E0));
#1446=VERTEX_POINT('',#1445);
#1447=CARTESIAN_POINT('',(-1.390452164693E1,1.158377244339E1,-7.62E0));
#1448=VERTEX_POINT('',#1447);
#1449=CARTESIAN_POINT('',(1.390452164693E1,1.158377244339E1,-7.62E0));
#1450=VERTEX_POINT('',#1449);
#1451=CARTESIAN_POINT('',(1.390452164693E1,-1.158377244339E1,-7.62E0));
#1452=VERTEX_POINT('',#1451);
#1453=CARTESIAN_POINT('',(0.E0,-9.4742E0,-4.93522E1));
#1454=CARTESIAN_POINT('',(0.E0,-1.49098E1,-4.93522E1));
#1455=VERTEX_POINT('',#1453);
#1456=VERTEX_POINT('',#1454);
#1457=CARTESIAN_POINT('',(0.E0,-1.049722973168E1,-5.7912E1));
#1458=CARTESIAN_POINT('',(0.E0,-1.388677026832E1,-5.7912E1));
#1459=VERTEX_POINT('',#1457);
#1460=VERTEX_POINT('',#1458);
#1461=CARTESIAN_POINT('',(0.E0,-9.608365130688E0,-5.703851518932E1));
#1462=CARTESIAN_POINT('',(0.E0,-1.477563486931E1,-5.703851518932E1));
#1463=VERTEX_POINT('',#1461);
#1464=VERTEX_POINT('',#1462);
#1465=VERTEX_POINT('',#446);
#1466=VERTEX_POINT('',#474);
#1467=VERTEX_POINT('',#480);
#1468=VERTEX_POINT('',#508);
#1469=VERTEX_POINT('',#60);
#1470=VERTEX_POINT('',#95);
#1471=VERTEX_POINT('',#358);
#1472=VERTEX_POINT('',#393);
#1473=CARTESIAN_POINT('',(-1.495537019592E0,6.375976173484E0,-4.93522E1));
#1474=VERTEX_POINT('',#1473);
#1475=CARTESIAN_POINT('',(-9.883803292209E-1,6.375976173484E0,
-4.983094096017E1));
#1476=VERTEX_POINT('',#1475);
#1477=VERTEX_POINT('',#136);
#1478=VERTEX_POINT('',#444);
#1479=CARTESIAN_POINT('',(0.E0,0.E0,-4.88442E1));
#1480=DIRECTION('',(0.E0,0.E0,1.E0));
#1481=DIRECTION('',(-1.E0,0.E0,0.E0));
#1482=AXIS2_PLACEMENT_3D('',#1479,#1480,#1481);
#1483=PLANE('',#1482);
#1485=ORIENTED_EDGE('',*,*,#1484,.T.);
#1487=ORIENTED_EDGE('',*,*,#1486,.F.);
#1489=ORIENTED_EDGE('',*,*,#1488,.T.);
#1490=EDGE_LOOP('',(#1485,#1487,#1489));
#1491=FACE_OUTER_BOUND('',#1490,.F.);
#1493=CARTESIAN_POINT('',(0.E0,0.E0,-4.88442E1));
#1494=DIRECTION('',(0.E0,0.E0,1.E0));
#1495=DIRECTION('',(-1.E0,0.E0,0.E0));
#1496=AXIS2_PLACEMENT_3D('',#1493,#1494,#1495);
#1497=PLANE('',#1496);
#1499=ORIENTED_EDGE('',*,*,#1498,.T.);
#1501=ORIENTED_EDGE('',*,*,#1500,.T.);
#1503=ORIENTED_EDGE('',*,*,#1502,.F.);
#1504=EDGE_LOOP('',(#1499,#1501,#1503));
#1505=FACE_OUTER_BOUND('',#1504,.F.);
#1507=CARTESIAN_POINT('',(0.E0,0.E0,-4.88442E1));
#1508=DIRECTION('',(0.E0,0.E0,-1.E0));
#1509=DIRECTION('',(1.E0,0.E0,0.E0));
#1510=AXIS2_PLACEMENT_3D('',#1507,#1508,#1509);
#1511=CYLINDRICAL_SURFACE('',#1510,1.97485E1);
#1512=ORIENTED_EDGE('',*,*,#1484,.F.);
#1514=ORIENTED_EDGE('',*,*,#1513,.T.);
#1516=ORIENTED_EDGE('',*,*,#1515,.T.);
#1518=ORIENTED_EDGE('',*,*,#1517,.F.);
#1519=ORIENTED_EDGE('',*,*,#1498,.F.);
#1521=ORIENTED_EDGE('',*,*,#1520,.F.);
#1522=EDGE_LOOP('',(#1512,#1514,#1516,#1518,#1519,#1521));
#1523=FACE_OUTER_BOUND('',#1522,.F.);
#1525=CARTESIAN_POINT('',(0.E0,0.E0,-4.88442E1));
#1526=DIRECTION('',(0.E0,0.E0,-1.E0));
#1527=DIRECTION('',(1.E0,0.E0,0.E0));
#1528=AXIS2_PLACEMENT_3D('',#1525,#1526,#1527);
#1529=CYLINDRICAL_SURFACE('',#1528,1.97485E1);
#1530=ORIENTED_EDGE('',*,*,#1500,.F.);
#1531=ORIENTED_EDGE('',*,*,#1517,.T.);
#1533=ORIENTED_EDGE('',*,*,#1532,.T.);
#1534=ORIENTED_EDGE('',*,*,#1513,.F.);
#1535=ORIENTED_EDGE('',*,*,#1488,.F.);
#1537=ORIENTED_EDGE('',*,*,#1536,.F.);
#1538=EDGE_LOOP('',(#1530,#1531,#1533,#1534,#1535,#1537));
#1539=FACE_OUTER_BOUND('',#1538,.F.);
#1541=CARTESIAN_POINT('',(0.E0,0.E0,-4.93522E1));
#1542=DIRECTION('',(0.E0,0.E0,-1.E0));
#1543=DIRECTION('',(1.E0,0.E0,0.E0));
#1544=AXIS2_PLACEMENT_3D('',#1541,#1542,#1543);
#1545=PLANE('',#1544);
#1546=ORIENTED_EDGE('',*,*,#1515,.F.);
#1547=ORIENTED_EDGE('',*,*,#1532,.F.);
#1548=EDGE_LOOP('',(#1546,#1547));
#1549=FACE_OUTER_BOUND('',#1548,.F.);
#1551=ORIENTED_EDGE('',*,*,#1550,.F.);
#1553=ORIENTED_EDGE('',*,*,#1552,.F.);
#1554=EDGE_LOOP('',(#1551,#1553));
#1555=FACE_BOUND('',#1554,.F.);
#1557=ORIENTED_EDGE('',*,*,#1556,.T.);
#1559=ORIENTED_EDGE('',*,*,#1558,.T.);
#1561=ORIENTED_EDGE('',*,*,#1560,.T.);
#1563=ORIENTED_EDGE('',*,*,#1562,.T.);
#1564=EDGE_LOOP('',(#1557,#1559,#1561,#1563));
#1565=FACE_BOUND('',#1564,.F.);
#1567=ORIENTED_EDGE('',*,*,#1566,.F.);
#1569=ORIENTED_EDGE('',*,*,#1568,.F.);
#1570=EDGE_LOOP('',(#1567,#1569));
#1571=FACE_BOUND('',#1570,.F.);
#1573=ORIENTED_EDGE('',*,*,#1572,.F.);
#1575=ORIENTED_EDGE('',*,*,#1574,.F.);
#1576=EDGE_LOOP('',(#1573,#1575));
#1577=FACE_BOUND('',#1576,.F.);
#1579=ORIENTED_EDGE('',*,*,#1578,.T.);
#1581=ORIENTED_EDGE('',*,*,#1580,.T.);
#1582=EDGE_LOOP('',(#1579,#1581));
#1583=FACE_BOUND('',#1582,.F.);
#1585=ORIENTED_EDGE('',*,*,#1584,.T.);
#1587=ORIENTED_EDGE('',*,*,#1586,.T.);
#1588=EDGE_LOOP('',(#1585,#1587));
#1589=FACE_BOUND('',#1588,.F.);
#1591=CARTESIAN_POINT('',(0.E0,-1.2192E1,-5.319535759466E1));
#1592=DIRECTION('',(0.E0,0.E0,1.E0));
#1593=DIRECTION('',(0.E0,1.E0,0.E0));
#1594=AXIS2_PLACEMENT_3D('',#1591,#1592,#1593);
#1595=CONICAL_SURFACE('',#1594,2.650717434656E0,1.E0);
#1597=ORIENTED_EDGE('',*,*,#1596,.T.);
#1599=ORIENTED_EDGE('',*,*,#1598,.T.);
#1600=ORIENTED_EDGE('',*,*,#1550,.T.);
#1602=ORIENTED_EDGE('',*,*,#1601,.F.);
#1603=EDGE_LOOP('',(#1597,#1599,#1600,#1602));
#1604=FACE_OUTER_BOUND('',#1603,.F.);
#1606=CARTESIAN_POINT('',(0.E0,-1.2192E1,-5.7023E1));
#1607=DIRECTION('',(0.E0,0.E0,1.E0));
#1608=DIRECTION('',(8.264310988434E-3,-9.999658499988E-1,0.E0));
#1609=AXIS2_PLACEMENT_3D('',#1606,#1607,#1608);
#1610=TOROIDAL_SURFACE('',#1609,1.694770268318E0,8.89E-1);
#1612=ORIENTED_EDGE('',*,*,#1611,.T.);
#1614=ORIENTED_EDGE('',*,*,#1613,.T.);
#1615=ORIENTED_EDGE('',*,*,#1596,.F.);
#1617=ORIENTED_EDGE('',*,*,#1616,.F.);
#1618=EDGE_LOOP('',(#1612,#1614,#1615,#1617));
#1619=FACE_OUTER_BOUND('',#1618,.F.);
#1621=CARTESIAN_POINT('',(0.E0,0.E0,-5.7912E1));
#1622=DIRECTION('',(0.E0,0.E0,1.E0));
#1623=DIRECTION('',(0.E0,1.E0,0.E0));
#1624=AXIS2_PLACEMENT_3D('',#1621,#1622,#1623);
#1625=PLANE('',#1624);
#1627=ORIENTED_EDGE('',*,*,#1626,.F.);
#1628=ORIENTED_EDGE('',*,*,#1611,.F.);
#1629=EDGE_LOOP('',(#1627,#1628));
#1630=FACE_OUTER_BOUND('',#1629,.F.);
#1632=CARTESIAN_POINT('',(0.E0,-1.2192E1,-5.7023E1));
#1633=DIRECTION('',(0.E0,0.E0,1.E0));
#1634=DIRECTION('',(-8.264310988434E-3,9.999658499988E-1,0.E0));
#1635=AXIS2_PLACEMENT_3D('',#1632,#1633,#1634);
#1636=TOROIDAL_SURFACE('',#1635,1.694770268318E0,8.89E-1);
#1637=ORIENTED_EDGE('',*,*,#1626,.T.);
#1638=ORIENTED_EDGE('',*,*,#1616,.T.);
#1640=ORIENTED_EDGE('',*,*,#1639,.F.);
#1641=ORIENTED_EDGE('',*,*,#1613,.F.);
#1642=EDGE_LOOP('',(#1637,#1638,#1640,#1641));
#1643=FACE_OUTER_BOUND('',#1642,.F.);
#1645=CARTESIAN_POINT('',(0.E0,-1.2192E1,-5.319535759466E1));
#1646=DIRECTION('',(0.E0,0.E0,1.E0));
#1647=DIRECTION('',(0.E0,1.E0,0.E0));
#1648=AXIS2_PLACEMENT_3D('',#1645,#1646,#1647);
#1649=CONICAL_SURFACE('',#1648,2.650717434656E0,1.E0);
#1650=ORIENTED_EDGE('',*,*,#1639,.T.);
#1651=ORIENTED_EDGE('',*,*,#1601,.T.);
#1652=ORIENTED_EDGE('',*,*,#1552,.T.);
#1653=ORIENTED_EDGE('',*,*,#1598,.F.);
#1654=EDGE_LOOP('',(#1650,#1651,#1652,#1653));
#1655=FACE_OUTER_BOUND('',#1654,.F.);
#1657=CARTESIAN_POINT('',(1.540874510168E0,-6.327623185118E0,
-4.935429662514E1));
#1658=CARTESIAN_POINT('',(1.541076282568E0,-6.343741708238E0,
-4.935426809620E1));
#1659=CARTESIAN_POINT('',(1.540866774342E0,-6.409262143484E0,
-4.935415636249E1));
#1660=CARTESIAN_POINT('',(1.533220072456E0,-6.523498307137E0,
-4.935396992784E1));
#1661=CARTESIAN_POINT('',(1.509487968259E0,-6.668585565337E0,
-4.935374682056E1));
#1662=CARTESIAN_POINT('',(1.472341820388E0,-6.810048433375E0,
-4.935354308933E1));
#1663=CARTESIAN_POINT('',(1.422109817350E0,-6.947111674216E0,
-4.935335871002E1));
#1664=CARTESIAN_POINT('',(1.359323757997E0,-7.078562906895E0,
-4.935319409247E1));
#1665=CARTESIAN_POINT('',(1.284593133277E0,-7.203297170398E0,
-4.935304905877E1));
#1666=CARTESIAN_POINT('',(1.198643884251E0,-7.320244362204E0,
-4.935292307004E1));
#1667=CARTESIAN_POINT('',(1.102283739312E0,-7.428424134911E0,
-4.935281522290E1));
#1668=CARTESIAN_POINT('',(9.963964668447E-1,-7.526942529610E0,
-4.935272434905E1));
#1669=CARTESIAN_POINT('',(8.819386498868E-1,-7.614991836130E0,
-4.935264910672E1));
#1670=CARTESIAN_POINT('',(7.599272470724E-1,-7.691858480347E0,
-4.935258806799E1));
#1671=CARTESIAN_POINT('',(6.314312151454E-1,-7.756925538275E0,
-4.935253980879E1));
#1672=CARTESIAN_POINT('',(4.975637798194E-1,-7.809674784678E0,
-4.935250299377E1));
#1673=CARTESIAN_POINT('',(3.594737224993E-1,-7.849688828028E0,
-4.935247645236E1));
#1674=CARTESIAN_POINT('',(2.183373814783E-1,-7.876652437049E0,
-4.935245924389E1));
#1675=CARTESIAN_POINT('',(7.535087179685E-2,-7.890353486294E0,
-4.935245070899E1));
#1676=CARTESIAN_POINT('',(-6.827760306486E-2,-7.890683618045E0,
-4.935245050508E1));
#1677=CARTESIAN_POINT('',(-2.113353624750E-1,-7.877638643033E0,
-4.935245862482E1));
#1678=CARTESIAN_POINT('',(-3.526128572714E-1,-7.851318671751E0,
-4.935247539663E1));
#1679=CARTESIAN_POINT('',(-4.909113474181E-1,-7.811927992430E0,
-4.935250146727E1));
#1680=CARTESIAN_POINT('',(-6.250506754159E-1,-7.759774680370E0,
-4.935253776712E1));
#1681=CARTESIAN_POINT('',(-7.538772148604E-1,-7.695269876137E0,
-4.935258545951E1));
#1682=CARTESIAN_POINT('',(-8.762725868833E-1,-7.618926360251E0,
-4.935264587620E1));
#1683=CARTESIAN_POINT('',(-9.911616921801E-1,-7.531356920862E0,
-4.935272044113E1));
#1684=CARTESIAN_POINT('',(-1.097520243769E0,-7.433273091708E0,
-4.935281058482E1));
#1685=CARTESIAN_POINT('',(-1.194389405712E0,-7.325477099380E0,
-4.935291765899E1));
#1686=CARTESIAN_POINT('',(-1.280874182038E0,-7.208867059663E0,
-4.935304283673E1));
#1687=CARTESIAN_POINT('',(-1.356166458991E0,-7.084416798739E0,
-4.935318704025E1));
#1688=CARTESIAN_POINT('',(-1.419516319614E0,-6.953234857413E0,
-4.935335077545E1));
#1689=CARTESIAN_POINT('',(-1.470494227394E0,-6.815965100034E0,
-4.935353484431E1));
#1690=CARTESIAN_POINT('',(-1.508577850911E0,-6.673185824507E0,
-4.935373990786E1));
#1691=CARTESIAN_POINT('',(-1.533021828740E0,-6.525950322298E0,
-4.935396595505E1));
#1692=CARTESIAN_POINT('',(-1.540864259213E0,-6.409956655498E0,
-4.935415518360E1));
#1693=CARTESIAN_POINT('',(-1.541076264796E0,-6.343750640489E0,
-4.935426807802E1));
#1694=CARTESIAN_POINT('',(-1.540874691197E0,-6.327636570396E0,
-4.935429659974E1));
#1695=CARTESIAN_POINT('',(1.229689628093E0,-6.337356801911E0,
-4.932592955155E1));
#1696=CARTESIAN_POINT('',(1.229772716799E0,-6.350233047613E0,
-4.932608776017E1));
#1697=CARTESIAN_POINT('',(1.229288203015E0,-6.402564018184E0,
-4.932673570831E1));
#1698=CARTESIAN_POINT('',(1.222632170298E0,-6.493733618868E0,
-4.932787771756E1));
#1699=CARTESIAN_POINT('',(1.203008574016E0,-6.609390153324E0,
-4.932934927428E1));
#1700=CARTESIAN_POINT('',(1.172734564235E0,-6.722027598239E0,
-4.933080507392E1));
#1701=CARTESIAN_POINT('',(1.132092680876E0,-6.831037945947E0,
-4.933223548142E1));
#1702=CARTESIAN_POINT('',(1.081527563557E0,-6.935469004458E0,
-4.933362595636E1));
#1703=CARTESIAN_POINT('',(1.021542339321E0,-7.034457669597E0,
-4.933496243253E1));
#1704=CARTESIAN_POINT('',(9.527291861357E-1,-7.127171681004E0,
-4.933623072078E1));
#1705=CARTESIAN_POINT('',(8.757410546402E-1,-7.212852432989E0,
-4.933741719904E1));
#1706=CARTESIAN_POINT('',(7.912868227326E-1,-7.290811446568E0,
-4.933850891946E1));
#1707=CARTESIAN_POINT('',(7.001285854114E-1,-7.360429380900E0,
-4.933949374682E1));
#1708=CARTESIAN_POINT('',(6.030717692714E-1,-7.421161381928E0,
-4.934036058998E1));
#1709=CARTESIAN_POINT('',(5.009586666066E-1,-7.472538195138E0,
-4.934109957068E1));
#1710=CARTESIAN_POINT('',(3.946626480889E-1,-7.514166963312E0,
-4.934170217857E1));
#1711=CARTESIAN_POINT('',(2.850817460695E-1,-7.545732174085E0,
-4.934216141406E1));
#1712=CARTESIAN_POINT('',(1.731329401210E-1,-7.566996078515E0,
-4.934247190431E1));
#1713=CARTESIAN_POINT('',(5.974672631264E-2,-7.577798942209E0,
-4.934262999349E1));
#1714=CARTESIAN_POINT('',(-5.413815833034E-2,-7.578059224572E0,
-4.934263380537E1));
#1715=CARTESIAN_POINT('',(-1.675798987211E-1,-7.567773717033E0,
-4.934248327641E1));
#1716=CARTESIAN_POINT('',(-2.796387438625E-1,-7.547017640789E0,
-4.934218015825E1));
#1717=CARTESIAN_POINT('',(-3.893822189096E-1,-7.515944717198E0,
-4.934172798955E1));
#1718=CARTESIAN_POINT('',(-4.958904614505E-1,-7.474787192703E0,
-4.934113203812E1));
#1719=CARTESIAN_POINT('',(-5.982617765392E-1,-7.423855756648E0,
-4.934039921444E1));
#1720=CARTESIAN_POINT('',(-6.956189102958E-1,-7.363539039645E0,
-4.933953795533E1));
#1721=CARTESIAN_POINT('',(-7.871149137771E-1,-7.294303060595E0,
-4.933855808725E1));
#1722=CARTESIAN_POINT('',(-8.719387591653E-1,-7.216691052270E0,
-4.933747067980E1));
#1723=CARTESIAN_POINT('',(-9.493267876261E-1,-7.131317969591E0,
-4.933628781493E1));
#1724=CARTESIAN_POINT('',(-1.018561380440E0,-7.038875499224E0,
-4.933502249970E1));
#1725=CARTESIAN_POINT('',(-1.078989480380E0,-6.940116964930E0,
-4.933368830347E1));
#1726=CARTESIAN_POINT('',(-1.129999811923E0,-6.835905021380E0,
-4.933229984505E1));
#1727=CARTESIAN_POINT('',(-1.171234783805E0,-6.726736010819E0,
-4.933086638452E1));
#1728=CARTESIAN_POINT('',(-1.202260869915E0,-6.613055756614E0,
-4.932939617724E1));
#1729=CARTESIAN_POINT('',(-1.222462077938E0,-6.495690190295E0,
-4.932790227740E1));
#1730=CARTESIAN_POINT('',(-1.229282832377E0,-6.403118720328E0,
-4.932674258224E1));
#1731=CARTESIAN_POINT('',(-1.229772659292E0,-6.350240181781E0,
-4.932608784551E1));
#1732=CARTESIAN_POINT('',(-1.229689707727E0,-6.337367494677E0,
-4.932592968119E1));
#1733=CARTESIAN_POINT('',(9.960022437229E-1,-6.344666358955E0,
-4.953346779953E1));
#1734=CARTESIAN_POINT('',(9.961334057369E-1,-6.355103492199E0,
-4.953376663611E1));
#1735=CARTESIAN_POINT('',(9.960009872623E-1,-6.397529663807E0,
-4.953498474275E1));
#1736=CARTESIAN_POINT('',(9.910634706996E-1,-6.471501498385E0,
-4.953711976316E1));
#1737=CARTESIAN_POINT('',(9.757297418142E-1,-6.565452342523E0,
-4.953985147543E1));
#1738=CARTESIAN_POINT('',(9.517248078673E-1,-6.657058012349E0,
-4.954253468815E1));
#1739=CARTESIAN_POINT('',(9.192606283751E-1,-6.745816368693E0,
-4.954515319804E1));
#1740=CARTESIAN_POINT('',(8.786807751102E-1,-6.830942144658E0,
-4.954768204674E1));
#1741=CARTESIAN_POINT('',(8.303790671409E-1,-6.911719588500E0,
-4.955009774074E1));
#1742=CARTESIAN_POINT('',(7.748246264055E-1,-6.987455479422E0,
-4.955237698851E1));
#1743=CARTESIAN_POINT('',(7.125394780428E-1,-7.057514686903E0,
-4.955449786678E1));
#1744=CARTESIAN_POINT('',(6.440948388630E-1,-7.121318000510E0,
-4.955643988825E1));
#1745=CARTESIAN_POINT('',(5.701090354511E-1,-7.178342050420E0,
-4.955818413106E1));
#1746=CARTESIAN_POINT('',(4.912394652959E-1,-7.228124427467E0,
-4.955971352982E1));
#1747=CARTESIAN_POINT('',(4.081771815672E-1,-7.270265323955E0,
-4.956101305789E1));
#1748=CARTESIAN_POINT('',(3.216418951221E-1,-7.304428873007E0,
-4.956206989240E1));
#1749=CARTESIAN_POINT('',(2.323763383209E-1,-7.330344543202E0,
-4.956287356871E1));
#1750=CARTESIAN_POINT('',(1.411410886912E-1,-7.347808008360E0,
-4.956341610197E1));
#1751=CARTESIAN_POINT('',(4.870953214640E-2,-7.356681768630E0,
-4.956369208096E1));
#1752=CARTESIAN_POINT('',(-4.413711586292E-2,-7.356895585352E0,
-4.956369873329E1));
#1753=CARTESIAN_POINT('',(-1.366147403407E-1,-7.348446743837E0,
-4.956343596023E1));
#1754=CARTESIAN_POINT('',(-2.279412553518E-1,-7.331400138516E0,
-4.956290634036E1));
#1755=CARTESIAN_POINT('',(-3.173415769662E-1,-7.305888190855E0,
-4.956211510181E1));
#1756=CARTESIAN_POINT('',(-4.040526572160E-1,-7.272110590326E0,
-4.956107006414E1));
#1757=CARTESIAN_POINT('',(-4.873286298739E-1,-7.230333818359E0,
-4.955978155009E1));
#1758=CARTESIAN_POINT('',(-5.664464508282E-1,-7.180890214659E0,
-4.955826226276E1));
#1759=CARTESIAN_POINT('',(-6.407110940346E-1,-7.124176908106E0,
-4.955652714165E1));
#1760=CARTESIAN_POINT('',(-7.094604227259E-1,-7.060654986770E0,
-4.955459321295E1));
#1761=CARTESIAN_POINT('',(-7.720746519616E-1,-6.990844270012E0,
-4.955247929748E1));
#1762=CARTESIAN_POINT('',(-8.279753056746E-1,-6.915326661676E0,
-4.955020597686E1));
#1763=CARTESIAN_POINT('',(-8.766401079728E-1,-6.834733070738E0,
-4.954779506423E1));
#1764=CARTESIAN_POINT('',(-9.175844390975E-1,-6.749781612011E0,
-4.954527061228E1));
#1765=CARTESIAN_POINT('',(-9.505307825945E-1,-6.660889444258E0,
-4.954264731124E1));
#1766=CARTESIAN_POINT('',(-9.751416532205E-1,-6.568431248028E0,
-4.953993831853E1));
#1767=CARTESIAN_POINT('',(-9.909354402671E-1,-6.473089266990E0,
-4.953716563699E1));
#1768=CARTESIAN_POINT('',(-9.959993933656E-1,-6.397979378257E0,
-4.953499765802E1));
#1769=CARTESIAN_POINT('',(-9.961333946607E-1,-6.355109276073E0,
-4.953376680046E1));
#1770=CARTESIAN_POINT('',(-9.960023613521E-1,-6.344675026190E0,
-4.953346804670E1));
#1771=CARTESIAN_POINT('',(9.872502283601E-1,-6.344940115938E0,
-4.984597149153E1));
#1772=CARTESIAN_POINT('',(9.875658903072E-1,-6.355280184707E0,
-4.984627612158E1));
#1773=CARTESIAN_POINT('',(9.881905242973E-1,-6.397335351484E0,
-4.984751513938E1));
#1774=CARTESIAN_POINT('',(9.846151259370E-1,-6.470828618662E0,
-4.984968122834E1));
#1775=CARTESIAN_POINT('',(9.710460639709E-1,-6.564493343951E0,
-4.985244353131E1));
#1776=CARTESIAN_POINT('',(9.487518629261E-1,-6.656130238669E0,
-4.985514764078E1));
#1777=CARTESIAN_POINT('',(9.178935006275E-1,-6.745214876794E0,
-4.985777797195E1));
#1778=CARTESIAN_POINT('',(8.787633380405E-1,-6.830930336387E0,
-4.986031025376E1));
#1779=CARTESIAN_POINT('',(8.317119067009E-1,-6.912520746240E0,
-4.986272197425E1));
#1780=CARTESIAN_POINT('',(7.771736179948E-1,-6.989245399780E0,
-4.986499103024E1));
#1781=CARTESIAN_POINT('',(7.156460272357E-1,-7.060416472253E0,
-4.986709685216E1));
#1782=CARTESIAN_POINT('',(6.476867725770E-1,-7.125398870768E0,
-4.986902041014E1));
#1783=CARTESIAN_POINT('',(5.739118380759E-1,-7.183612248245E0,
-4.987074428434E1));
#1784=CARTESIAN_POINT('',(4.949874894624E-1,-7.234538349162E0,
-4.987225289333E1));
#1785=CARTESIAN_POINT('',(4.116243857840E-1,-7.277724774658E0,
-4.987353261610E1));
#1786=CARTESIAN_POINT('',(3.245717202463E-1,-7.312788314207E0,
-4.987457190063E1));
#1787=CARTESIAN_POINT('',(2.346103560366E-1,-7.339418139777E0,
-4.987536136733E1));
#1788=CARTESIAN_POINT('',(1.425461023756E-1,-7.357378201309E0,
-4.987589388748E1));
#1789=CARTESIAN_POINT('',(4.920286765897E-2,-7.366509048783E0,
-4.987616464306E1));
#1790=CARTESIAN_POINT('',(-4.458432596180E-2,-7.366729099680E0,
-4.987617116839E1));
#1791=CARTESIAN_POINT('',(-1.379764021031E-1,-7.358035334774E0,
-4.987591337281E1));
#1792=CARTESIAN_POINT('',(-2.301373328642E-1,-7.340503399616E0,
-4.987539354378E1));
#1793=CARTESIAN_POINT('',(-3.202412499950E-1,-7.314287121276E0,
-4.987461633057E1));
#1794=CARTESIAN_POINT('',(-4.074795020754E-1,-7.279617444957E0,
-4.987358870885E1));
#1795=CARTESIAN_POINT('',(-4.910676335173E-1,-7.236800779105E0,
-4.987231992590E1));
#1796=CARTESIAN_POINT('',(-5.702526008448E-1,-7.186216546543E0,
-4.987082142060E1));
#1797=CARTESIAN_POINT('',(-6.443192223670E-1,-7.128314329401E0,
-4.986910673012E1));
#1798=CARTESIAN_POINT('',(-7.125959460221E-1,-7.063611053974E0,
-4.986719139662E1));
#1799=CARTESIAN_POINT('',(-7.744647847446E-1,-6.992683563038E0,
-4.986509273675E1));
#1800=CARTESIAN_POINT('',(-8.293603827402E-1,-6.916169888012E0,
-4.986282986834E1));
#1801=CARTESIAN_POINT('',(-8.767844577947E-1,-6.834753844559E0,
-4.986042324376E1));
#1802=CARTESIAN_POINT('',(-9.162871506856E-1,-6.749201546897E0,
-4.985789571857E1));
#1803=CARTESIAN_POINT('',(-9.476286285854E-1,-6.659969267310E0,
-4.985526095919E1));
#1804=CARTESIAN_POINT('',(-9.705140886492E-1,-6.567466760623E0,
-4.985253124004E1));
#1805=CARTESIAN_POINT('',(-9.845165303221E-1,-6.472406910159E0,
-4.984972775013E1));
#1806=CARTESIAN_POINT('',(-9.881969565737E-1,-6.397781139173E0,
-4.984752827292E1));
#1807=CARTESIAN_POINT('',(-9.875659825315E-1,-6.355285918006E0,
-4.984627629059E1));
#1808=CARTESIAN_POINT('',(-9.872504994017E-1,-6.344948702572E0,
-4.984597174457E1));
#1809=(BOUNDED_SURFACE()B_SPLINE_SURFACE(3,3,((#1657,#1658,#1659,#1660,#1661,
#1662,#1663,#1664,#1665,#1666,#1667,#1668,#1669,#1670,#1671,#1672,#1673,#1674,
#1675,#1676,#1677,#1678,#1679,#1680,#1681,#1682,#1683,#1684,#1685,#1686,#1687,
#1688,#1689,#1690,#1691,#1692,#1693,#1694),(#1695,#1696,#1697,#1698,#1699,#1700,
#1701,#1702,#1703,#1704,#1705,#1706,#1707,#1708,#1709,#1710,#1711,#1712,#1713,
#1714,#1715,#1716,#1717,#1718,#1719,#1720,#1721,#1722,#1723,#1724,#1725,#1726,
#1727,#1728,#1729,#1730,#1731,#1732),(#1733,#1734,#1735,#1736,#1737,#1738,#1739,
#1740,#1741,#1742,#1743,#1744,#1745,#1746,#1747,#1748,#1749,#1750,#1751,#1752,
#1753,#1754,#1755,#1756,#1757,#1758,#1759,#1760,#1761,#1762,#1763,#1764,#1765,
#1766,#1767,#1768,#1769,#1770),(#1771,#1772,#1773,#1774,#1775,#1776,#1777,#1778,
#1779,#1780,#1781,#1782,#1783,#1784,#1785,#1786,#1787,#1788,#1789,#1790,#1791,
#1792,#1793,#1794,#1795,#1796,#1797,#1798,#1799,#1800,#1801,#1802,#1803,#1804,
#1805,#1806,#1807,#1808)),.UNSPECIFIED.,.F.,.F.,.F.)B_SPLINE_SURFACE_WITH_KNOTS(
(4,4),(4,1,1,1,1,1,1,1,1,1,1,1,1,1,1,1,1,1,1,1,1,1,1,1,1,1,1,1,1,1,1,1,1,1,1,4),
(0.E0,1.E0),(-9.986520927690E-3,0.E0,3.060243646501E-2,6.090400385575E-2,
9.121610702505E-2,1.214994691152E-1,1.517821694569E-1,1.820541663703E-1,
2.123122433869E-1,2.425588218150E-1,2.727931150636E-1,3.030152389563E-1,
3.332262721084E-1,3.634273416427E-1,3.936199922873E-1,4.238060614698E-1,
4.539876064403E-1,4.841668789958E-1,5.143461719100E-1,5.445277734114E-1,
5.747139346080E-1,6.049067162350E-1,6.351079510971E-1,6.653191910839E-1,
6.955415512706E-1,7.257760685247E-1,7.560230575375E-1,7.862812606632E-1,
8.165539989453E-1,8.468348905520E-1,8.771292999718E-1,9.073993429075E-1,
9.380016048811E-1,9.689701834151E-1,1.E0,1.009983719721E0),.UNSPECIFIED.)GEOMETRIC_REPRESENTATION_ITEM()RATIONAL_B_SPLINE_SURFACE(((1.187267479493E0,
1.187267479493E0,1.187267479493E0,1.187267479493E0,1.187267479493E0,
1.187267479493E0,1.187267479493E0,1.187267479493E0,1.187267479493E0,
1.187267479493E0,1.187267479493E0,1.187267479493E0,1.187267479493E0,
1.187267479493E0,1.187267479493E0,1.187267479493E0,1.187267479493E0,
1.187267479493E0,1.187267479493E0,1.187267479493E0,1.187267479493E0,
1.187267479493E0,1.187267479493E0,1.187267479493E0,1.187267479493E0,
1.187267479493E0,1.187267479493E0,1.187267479493E0,1.187267479493E0,
1.187267479493E0,1.187267479493E0,1.187267479493E0,1.187267479493E0,
1.187267479493E0,1.187267479493E0,1.187267479493E0,1.187267479493E0,
1.187267479493E0),(9.375775068357E-1,9.375775068357E-1,9.375775068357E-1,
9.375775068357E-1,9.375775068357E-1,9.375775068357E-1,9.375775068357E-1,
9.375775068357E-1,9.375775068357E-1,9.375775068357E-1,9.375775068357E-1,
9.375775068357E-1,9.375775068357E-1,9.375775068357E-1,9.375775068357E-1,
9.375775068357E-1,9.375775068357E-1,9.375775068357E-1,9.375775068357E-1,
9.375775068357E-1,9.375775068357E-1,9.375775068357E-1,9.375775068357E-1,
9.375775068357E-1,9.375775068357E-1,9.375775068357E-1,9.375775068357E-1,
9.375775068357E-1,9.375775068357E-1,9.375775068357E-1,9.375775068357E-1,
9.375775068357E-1,9.375775068357E-1,9.375775068357E-1,9.375775068357E-1,
9.375775068357E-1,9.375775068357E-1,9.375775068357E-1),(9.375775068357E-1,
9.375775068357E-1,9.375775068357E-1,9.375775068357E-1,9.375775068357E-1,
9.375775068357E-1,9.375775068357E-1,9.375775068357E-1,9.375775068357E-1,
9.375775068357E-1,9.375775068357E-1,9.375775068357E-1,9.375775068357E-1,
9.375775068357E-1,9.375775068357E-1,9.375775068357E-1,9.375775068357E-1,
9.375775068357E-1,9.375775068357E-1,9.375775068357E-1,9.375775068357E-1,
9.375775068357E-1,9.375775068357E-1,9.375775068357E-1,9.375775068357E-1,
9.375775068357E-1,9.375775068357E-1,9.375775068357E-1,9.375775068357E-1,
9.375775068357E-1,9.375775068357E-1,9.375775068357E-1,9.375775068357E-1,
9.375775068357E-1,9.375775068357E-1,9.375775068357E-1,9.375775068357E-1,
9.375775068357E-1),(1.187267479493E0,1.187267479493E0,1.187267479493E0,
1.187267479493E0,1.187267479493E0,1.187267479493E0,1.187267479493E0,
1.187267479493E0,1.187267479493E0,1.187267479493E0,1.187267479493E0,
1.187267479493E0,1.187267479493E0,1.187267479493E0,1.187267479493E0,
1.187267479493E0,1.187267479493E0,1.187267479493E0,1.187267479493E0,
1.187267479493E0,1.187267479493E0,1.187267479493E0,1.187267479493E0,
1.187267479493E0,1.187267479493E0,1.187267479493E0,1.187267479493E0,
1.187267479493E0,1.187267479493E0,1.187267479493E0,1.187267479493E0,
1.187267479493E0,1.187267479493E0,1.187267479493E0,1.187267479493E0,
1.187267479493E0,1.187267479493E0,1.187267479493E0)))REPRESENTATION_ITEM('')SURFACE());
#1810=ORIENTED_EDGE('',*,*,#1556,.F.);
#1812=ORIENTED_EDGE('',*,*,#1811,.T.);
#1814=ORIENTED_EDGE('',*,*,#1813,.T.);
#1816=ORIENTED_EDGE('',*,*,#1815,.F.);
#1817=EDGE_LOOP('',(#1810,#1812,#1814,#1816));
#1818=FACE_OUTER_BOUND('',#1817,.F.);
#1820=CARTESIAN_POINT('',(1.495537019592E0,6.753024910125E0,-4.98602E1));
#1821=DIRECTION('',(0.E0,-1.E0,0.E0));
#1822=DIRECTION('',(0.E0,0.E0,1.E0));
#1823=AXIS2_PLACEMENT_3D('',#1820,#1821,#1822);
#1824=CYLINDRICAL_SURFACE('',#1823,5.08E-1);
#1825=ORIENTED_EDGE('',*,*,#1562,.F.);
#1827=ORIENTED_EDGE('',*,*,#1826,.T.);
#1829=ORIENTED_EDGE('',*,*,#1828,.T.);
#1830=ORIENTED_EDGE('',*,*,#1811,.F.);
#1831=EDGE_LOOP('',(#1825,#1827,#1829,#1830));
#1832=FACE_OUTER_BOUND('',#1831,.F.);
#1834=CARTESIAN_POINT('',(-1.540874458240E0,6.327623185138E0,
-4.935429661800E1));
#1835=CARTESIAN_POINT('',(-1.541076228402E0,6.343741713654E0,
-4.935426809084E1));
#1836=CARTESIAN_POINT('',(-1.540866881331E0,6.409210954475E0,
-4.935415644558E1));
#1837=CARTESIAN_POINT('',(-1.533229843970E0,6.523388074286E0,
-4.935397010069E1));
#1838=CARTESIAN_POINT('',(-1.509518872992E0,6.668443630961E0,
-4.935374702679E1));
#1839=CARTESIAN_POINT('',(-1.472382450134E0,6.809921891736E0,
-4.935354326063E1));
#1840=CARTESIAN_POINT('',(-1.422157584185E0,6.946996060847E0,
-4.935335885709E1));
#1841=CARTESIAN_POINT('',(-1.359389294224E0,7.078439674806E0,
-4.935319423809E1));
#1842=CARTESIAN_POINT('',(-1.284675497181E0,7.203173432024E0,
-4.935304919392E1));
#1843=CARTESIAN_POINT('',(-1.198737831671E0,7.320128055814E0,
-4.935292318765E1));
#1844=CARTESIAN_POINT('',(-1.102391272660E0,7.428313769150E0,
-4.935281532607E1));
#1845=CARTESIAN_POINT('',(-9.965191607976E-1,7.526838378837E0,
-4.935272443895E1));
#1846=CARTESIAN_POINT('',(-8.820746414342E-1,7.614896740983E0,
-4.935264918264E1));
#1847=CARTESIAN_POINT('',(-7.600758834467E-1,7.691773986924E0,
-4.935258813057E1));
#1848=CARTESIAN_POINT('',(-6.315922182441E-1,7.756852982747E0,
-4.935253985886E1));
#1849=CARTESIAN_POINT('',(-4.977360762231E-1,7.809615768423E0,
-4.935250303190E1));
#1850=CARTESIAN_POINT('',(-3.596561028453E-1,7.849644835363E0,
-4.935247647905E1));
#1851=CARTESIAN_POINT('',(-2.185286266914E-1,7.876624822208E0,
-4.935245925946E1));
#1852=CARTESIAN_POINT('',(-7.554950786813E-2,7.890343516907E0,
-4.935245071340E1));
#1853=CARTESIAN_POINT('',(6.807320080690E-2,7.890692436963E0,
-4.935245049788E1));
#1854=CARTESIAN_POINT('',(2.111269661625E-1,7.877667242967E0,
-4.935245860511E1));
#1855=CARTESIAN_POINT('',(3.524024654997E-1,7.851367865316E0,
-4.935247536298E1));
#1856=CARTESIAN_POINT('',(4.907009071594E-1,7.811998435151E0,
-4.935250141772E1));
#1857=CARTESIAN_POINT('',(6.248422056517E-1,7.759866869197E0,
-4.935253769917E1));
#1858=CARTESIAN_POINT('',(7.536734888740E-1,7.695383824246E0,
-4.935258537043E1));
#1859=CARTESIAN_POINT('',(8.760758286869E-1,7.619061989764E0,
-4.935264576279E1));
#1860=CARTESIAN_POINT('',(9.909725713625E-1,7.531515129172E0,
-4.935272029899E1));
#1861=CARTESIAN_POINT('',(1.097343334185E0,7.433452000765E0,-4.935281041142E1));
#1862=CARTESIAN_POINT('',(1.194229489682E0,7.325672913640E0,-4.935291745389E1));
#1863=CARTESIAN_POINT('',(1.280726804423E0,7.209085499968E0,-4.935304259042E1));
#1864=CARTESIAN_POINT('',(1.356031912522E0,7.084662862901E0,-4.935318674170E1));
#1865=CARTESIAN_POINT('',(1.419413318410E0,6.953479868593E0,-4.935335045362E1));
#1866=CARTESIAN_POINT('',(1.470449229992E0,6.816123044342E0,-4.935353461626E1));
#1867=CARTESIAN_POINT('',(1.508574246742E0,6.673223467715E0,-4.935373984314E1));
#1868=CARTESIAN_POINT('',(1.533025050113E0,6.525919947072E0,-4.935396599881E1));
#1869=CARTESIAN_POINT('',(1.540864283967E0,6.409931679055E0,-4.935415522158E1));
#1870=CARTESIAN_POINT('',(1.541076210452E0,6.343750631437E0,-4.935426807298E1));
#1871=CARTESIAN_POINT('',(1.540874637818E0,6.327636550160E0,-4.935429659369E1));
#1872=CARTESIAN_POINT('',(-1.229689599453E0,6.337356801538E0,
-4.932592958026E1));
#1873=CARTESIAN_POINT('',(-1.229772686367E0,6.350233051674E0,
-4.932608779076E1));
#1874=CARTESIAN_POINT('',(-1.229288549201E0,6.402523133908E0,
-4.932673523376E1));
#1875=CARTESIAN_POINT('',(-1.222640515707E0,6.493645669425E0,
-4.932787664300E1));
#1876=CARTESIAN_POINT('',(-1.203033902743E0,6.609277085761E0,
-4.932934785435E1));
#1877=CARTESIAN_POINT('',(-1.172767537572E0,6.721926911448E0,
-4.933080379273E1));
#1878=CARTESIAN_POINT('',(-1.132131256051E0,6.830946045257E0,
-4.933223429951E1));
#1879=CARTESIAN_POINT('',(-1.081580269570E0,6.935371159169E0,
-4.933362467689E1));
#1880=CARTESIAN_POINT('',(-1.021608372651E0,7.034359531161E0,
-4.933496113055E1));
#1881=CARTESIAN_POINT('',(-9.528043337635E-1,7.127079528494E0,
-4.933622948466E1));
#1882=CARTESIAN_POINT('',(-8.758269056773E-1,7.212765069737E0,
-4.933741601490E1));
#1883=CARTESIAN_POINT('',(-7.913846187624E-1,7.290729075794E0,
-4.933850779254E1));
#1884=CARTESIAN_POINT('',(-7.002368349095E-1,7.360354231982E0,
-4.933949271152E1));
#1885=CARTESIAN_POINT('',(-6.031899517543E-1,7.421094658501E0,
-4.934035966660E1));
#1886=CARTESIAN_POINT('',(-5.010865644352E-1,7.472480934652E0,
-4.934109877717E1));
#1887=CARTESIAN_POINT('',(-3.947994175607E-1,7.514120413013E0,
-4.934170153586E1));
#1888=CARTESIAN_POINT('',(-2.852264414125E-1,7.545697490364E0,
-4.934216094146E1));
#1889=CARTESIAN_POINT('',(-1.732846130864E-1,7.566974317830E0,
-4.934247161923E1));
#1890=CARTESIAN_POINT('',(-5.990423093847E-2,7.577791096454E0,
-4.934262991174E1));
#1891=CARTESIAN_POINT('',(5.397608391006E-2,7.578066191891E0,
-4.934263394056E1));
#1892=CARTESIAN_POINT('',(1.674146308823E-1,7.567796282563E0,
-4.934248363956E1));
#1893=CARTESIAN_POINT('',(2.794718375074E-1,7.547056453524E0,
-4.934218075737E1));
#1894=CARTESIAN_POINT('',(3.892151883816E-1,7.516000308338E0,
-4.934172882985E1));
#1895=CARTESIAN_POINT('',(4.957248800121E-1,7.474859974409E0,
-4.934113312203E1));
#1896=CARTESIAN_POINT('',(5.980998197989E-1,7.423945764994E0,
-4.934040053794E1));
#1897=CARTESIAN_POINT('',(6.954623232688E-1,7.363646243542E0,
-4.933953951262E1));
#1898=CARTESIAN_POINT('',(7.869642098934E-1,7.294428203896E0,
-4.933855988282E1));
#1899=CARTESIAN_POINT('',(8.717975653701E-1,7.216832688892E0,
-4.933747268636E1));
#1900=CARTESIAN_POINT('',(9.491989159594E-1,7.131473133302E0,
-4.933628998441E1));
#1901=CARTESIAN_POINT('',(1.018443275312E0,7.039048757018E0,-4.933502488905E1));
#1902=CARTESIAN_POINT('',(1.078881354608E0,6.940312332374E0,-4.933369095829E1));
#1903=CARTESIAN_POINT('',(1.129916694058E0,6.836099782089E0,-4.933230245140E1));
#1904=CARTESIAN_POINT('',(1.171198192878E0,6.726861742600E0,-4.933086804681E1));
#1905=CARTESIAN_POINT('',(1.202257822151E0,6.613085790858E0,-4.932939658659E1));
#1906=CARTESIAN_POINT('',(1.222464808979E0,6.495665961876E0,-4.932790200306E1));
#1907=CARTESIAN_POINT('',(1.229282985990E0,6.403098771979E0,-4.932674236649E1));
#1908=CARTESIAN_POINT('',(1.229772628787E0,6.350240174285E0,-4.932608787625E1));
#1909=CARTESIAN_POINT('',(1.229689678024E0,6.337367478116E0,-4.932592971078E1));
#1910=CARTESIAN_POINT('',(-9.960022456344E-1,6.344666357876E0,
-4.953346782348E1));
#1911=CARTESIAN_POINT('',(-9.961334062328E-1,6.355103494967E0,
-4.953376666120E1));
#1912=CARTESIAN_POINT('',(-9.960010896740E-1,6.397496518362E0,
-4.953498381670E1));
#1913=CARTESIAN_POINT('',(-9.910698174565E-1,6.471430121910E0,
-4.953711772470E1));
#1914=CARTESIAN_POINT('',(-9.757497474169E-1,6.565360439125E0,
-4.953984881741E1));
#1915=CARTESIAN_POINT('',(-9.517511000359E-1,6.656976078332E0,
-4.954253230349E1));
#1916=CARTESIAN_POINT('',(-9.192915337585E-1,6.745741513530E0,
-4.954515100813E1));
#1917=CARTESIAN_POINT('',(-8.787231655610E-1,6.830862357446E0,
-4.954767969418E1));
#1918=CARTESIAN_POINT('',(-8.304323341116E-1,6.911639474989E0,
-4.955009536219E1));
#1919=CARTESIAN_POINT('',(-7.748853800995E-1,6.987380180521E0,
-4.955237474082E1));
#1920=CARTESIAN_POINT('',(-7.126090125990E-1,7.057443236796E0,
-4.955449572306E1));
#1921=CARTESIAN_POINT('',(-6.441741720188E-1,7.121250576846E0,
-4.955643785598E1));
#1922=CARTESIAN_POINT('',(-5.701969627952E-1,7.178280492884E0,
-4.955818226902E1));
#1923=CARTESIAN_POINT('',(-4.913355646796E-1,7.228069737363E0,
-4.955971187146E1));
#1924=CARTESIAN_POINT('',(-4.082812730111E-1,7.270218366616E0,
-4.956101163252E1));
#1925=CARTESIAN_POINT('',(-3.217532845095E-1,7.304390685509E0,
-4.956206873460E1));
#1926=CARTESIAN_POINT('',(-2.324942436304E-1,7.330316086770E0,
-4.956287271045E1));
#1927=CARTESIAN_POINT('',(-1.412647216023E-1,7.347790159920E0,
-4.956341557222E1));
#1928=CARTESIAN_POINT('',(-4.883793952884E-2,7.356675348954E0,
-4.956369190637E1));
#1929=CARTESIAN_POINT('',(4.400498453411E-2,7.356901334323E0,
-4.956369893728E1));
#1930=CARTESIAN_POINT('',(1.364800309021E-1,7.348465304015E0,
-4.956343656242E1));
#1931=CARTESIAN_POINT('',(2.278052600064E-1,7.331432035737E0,
-4.956290735583E1));
#1932=CARTESIAN_POINT('',(3.172055545033E-1,7.305933849127E0,
-4.956211654157E1));
#1933=CARTESIAN_POINT('',(4.039179129173E-1,7.272170330879E0,
-4.956107193508E1));
#1934=CARTESIAN_POINT('',(4.871969565497E-1,7.230407649037E0,
-4.955978384856E1));
#1935=CARTESIAN_POINT('',(5.663192861370E-1,7.180978084292E0,
-4.955826498258E1));
#1936=CARTESIAN_POINT('',(6.405888707587E-1,7.124279397118E0,
-4.955653029538E1));
#1937=CARTESIAN_POINT('',(7.093460973097E-1,7.060770878069E0,
-4.955459675749E1));
#1938=CARTESIAN_POINT('',(7.719713154015E-1,6.990971104762E0,
-4.955248315234E1));
#1939=CARTESIAN_POINT('',(8.278800779371E-1,6.915468144116E0,
-4.955021024876E1));
#1940=CARTESIAN_POINT('',(8.765531781694E-1,6.834892436598E0,
-4.954779984246E1));
#1941=CARTESIAN_POINT('',(9.175179026231E-1,6.749940289588E0,
-4.954527533518E1));
#1942=CARTESIAN_POINT('',(9.505017378635E-1,6.660991733418E0,
-4.954265033752E1));
#1943=CARTESIAN_POINT('',(9.751393605080E-1,6.568455630372E0,
-4.953993904904E1));
#1944=CARTESIAN_POINT('',(9.909375567353E-1,6.473069601289E0,
-4.953716509282E1));
#1945=CARTESIAN_POINT('',(9.959994438233E-1,6.397963206144E0,
-4.953499721905E1));
#1946=CARTESIAN_POINT('',(9.961333950419E-1,6.355109269472E0,
-4.953376682545E1));
#1947=CARTESIAN_POINT('',(9.960023623267E-1,6.344675011986E0,
-4.953346807089E1));
#1948=CARTESIAN_POINT('',(-9.872502299241E-1,6.344940114877E0,
-4.984597148987E1));
#1949=CARTESIAN_POINT('',(-9.875658905309E-1,6.355280187456E0,
-4.984627611998E1));
#1950=CARTESIAN_POINT('',(-9.881900349125E-1,6.397302495985E0,
-4.984751416968E1));
#1951=CARTESIAN_POINT('',(-9.846201437685E-1,6.470757646715E0,
-4.984967913456E1));
#1952=CARTESIAN_POINT('',(-9.710643394260E-1,6.564401545640E0,
-4.985244082144E1));
#1953=CARTESIAN_POINT('',(-9.487766465813E-1,6.656048118618E0,
-4.985514521498E1));
#1954=CARTESIAN_POINT('',(-9.179230799048E-1,6.745139638769E0,
-4.985777574820E1));
#1955=CARTESIAN_POINT('',(-8.788044194762E-1,6.830849876896E0,
-4.986030787444E1));
#1956=CARTESIAN_POINT('',(-8.317640106174E-1,6.912439700450E0,
-4.986271957629E1));
#1957=CARTESIAN_POINT('',(-7.772334506448E-1,6.989169009660E0,
-4.986498876883E1));
#1958=CARTESIAN_POINT('',(-7.157148923324E-1,7.060343793464E0,
-4.986709469955E1));
#1959=CARTESIAN_POINT('',(-6.477657145939E-1,7.125330117209E0,
-4.986901837283E1));
#1960=CARTESIAN_POINT('',(-5.739996742903E-1,7.183549337465E0,
-4.987074241932E1));
#1961=CARTESIAN_POINT('',(-4.950838001523E-1,7.234482348055E0,
-4.987225123241E1));
#1962=CARTESIAN_POINT('',(-4.117289821351E-1,7.277676611769E0,
-4.987353118701E1));
#1963=CARTESIAN_POINT('',(-3.246838832776E-1,7.312749093153E0,
-4.987457073628E1));
#1964=CARTESIAN_POINT('',(-2.347292643686E-1,7.339388882655E0,
-4.987536049820E1));
#1965=CARTESIAN_POINT('',(-1.426709158484E-1,7.357359837180E0,
-4.987589334124E1));
#1966=CARTESIAN_POINT('',(-4.933256911701E-2,7.366502440024E0,
-4.987616444539E1));
#1967=CARTESIAN_POINT('',(4.445086049936E-2,7.366735014358E0,
-4.987617134209E1));
#1968=CARTESIAN_POINT('',(1.378403986079E-1,7.358054427981E0,
-4.987591393727E1));
#1969=CARTESIAN_POINT('',(2.300001675948E-1,7.340536192345E0,
-4.987539451434E1));
#1970=CARTESIAN_POINT('',(3.201042645266E-1,7.314334015252E0,
-4.987461771898E1));
#1971=CARTESIAN_POINT('',(4.073440805656E-1,7.279678721857E0,
-4.987359052322E1));
#1972=CARTESIAN_POINT('',(4.909356424262E-1,7.236876385372E0,
-4.987232216433E1));
#1973=CARTESIAN_POINT('',(5.701255361008E-1,7.186306356864E0,
-4.987082407901E1));
#1974=CARTESIAN_POINT('',(6.441975625793E-1,7.128418854117E0,
-4.986910982321E1));
#1975=CARTESIAN_POINT('',(7.124826766690E-1,7.063728957669E0,
-4.986719488437E1));
#1976=CARTESIAN_POINT('',(7.743629800403E-1,6.992812252348E0,
-4.986509654192E1));
#1977=CARTESIAN_POINT('',(8.292671881092E-1,6.916313039948E0,
-4.986283409931E1));
#1978=CARTESIAN_POINT('',(8.767001099367E-1,6.834914609544E0,
-4.986042799305E1));
#1979=CARTESIAN_POINT('',(9.162234149676E-1,6.749361067261E0,
-4.985790042824E1));
#1980=CARTESIAN_POINT('',(9.476014908954E-1,6.660071668832E0,
-4.985526397965E1));
#1981=CARTESIAN_POINT('',(9.705122549019E-1,6.567491010419E0,
-4.985253195319E1));
#1982=CARTESIAN_POINT('',(9.845182770106E-1,6.472387342555E0,
-4.984972717156E1));
#1983=CARTESIAN_POINT('',(9.881967180920E-1,6.397765108524E0,
-4.984752779892E1));
#1984=CARTESIAN_POINT('',(9.875659824803E-1,6.355285911467E0,
-4.984627628870E1));
#1985=CARTESIAN_POINT('',(9.872504998141E-1,6.344948688510E0,
-4.984597174248E1));
#1986=(BOUNDED_SURFACE()B_SPLINE_SURFACE(3,3,((#1834,#1835,#1836,#1837,#1838,
#1839,#1840,#1841,#1842,#1843,#1844,#1845,#1846,#1847,#1848,#1849,#1850,#1851,
#1852,#1853,#1854,#1855,#1856,#1857,#1858,#1859,#1860,#1861,#1862,#1863,#1864,
#1865,#1866,#1867,#1868,#1869,#1870,#1871),(#1872,#1873,#1874,#1875,#1876,#1877,
#1878,#1879,#1880,#1881,#1882,#1883,#1884,#1885,#1886,#1887,#1888,#1889,#1890,
#1891,#1892,#1893,#1894,#1895,#1896,#1897,#1898,#1899,#1900,#1901,#1902,#1903,
#1904,#1905,#1906,#1907,#1908,#1909),(#1910,#1911,#1912,#1913,#1914,#1915,#1916,
#1917,#1918,#1919,#1920,#1921,#1922,#1923,#1924,#1925,#1926,#1927,#1928,#1929,
#1930,#1931,#1932,#1933,#1934,#1935,#1936,#1937,#1938,#1939,#1940,#1941,#1942,
#1943,#1944,#1945,#1946,#1947),(#1948,#1949,#1950,#1951,#1952,#1953,#1954,#1955,
#1956,#1957,#1958,#1959,#1960,#1961,#1962,#1963,#1964,#1965,#1966,#1967,#1968,
#1969,#1970,#1971,#1972,#1973,#1974,#1975,#1976,#1977,#1978,#1979,#1980,#1981,
#1982,#1983,#1984,#1985)),.UNSPECIFIED.,.F.,.F.,.F.)B_SPLINE_SURFACE_WITH_KNOTS(
(4,4),(4,1,1,1,1,1,1,1,1,1,1,1,1,1,1,1,1,1,1,1,1,1,1,1,1,1,1,1,1,1,1,1,1,1,1,4),
(0.E0,1.E0),(-9.986519974400E-3,0.E0,3.057072073239E-2,6.086734114961E-2,
9.119443450055E-2,1.214751692615E-1,1.517502884685E-1,1.820233737424E-1,
2.122821148391E-1,2.425262618766E-1,2.727593434296E-1,3.029806965361E-1,
3.331904595013E-1,3.633903118293E-1,3.935818276399E-1,4.237666982988E-1,
4.539470656333E-1,4.841251375451E-1,5.143032254319E-1,5.444836389557E-1,
5.746685895053E-1,6.048602158270E-1,6.350602029043E-1,6.652701485325E-1,
6.954917236048E-1,7.257249759140E-1,7.559694136949E-1,7.862284820740E-1,
8.165023534421E-1,8.467747624189E-1,8.770662516526E-1,9.073571761923E-1,
9.380049553448E-1,9.689856592879E-1,1.E0,1.009983721909E0),.UNSPECIFIED.)GEOMETRIC_REPRESENTATION_ITEM()RATIONAL_B_SPLINE_SURFACE(((1.187267451014E0,
1.187267451014E0,1.187267451014E0,1.187267451014E0,1.187267451014E0,
1.187267451014E0,1.187267451014E0,1.187267451014E0,1.187267451014E0,
1.187267451014E0,1.187267451014E0,1.187267451014E0,1.187267451014E0,
1.187267451014E0,1.187267451014E0,1.187267451014E0,1.187267451014E0,
1.187267451014E0,1.187267451014E0,1.187267451014E0,1.187267451014E0,
1.187267451014E0,1.187267451014E0,1.187267451014E0,1.187267451014E0,
1.187267451014E0,1.187267451014E0,1.187267451014E0,1.187267451014E0,
1.187267451014E0,1.187267451014E0,1.187267451014E0,1.187267451014E0,
1.187267451014E0,1.187267451014E0,1.187267451014E0,1.187267451014E0,
1.187267451014E0),(9.375775163288E-1,9.375775163288E-1,9.375775163288E-1,
9.375775163288E-1,9.375775163288E-1,9.375775163288E-1,9.375775163288E-1,
9.375775163288E-1,9.375775163288E-1,9.375775163288E-1,9.375775163288E-1,
9.375775163288E-1,9.375775163288E-1,9.375775163288E-1,9.375775163288E-1,
9.375775163288E-1,9.375775163288E-1,9.375775163288E-1,9.375775163288E-1,
9.375775163288E-1,9.375775163288E-1,9.375775163288E-1,9.375775163288E-1,
9.375775163288E-1,9.375775163288E-1,9.375775163288E-1,9.375775163288E-1,
9.375775163288E-1,9.375775163288E-1,9.375775163288E-1,9.375775163288E-1,
9.375775163288E-1,9.375775163288E-1,9.375775163288E-1,9.375775163288E-1,
9.375775163288E-1,9.375775163288E-1,9.375775163288E-1),(9.375775163288E-1,
9.375775163288E-1,9.375775163288E-1,9.375775163288E-1,9.375775163288E-1,
9.375775163288E-1,9.375775163288E-1,9.375775163288E-1,9.375775163288E-1,
9.375775163288E-1,9.375775163288E-1,9.375775163288E-1,9.375775163288E-1,
9.375775163288E-1,9.375775163288E-1,9.375775163288E-1,9.375775163288E-1,
9.375775163288E-1,9.375775163288E-1,9.375775163288E-1,9.375775163288E-1,
9.375775163288E-1,9.375775163288E-1,9.375775163288E-1,9.375775163288E-1,
9.375775163288E-1,9.375775163288E-1,9.375775163288E-1,9.375775163288E-1,
9.375775163288E-1,9.375775163288E-1,9.375775163288E-1,9.375775163288E-1,
9.375775163288E-1,9.375775163288E-1,9.375775163288E-1,9.375775163288E-1,
9.375775163288E-1),(1.187267451014E0,1.187267451014E0,1.187267451014E0,
1.187267451014E0,1.187267451014E0,1.187267451014E0,1.187267451014E0,
1.187267451014E0,1.187267451014E0,1.187267451014E0,1.187267451014E0,
1.187267451014E0,1.187267451014E0,1.187267451014E0,1.187267451014E0,
1.187267451014E0,1.187267451014E0,1.187267451014E0,1.187267451014E0,
1.187267451014E0,1.187267451014E0,1.187267451014E0,1.187267451014E0,
1.187267451014E0,1.187267451014E0,1.187267451014E0,1.187267451014E0,
1.187267451014E0,1.187267451014E0,1.187267451014E0,1.187267451014E0,
1.187267451014E0,1.187267451014E0,1.187267451014E0,1.187267451014E0,
1.187267451014E0,1.187267451014E0,1.187267451014E0)))REPRESENTATION_ITEM('')SURFACE());
#1987=ORIENTED_EDGE('',*,*,#1560,.F.);
#1989=ORIENTED_EDGE('',*,*,#1988,.T.);
#1991=ORIENTED_EDGE('',*,*,#1990,.T.);
#1992=ORIENTED_EDGE('',*,*,#1826,.F.);
#1993=EDGE_LOOP('',(#1987,#1989,#1991,#1992));
#1994=FACE_OUTER_BOUND('',#1993,.F.);
#1996=CARTESIAN_POINT('',(-1.495537019592E0,-6.743314510125E0,-4.98602E1));
#1997=DIRECTION('',(0.E0,1.E0,0.E0));
#1998=DIRECTION('',(0.E0,0.E0,1.E0));
#1999=AXIS2_PLACEMENT_3D('',#1996,#1997,#1998);
#2000=CYLINDRICAL_SURFACE('',#1999,5.08E-1);
#2001=ORIENTED_EDGE('',*,*,#1558,.F.);
#2002=ORIENTED_EDGE('',*,*,#1815,.T.);
#2004=ORIENTED_EDGE('',*,*,#2003,.T.);
#2005=ORIENTED_EDGE('',*,*,#1988,.F.);
#2006=EDGE_LOOP('',(#2001,#2002,#2004,#2005));
#2007=FACE_OUTER_BOUND('',#2006,.F.);
#2009=CARTESIAN_POINT('',(-1.016E0,7.366E0,-4.93522E1));
#2010=DIRECTION('',(9.983399416756E-1,0.E0,5.759653509667E-2));
#2011=DIRECTION('',(5.759653509667E-2,0.E0,-9.983399416756E-1));
#2012=AXIS2_PLACEMENT_3D('',#2009,#2010,#2011);
#2013=PLANE('',#2012);
#2014=ORIENTED_EDGE('',*,*,#2003,.F.);
#2016=ORIENTED_EDGE('',*,*,#2015,.T.);
#2018=ORIENTED_EDGE('',*,*,#2017,.T.);
#2020=ORIENTED_EDGE('',*,*,#2019,.T.);
#2021=EDGE_LOOP('',(#2014,#2016,#2018,#2020));
#2022=FACE_OUTER_BOUND('',#2021,.F.);
#2024=CARTESIAN_POINT('',(9.933095930170E-1,-6.306325614611E0,
-4.971130697139E1));
#2025=CARTESIAN_POINT('',(8.703440794673E-1,-6.437506674283E0,
-5.184694213728E1));
#2026=CARTESIAN_POINT('',(7.473785659177E-1,-6.568687733956E0,
-5.398257730317E1));
#2027=CARTESIAN_POINT('',(6.244130523681E-1,-6.699868793628E0,
-5.611821246906E1));
#2028=CARTESIAN_POINT('',(1.033994823972E0,-6.918233330847E0,
-4.967606320714E1));
#2029=CARTESIAN_POINT('',(9.059927333533E-1,-6.973664043295E0,
-5.181606133056E1));
#2030=CARTESIAN_POINT('',(7.779906427351E-1,-7.029094755744E0,
-5.395605945398E1));
#2031=CARTESIAN_POINT('',(6.499885521169E-1,-7.084525468192E0,
-5.609605757740E1));
#2032=CARTESIAN_POINT('',(6.142706765962E-1,-7.366E0,-4.965027339846E1));
#2033=CARTESIAN_POINT('',(5.382278096621E-1,-7.366E0,-5.179346413886E1));
#2034=CARTESIAN_POINT('',(4.621849427280E-1,-7.366E0,-5.393665487925E1));
#2035=CARTESIAN_POINT('',(3.861420757940E-1,-7.366E0,-5.607984561965E1));
#2036=CARTESIAN_POINT('',(0.E0,-7.366E0,-4.965027339846E1));
#2037=CARTESIAN_POINT('',(0.E0,-7.366E0,-5.179346413886E1));
#2038=CARTESIAN_POINT('',(0.E0,-7.366E0,-5.393665487925E1));
#2039=CARTESIAN_POINT('',(0.E0,-7.366E0,-5.607984561965E1));
#2040=CARTESIAN_POINT('',(-6.142706765962E-1,-7.366E0,-4.965027339846E1));
#2041=CARTESIAN_POINT('',(-5.382278096621E-1,-7.366E0,-5.179346413886E1));
#2042=CARTESIAN_POINT('',(-4.621849427280E-1,-7.366E0,-5.393665487925E1));
#2043=CARTESIAN_POINT('',(-3.861420757940E-1,-7.366E0,-5.607984561965E1));
#2044=CARTESIAN_POINT('',(-1.033994823972E0,-6.918233330847E0,
-4.967606320714E1));
#2045=CARTESIAN_POINT('',(-9.059927333533E-1,-6.973664043295E0,
-5.181606133056E1));
#2046=CARTESIAN_POINT('',(-7.779906427351E-1,-7.029094755744E0,
-5.395605945398E1));
#2047=CARTESIAN_POINT('',(-6.499885521169E-1,-7.084525468192E0,
-5.609605757740E1));
#2048=CARTESIAN_POINT('',(-9.933095930170E-1,-6.306325614611E0,
-4.971130697139E1));
#2049=CARTESIAN_POINT('',(-8.703440794673E-1,-6.437506674283E0,
-5.184694213728E1));
#2050=CARTESIAN_POINT('',(-7.473785659177E-1,-6.568687733956E0,
-5.398257730317E1));
#2051=CARTESIAN_POINT('',(-6.244130523681E-1,-6.699868793628E0,
-5.611821246906E1));
#2052=(BOUNDED_SURFACE()B_SPLINE_SURFACE(3,3,((#2024,#2025,#2026,#2027),(#2028,
#2029,#2030,#2031),(#2032,#2033,#2034,#2035),(#2036,#2037,#2038,#2039),(#2040,
#2041,#2042,#2043),(#2044,#2045,#2046,#2047),(#2048,#2049,#2050,#2051)),
.UNSPECIFIED.,.F.,.F.,.F.)B_SPLINE_SURFACE_WITH_KNOTS((4,3,4),(4,4),(0.E0,1.E0,
2.E0),(5.940035575648E-1,6.245218236442E-1),.UNSPECIFIED.)GEOMETRIC_REPRESENTATION_ITEM()RATIONAL_B_SPLINE_SURFACE(((1.188150389838E0,1.188150389838E0,
1.188150389838E0,1.188150389838E0),(9.372832033873E-1,9.372832033873E-1,
9.372832033873E-1,9.372832033873E-1),(9.372832033873E-1,9.372832033873E-1,
9.372832033873E-1,9.372832033873E-1),(1.188150389838E0,1.188150389838E0,
1.188150389838E0,1.188150389838E0),(9.372832033873E-1,9.372832033873E-1,
9.372832033873E-1,9.372832033873E-1),(9.372832033873E-1,9.372832033873E-1,
9.372832033873E-1,9.372832033873E-1),(1.188150389838E0,1.188150389838E0,
1.188150389838E0,1.188150389838E0)))REPRESENTATION_ITEM('')SURFACE());
#2053=ORIENTED_EDGE('',*,*,#1813,.F.);
#2055=ORIENTED_EDGE('',*,*,#2054,.T.);
#2057=ORIENTED_EDGE('',*,*,#2056,.T.);
#2058=ORIENTED_EDGE('',*,*,#2015,.F.);
#2059=EDGE_LOOP('',(#2053,#2055,#2057,#2058));
#2060=FACE_OUTER_BOUND('',#2059,.F.);
#2062=CARTESIAN_POINT('',(6.35E-1,7.366E0,-5.59562E1));
#2063=DIRECTION('',(-9.983399416756E-1,0.E0,5.759653509667E-2));
#2064=DIRECTION('',(5.759653509667E-2,0.E0,9.983399416756E-1));
#2065=AXIS2_PLACEMENT_3D('',#2062,#2063,#2064);
#2066=PLANE('',#2065);
#2067=ORIENTED_EDGE('',*,*,#1828,.F.);
#2069=ORIENTED_EDGE('',*,*,#2068,.F.);
#2071=ORIENTED_EDGE('',*,*,#2070,.F.);
#2072=ORIENTED_EDGE('',*,*,#2054,.F.);
#2073=EDGE_LOOP('',(#2067,#2069,#2071,#2072));
#2074=FACE_OUTER_BOUND('',#2073,.F.);
#2076=CARTESIAN_POINT('',(6.244130523677E-1,6.699868793629E0,
-5.611821246906E1));
#2077=CARTESIAN_POINT('',(7.473785659175E-1,6.568687733956E0,
-5.398257730317E1));
#2078=CARTESIAN_POINT('',(8.703440794672E-1,6.437506674283E0,
-5.184694213728E1));
#2079=CARTESIAN_POINT('',(9.933095930170E-1,6.306325614611E0,
-4.971130697139E1));
#2080=CARTESIAN_POINT('',(6.499885521165E-1,7.084525468192E0,
-5.609605757741E1));
#2081=CARTESIAN_POINT('',(7.779906427348E-1,7.029094755744E0,
-5.395605945398E1));
#2082=CARTESIAN_POINT('',(9.059927333532E-1,6.973664043295E0,
-5.181606133056E1));
#2083=CARTESIAN_POINT('',(1.033994823972E0,6.918233330847E0,-4.967606320714E1));
#2084=CARTESIAN_POINT('',(3.861420757937E-1,7.366E0,-5.607984561966E1));
#2085=CARTESIAN_POINT('',(4.621849427279E-1,7.366E0,-5.393665487926E1));
#2086=CARTESIAN_POINT('',(5.382278096620E-1,7.366E0,-5.179346413886E1));
#2087=CARTESIAN_POINT('',(6.142706765962E-1,7.366E0,-4.965027339846E1));
#2088=CARTESIAN_POINT('',(0.E0,7.366E0,-5.607984561966E1));
#2089=CARTESIAN_POINT('',(0.E0,7.366E0,-5.393665487926E1));
#2090=CARTESIAN_POINT('',(0.E0,7.366E0,-5.179346413886E1));
#2091=CARTESIAN_POINT('',(0.E0,7.366E0,-4.965027339846E1));
#2092=CARTESIAN_POINT('',(-3.861420757937E-1,7.366E0,-5.607984561966E1));
#2093=CARTESIAN_POINT('',(-4.621849427279E-1,7.366E0,-5.393665487926E1));
#2094=CARTESIAN_POINT('',(-5.382278096620E-1,7.366E0,-5.179346413886E1));
#2095=CARTESIAN_POINT('',(-6.142706765962E-1,7.366E0,-4.965027339846E1));
#2096=CARTESIAN_POINT('',(-6.499885521165E-1,7.084525468192E0,
-5.609605757741E1));
#2097=CARTESIAN_POINT('',(-7.779906427348E-1,7.029094755744E0,
-5.395605945398E1));
#2098=CARTESIAN_POINT('',(-9.059927333532E-1,6.973664043295E0,
-5.181606133056E1));
#2099=CARTESIAN_POINT('',(-1.033994823972E0,6.918233330847E0,
-4.967606320714E1));
#2100=CARTESIAN_POINT('',(-6.244130523677E-1,6.699868793629E0,
-5.611821246906E1));
#2101=CARTESIAN_POINT('',(-7.473785659175E-1,6.568687733956E0,
-5.398257730317E1));
#2102=CARTESIAN_POINT('',(-8.703440794672E-1,6.437506674283E0,
-5.184694213728E1));
#2103=CARTESIAN_POINT('',(-9.933095930170E-1,6.306325614611E0,
-4.971130697139E1));
#2104=(BOUNDED_SURFACE()B_SPLINE_SURFACE(3,3,((#2076,#2077,#2078,#2079),(#2080,
#2081,#2082,#2083),(#2084,#2085,#2086,#2087),(#2088,#2089,#2090,#2091),(#2092,
#2093,#2094,#2095),(#2096,#2097,#2098,#2099),(#2100,#2101,#2102,#2103)),
.UNSPECIFIED.,.F.,.F.,.F.)B_SPLINE_SURFACE_WITH_KNOTS((4,3,4),(4,4),(0.E0,1.E0,
2.E0),(3.670326130902E-1,3.975508791696E-1),.UNSPECIFIED.)GEOMETRIC_REPRESENTATION_ITEM()RATIONAL_B_SPLINE_SURFACE(((1.188150389838E0,1.188150389838E0,
1.188150389838E0,1.188150389838E0),(9.372832033873E-1,9.372832033873E-1,
9.372832033873E-1,9.372832033873E-1),(9.372832033873E-1,9.372832033873E-1,
9.372832033873E-1,9.372832033873E-1),(1.188150389838E0,1.188150389838E0,
1.188150389838E0,1.188150389838E0),(9.372832033873E-1,9.372832033873E-1,
9.372832033873E-1,9.372832033873E-1),(9.372832033873E-1,9.372832033873E-1,
9.372832033873E-1,9.372832033873E-1),(1.188150389838E0,1.188150389838E0,
1.188150389838E0,1.188150389838E0)))REPRESENTATION_ITEM('')SURFACE());
#2105=ORIENTED_EDGE('',*,*,#1990,.F.);
#2106=ORIENTED_EDGE('',*,*,#2019,.F.);
#2108=ORIENTED_EDGE('',*,*,#2107,.T.);
#2109=ORIENTED_EDGE('',*,*,#2068,.T.);
#2110=EDGE_LOOP('',(#2105,#2106,#2108,#2109));
#2111=FACE_OUTER_BOUND('',#2110,.F.);
#2113=CARTESIAN_POINT('',(0.E0,0.E0,-5.59562E1));
#2114=DIRECTION('',(0.E0,0.E0,-1.E0));
#2115=DIRECTION('',(-1.E0,0.E0,0.E0));
#2116=AXIS2_PLACEMENT_3D('',#2113,#2114,#2115);
#2117=PLANE('',#2116);
#2118=ORIENTED_EDGE('',*,*,#2107,.F.);
#2119=ORIENTED_EDGE('',*,*,#2017,.F.);
#2120=ORIENTED_EDGE('',*,*,#2056,.F.);
#2121=ORIENTED_EDGE('',*,*,#2070,.T.);
#2122=EDGE_LOOP('',(#2118,#2119,#2120,#2121));
#2123=FACE_OUTER_BOUND('',#2122,.F.);
#2125=CARTESIAN_POINT('',(8.89E0,0.E0,-5.2578E1));
#2126=DIRECTION('',(0.E0,0.E0,1.E0));
#2127=DIRECTION('',(-1.E0,0.E0,0.E0));
#2128=AXIS2_PLACEMENT_3D('',#2125,#2126,#2127);
#2129=CYLINDRICAL_SURFACE('',#2128,4.7625E0);
#2131=ORIENTED_EDGE('',*,*,#2130,.T.);
#2132=ORIENTED_EDGE('',*,*,#1566,.T.);
#2134=ORIENTED_EDGE('',*,*,#2133,.F.);
#2136=ORIENTED_EDGE('',*,*,#2135,.F.);
#2137=EDGE_LOOP('',(#2131,#2132,#2134,#2136));
#2138=FACE_OUTER_BOUND('',#2137,.F.);
#2140=CARTESIAN_POINT('',(8.89E0,0.E0,-5.2578E1));
#2141=DIRECTION('',(0.E0,0.E0,1.E0));
#2142=DIRECTION('',(-1.E0,0.E0,0.E0));
#2143=AXIS2_PLACEMENT_3D('',#2140,#2141,#2142);
#2144=CYLINDRICAL_SURFACE('',#2143,4.7625E0);
#2145=ORIENTED_EDGE('',*,*,#2130,.F.);
#2147=ORIENTED_EDGE('',*,*,#2146,.F.);
#2148=ORIENTED_EDGE('',*,*,#2133,.T.);
#2149=ORIENTED_EDGE('',*,*,#1568,.T.);
#2150=EDGE_LOOP('',(#2145,#2147,#2148,#2149));
#2151=FACE_OUTER_BOUND('',#2150,.F.);
#2153=CARTESIAN_POINT('',(0.E0,0.E0,-5.2578E1));
#2154=DIRECTION('',(0.E0,0.E0,1.E0));
#2155=DIRECTION('',(-1.E0,0.E0,0.E0));
#2156=AXIS2_PLACEMENT_3D('',#2153,#2154,#2155);
#2157=PLANE('',#2156);
#2158=ORIENTED_EDGE('',*,*,#2135,.T.);
#2159=ORIENTED_EDGE('',*,*,#2146,.T.);
#2160=EDGE_LOOP('',(#2158,#2159));
#2161=FACE_OUTER_BOUND('',#2160,.F.);
#2163=ORIENTED_EDGE('',*,*,#2162,.T.);
#2165=ORIENTED_EDGE('',*,*,#2164,.T.);
#2166=EDGE_LOOP('',(#2163,#2165));
#2167=FACE_BOUND('',#2166,.F.);
#2169=CARTESIAN_POINT('',(0.E0,0.E0,-5.2578E1));
#2170=DIRECTION('',(0.E0,0.E0,1.E0));
#2171=DIRECTION('',(-1.E0,0.E0,0.E0));
#2172=AXIS2_PLACEMENT_3D('',#2169,#2170,#2171);
#2173=PLANE('',#2172);
#2175=ORIENTED_EDGE('',*,*,#2174,.T.);
#2177=ORIENTED_EDGE('',*,*,#2176,.T.);
#2178=EDGE_LOOP('',(#2175,#2177));
#2179=FACE_OUTER_BOUND('',#2178,.F.);
#2181=ORIENTED_EDGE('',*,*,#2180,.T.);
#2183=ORIENTED_EDGE('',*,*,#2182,.T.);
#2184=EDGE_LOOP('',(#2181,#2183));
#2185=FACE_BOUND('',#2184,.F.);
#2187=CARTESIAN_POINT('',(-8.89E0,0.E0,-5.2578E1));
#2188=DIRECTION('',(0.E0,0.E0,1.E0));
#2189=DIRECTION('',(-1.E0,0.E0,0.E0));
#2190=AXIS2_PLACEMENT_3D('',#2187,#2188,#2189);
#2191=CYLINDRICAL_SURFACE('',#2190,2.054987E0);
#2193=ORIENTED_EDGE('',*,*,#2192,.F.);
#2195=ORIENTED_EDGE('',*,*,#2194,.F.);
#2196=ORIENTED_EDGE('',*,*,#2180,.F.);
#2198=ORIENTED_EDGE('',*,*,#2197,.T.);
#2199=EDGE_LOOP('',(#2193,#2195,#2196,#2198));
#2200=FACE_OUTER_BOUND('',#2199,.F.);
#2202=CARTESIAN_POINT('',(0.E0,0.E0,-5.1578002E1));
#2203=DIRECTION('',(0.E0,0.E0,-1.E0));
#2204=DIRECTION('',(-1.E0,0.E0,0.E0));
#2205=AXIS2_PLACEMENT_3D('',#2202,#2203,#2204);
#2206=PLANE('',#2205);
#2207=ORIENTED_EDGE('',*,*,#2192,.T.);
#2209=ORIENTED_EDGE('',*,*,#2208,.T.);
#2210=EDGE_LOOP('',(#2207,#2209));
#2211=FACE_OUTER_BOUND('',#2210,.F.);
#2213=CARTESIAN_POINT('',(0.E0,0.E0,-5.1578002E1));
#2214=DIRECTION('',(0.E0,0.E0,-1.E0));
#2215=DIRECTION('',(-1.E0,0.E0,0.E0));
#2216=AXIS2_PLACEMENT_3D('',#2213,#2214,#2215);
#2217=PLANE('',#2216);
#2219=ORIENTED_EDGE('',*,*,#2218,.T.);
#2221=ORIENTED_EDGE('',*,*,#2220,.T.);
#2222=EDGE_LOOP('',(#2219,#2221));
#2223=FACE_OUTER_BOUND('',#2222,.F.);
#2225=CARTESIAN_POINT('',(-8.89E0,0.E0,-5.2578E1));
#2226=DIRECTION('',(0.E0,0.E0,1.E0));
#2227=DIRECTION('',(-1.E0,0.E0,0.E0));
#2228=AXIS2_PLACEMENT_3D('',#2225,#2226,#2227);
#2229=CYLINDRICAL_SURFACE('',#2228,2.054987E0);
#2230=ORIENTED_EDGE('',*,*,#2208,.F.);
#2231=ORIENTED_EDGE('',*,*,#2197,.F.);
#2232=ORIENTED_EDGE('',*,*,#2182,.F.);
#2233=ORIENTED_EDGE('',*,*,#2194,.T.);
#2234=EDGE_LOOP('',(#2230,#2231,#2232,#2233));
#2235=FACE_OUTER_BOUND('',#2234,.F.);
#2237=CARTESIAN_POINT('',(8.89E0,0.E0,-5.2578E1));
#2238=DIRECTION('',(0.E0,0.E0,1.E0));
#2239=DIRECTION('',(-1.E0,0.E0,0.E0));
#2240=AXIS2_PLACEMENT_3D('',#2237,#2238,#2239);
#2241=CYLINDRICAL_SURFACE('',#2240,2.054987E0);
#2242=ORIENTED_EDGE('',*,*,#2218,.F.);
#2244=ORIENTED_EDGE('',*,*,#2243,.F.);
#2245=ORIENTED_EDGE('',*,*,#2162,.F.);
#2247=ORIENTED_EDGE('',*,*,#2246,.T.);
#2248=EDGE_LOOP('',(#2242,#2244,#2245,#2247));
#2249=FACE_OUTER_BOUND('',#2248,.F.);
#2251=CARTESIAN_POINT('',(8.89E0,0.E0,-5.2578E1));
#2252=DIRECTION('',(0.E0,0.E0,1.E0));
#2253=DIRECTION('',(-1.E0,0.E0,0.E0));
#2254=AXIS2_PLACEMENT_3D('',#2251,#2252,#2253);
#2255=CYLINDRICAL_SURFACE('',#2254,2.054987E0);
#2256=ORIENTED_EDGE('',*,*,#2220,.F.);
#2257=ORIENTED_EDGE('',*,*,#2246,.F.);
#2258=ORIENTED_EDGE('',*,*,#2164,.F.);
#2259=ORIENTED_EDGE('',*,*,#2243,.T.);
#2260=EDGE_LOOP('',(#2256,#2257,#2258,#2259));
#2261=FACE_OUTER_BOUND('',#2260,.F.);
#2263=CARTESIAN_POINT('',(-8.89E0,0.E0,-5.2578E1));
#2264=DIRECTION('',(0.E0,0.E0,1.E0));
#2265=DIRECTION('',(-1.E0,0.E0,0.E0));
#2266=AXIS2_PLACEMENT_3D('',#2263,#2264,#2265);
#2267=CYLINDRICAL_SURFACE('',#2266,4.7625E0);
#2269=ORIENTED_EDGE('',*,*,#2268,.T.);
#2270=ORIENTED_EDGE('',*,*,#1572,.T.);
#2272=ORIENTED_EDGE('',*,*,#2271,.F.);
#2273=ORIENTED_EDGE('',*,*,#2174,.F.);
#2274=EDGE_LOOP('',(#2269,#2270,#2272,#2273));
#2275=FACE_OUTER_BOUND('',#2274,.F.);
#2277=CARTESIAN_POINT('',(-8.89E0,0.E0,-5.2578E1));
#2278=DIRECTION('',(0.E0,0.E0,1.E0));
#2279=DIRECTION('',(-1.E0,0.E0,0.E0));
#2280=AXIS2_PLACEMENT_3D('',#2277,#2278,#2279);
#2281=CYLINDRICAL_SURFACE('',#2280,4.7625E0);
#2282=ORIENTED_EDGE('',*,*,#2268,.F.);
#2283=ORIENTED_EDGE('',*,*,#2176,.F.);
#2284=ORIENTED_EDGE('',*,*,#2271,.T.);
#2285=ORIENTED_EDGE('',*,*,#1574,.T.);
#2286=EDGE_LOOP('',(#2282,#2283,#2284,#2285));
#2287=FACE_OUTER_BOUND('',#2286,.F.);
#2289=CARTESIAN_POINT('',(-3.516127986390E0,2.589038257259E1,
-6.818712973616E1));
#2290=CARTESIAN_POINT('',(-3.516128009980E0,2.581757604839E1,
-6.815296675817E1));
#2291=CARTESIAN_POINT('',(-3.516128108361E0,2.448545773899E1,
-6.752262796036E1));
#2292=CARTESIAN_POINT('',(-3.516127905941E0,2.200848837589E1,
-6.615378334226E1));
#2293=CARTESIAN_POINT('',(-3.516128054654E0,1.889442284875E1,
-6.379754975730E1));
#2294=CARTESIAN_POINT('',(-3.516128009525E0,1.628163497877E1,
-6.092931639103E1));
#2295=CARTESIAN_POINT('',(-3.516128152636E0,1.438042516274E1,
-5.754541408814E1));
#2296=CARTESIAN_POINT('',(-3.516127976050E0,1.330789090982E1,
-5.361900916117E1));
#2297=CARTESIAN_POINT('',(-3.516128213574E0,1.320531448737E1,
-5.068557843859E1));
#2298=CARTESIAN_POINT('',(-3.516128034180E0,1.331541773709E1,
-4.911331134383E1));
#2299=CARTESIAN_POINT('',(-3.906135314067E0,2.590080577641E1,
-6.816491646126E1));
#2300=CARTESIAN_POINT('',(-3.906135106910E0,2.582804701817E1,
-6.813077590473E1));
#2301=CARTESIAN_POINT('',(-3.906134242979E0,2.449681017332E1,
-6.750085423837E1));
#2302=CARTESIAN_POINT('',(-3.906136020526E0,2.202175839883E1,
-6.613304707039E1));
#2303=CARTESIAN_POINT('',(-3.906134714600E0,1.891091357967E1,
-6.377919376570E1));
#2304=CARTESIAN_POINT('',(-3.906135110905E0,1.630162808358E1,
-6.091471748127E1));
#2305=CARTESIAN_POINT('',(-3.906133854173E0,1.440338097192E1,
-5.753603438356E1));
#2306=CARTESIAN_POINT('',(-3.906135404861E0,1.333241264693E1,
-5.361554182654E1));
#2307=CARTESIAN_POINT('',(-3.906133319047E0,1.322990503326E1,
-5.068567324965E1));
#2308=CARTESIAN_POINT('',(-3.906134894397E0,1.333989495521E1,
-4.911502535201E1));
#2309=CARTESIAN_POINT('',(-4.191000536854E0,2.578717120126E1,
-6.840708730429E1));
#2310=CARTESIAN_POINT('',(-4.191000161157E0,2.571389169486E1,
-6.837270230720E1));
#2311=CARTESIAN_POINT('',(-4.190998594343E0,2.437304505518E1,
-6.773823304149E1));
#2312=CARTESIAN_POINT('',(-4.191001818078E0,2.187708758119E1,
-6.635911551202E1));
#2313=CARTESIAN_POINT('',(-4.190999449670E0,1.873113035429E1,
-6.397931220742E1));
#2314=CARTESIAN_POINT('',(-4.191000168403E0,1.608366170678E1,
-6.107387592594E1));
#2315=CARTESIAN_POINT('',(-4.190997889210E0,1.415311496276E1,
-5.763829264916E1));
#2316=CARTESIAN_POINT('',(-4.191000701518E0,1.306507477019E1,
-5.365334297713E1));
#2317=CARTESIAN_POINT('',(-4.190996918714E0,1.296181699779E1,
-5.068463961219E1));
#2318=CARTESIAN_POINT('',(-4.190999775747E0,1.307304242794E1,
-4.909633910210E1));
#2319=CARTESIAN_POINT('',(-4.191000536854E0,2.562117155832E1,
-6.876085527867E1));
#2320=CARTESIAN_POINT('',(-4.191000161157E0,2.554713133269E1,
-6.872611319794E1));
#2321=CARTESIAN_POINT('',(-4.190998594343E0,2.419224651397E1,
-6.808500070885E1));
#2322=CARTESIAN_POINT('',(-4.191001818078E0,2.166574957919E1,
-6.668936077882E1));
#2323=CARTESIAN_POINT('',(-4.190999449670E0,1.846849945012E1,
-6.427164919925E1));
#2324=CARTESIAN_POINT('',(-4.191000168403E0,1.576525209711E1,
-6.130637774107E1));
#2325=CARTESIAN_POINT('',(-4.190997889210E0,1.378752140902E1,
-5.778767355328E1));
#2326=CARTESIAN_POINT('',(-4.191000701518E0,1.267454229342E1,
-5.370856364822E1));
#2327=CARTESIAN_POINT('',(-4.190996918714E0,1.257018867426E1,
-5.068312965406E1));
#2328=CARTESIAN_POINT('',(-4.190999775747E0,1.268321895930E1,
-4.906904185732E1));
#2329=CARTESIAN_POINT('',(-4.191000536854E0,2.545517191539E1,
-6.911462325305E1));
#2330=CARTESIAN_POINT('',(-4.191000161157E0,2.538037097052E1,
-6.907952408869E1));
#2331=CARTESIAN_POINT('',(-4.190998594343E0,2.401144797276E1,
-6.843176837621E1));
#2332=CARTESIAN_POINT('',(-4.191001818078E0,2.145441157719E1,
-6.701960604562E1));
#2333=CARTESIAN_POINT('',(-4.190999449670E0,1.820586854594E1,
-6.456398619109E1));
#2334=CARTESIAN_POINT('',(-4.191000168403E0,1.544684248743E1,
-6.153887955620E1));
#2335=CARTESIAN_POINT('',(-4.190997889210E0,1.342192785528E1,
-5.793705445740E1));
#2336=CARTESIAN_POINT('',(-4.191000701518E0,1.228400981664E1,
-5.376378431932E1));
#2337=CARTESIAN_POINT('',(-4.190996918714E0,1.217856035073E1,
-5.068161969594E1));
#2338=CARTESIAN_POINT('',(-4.190999775747E0,1.229339549067E1,
-4.904174461255E1));
#2339=CARTESIAN_POINT('',(-3.906135314067E0,2.534153734023E1,
-6.935679409609E1));
#2340=CARTESIAN_POINT('',(-3.906135106910E0,2.526621564722E1,
-6.932145049115E1));
#2341=CARTESIAN_POINT('',(-3.906134242979E0,2.388768285461E1,
-6.866914717933E1));
#2342=CARTESIAN_POINT('',(-3.906136020526E0,2.130974075954E1,
-6.724567448725E1));
#2343=CARTESIAN_POINT('',(-3.906134714600E0,1.802608532056E1,
-6.476410463281E1));
#2344=CARTESIAN_POINT('',(-3.906135110905E0,1.522887611063E1,
-6.169803800087E1));
#2345=CARTESIAN_POINT('',(-3.906133854173E0,1.317166184612E1,
-5.803931272300E1));
#2346=CARTESIAN_POINT('',(-3.906135404861E0,1.201667193990E1,
-5.380158546990E1));
#2347=CARTESIAN_POINT('',(-3.906133319047E0,1.191047231525E1,
-5.068058605848E1));
#2348=CARTESIAN_POINT('',(-3.906134894397E0,1.202654296340E1,
-4.902305836264E1));
#2349=CARTESIAN_POINT('',(-3.516127986390E0,2.535196054406E1,
-6.933458082118E1));
#2350=CARTESIAN_POINT('',(-3.516128009980E0,2.527668661699E1,
-6.929925963771E1));
#2351=CARTESIAN_POINT('',(-3.516128108361E0,2.389903528895E1,
-6.864737345734E1));
#2352=CARTESIAN_POINT('',(-3.516127905941E0,2.132301078249E1,
-6.722493821538E1));
#2353=CARTESIAN_POINT('',(-3.516128054654E0,1.804257605148E1,
-6.474574864121E1));
#2354=CARTESIAN_POINT('',(-3.516128009525E0,1.524886921545E1,
-6.168343909110E1));
#2355=CARTESIAN_POINT('',(-3.516128152636E0,1.319461765530E1,
-5.802993301842E1));
#2356=CARTESIAN_POINT('',(-3.516127976050E0,1.204119367701E1,
-5.379811813528E1));
#2357=CARTESIAN_POINT('',(-3.516128213574E0,1.193506286115E1,
-5.068068086954E1));
#2358=CARTESIAN_POINT('',(-3.516128034180E0,1.205102018152E1,
-4.902477237082E1));
#2359=(BOUNDED_SURFACE()B_SPLINE_SURFACE(3,3,((#2289,#2290,#2291,#2292,#2293,
#2294,#2295,#2296,#2297,#2298),(#2299,#2300,#2301,#2302,#2303,#2304,#2305,#2306,
#2307,#2308),(#2309,#2310,#2311,#2312,#2313,#2314,#2315,#2316,#2317,#2318),(
#2319,#2320,#2321,#2322,#2323,#2324,#2325,#2326,#2327,#2328),(#2329,#2330,#2331,
#2332,#2333,#2334,#2335,#2336,#2337,#2338),(#2339,#2340,#2341,#2342,#2343,#2344,
#2345,#2346,#2347,#2348),(#2349,#2350,#2351,#2352,#2353,#2354,#2355,#2356,#2357,
#2358)),.UNSPECIFIED.,.F.,.F.,.F.)B_SPLINE_SURFACE_WITH_KNOTS((4,3,4),(4,1,1,1,
1,1,1,4),(0.E0,1.E0,2.E0),(-8.008218984003E-3,0.E0,1.391655099801E-1,
2.899281457920E-1,4.535287010015E-1,6.307626358118E-1,8.079965706222E-1,
9.914977755258E-1),.UNSPECIFIED.)GEOMETRIC_REPRESENTATION_ITEM()RATIONAL_B_SPLINE_SURFACE(((1.187262732494E0,1.187262732494E0,1.187262732494E0,1.187262732494E0,
1.187262732494E0,1.187262732494E0,1.187262732494E0,1.187262732494E0,
1.187262732494E0,1.187262732494E0),(9.375790891686E-1,9.375790891686E-1,
9.375790891686E-1,9.375790891686E-1,9.375790891686E-1,9.375790891686E-1,
9.375790891686E-1,9.375790891686E-1,9.375790891686E-1,9.375790891686E-1),(
9.375790891686E-1,9.375790891686E-1,9.375790891686E-1,9.375790891686E-1,
9.375790891686E-1,9.375790891686E-1,9.375790891686E-1,9.375790891686E-1,
9.375790891686E-1,9.375790891686E-1),(1.187262732494E0,1.187262732494E0,
1.187262732494E0,1.187262732494E0,1.187262732494E0,1.187262732494E0,
1.187262732494E0,1.187262732494E0,1.187262732494E0,1.187262732494E0),(
9.375790891686E-1,9.375790891686E-1,9.375790891686E-1,9.375790891686E-1,
9.375790891686E-1,9.375790891686E-1,9.375790891686E-1,9.375790891686E-1,
9.375790891686E-1,9.375790891686E-1),(9.375790891686E-1,9.375790891686E-1,
9.375790891686E-1,9.375790891686E-1,9.375790891686E-1,9.375790891686E-1,
9.375790891686E-1,9.375790891686E-1,9.375790891686E-1,9.375790891686E-1),(
1.187262732494E0,1.187262732494E0,1.187262732494E0,1.187262732494E0,
1.187262732494E0,1.187262732494E0,1.187262732494E0,1.187262732494E0,
1.187262732494E0,1.187262732494E0)))REPRESENTATION_ITEM('')SURFACE());
#2361=ORIENTED_EDGE('',*,*,#2360,.F.);
#2363=ORIENTED_EDGE('',*,*,#2362,.F.);
#2365=ORIENTED_EDGE('',*,*,#2364,.T.);
#2366=ORIENTED_EDGE('',*,*,#1578,.F.);
#2367=EDGE_LOOP('',(#2361,#2363,#2365,#2366));
#2368=FACE_OUTER_BOUND('',#2367,.F.);
#2370=CARTESIAN_POINT('',(-3.595872013610E0,2.535196054406E1,
-6.933458082118E1));
#2371=CARTESIAN_POINT('',(-3.595871990020E0,2.527668661699E1,
-6.929925963771E1));
#2372=CARTESIAN_POINT('',(-3.595871891639E0,2.389903528895E1,
-6.864737345734E1));
#2373=CARTESIAN_POINT('',(-3.595872094059E0,2.132301078249E1,
-6.722493821538E1));
#2374=CARTESIAN_POINT('',(-3.595871945346E0,1.804257605148E1,
-6.474574864121E1));
#2375=CARTESIAN_POINT('',(-3.595871990475E0,1.524886921545E1,
-6.168343909110E1));
#2376=CARTESIAN_POINT('',(-3.595871847364E0,1.319461765530E1,
-5.802993301842E1));
#2377=CARTESIAN_POINT('',(-3.595872023950E0,1.204119367701E1,
-5.379811813528E1));
#2378=CARTESIAN_POINT('',(-3.595871786426E0,1.193506286115E1,
-5.068068086954E1));
#2379=CARTESIAN_POINT('',(-3.595871965820E0,1.205102018152E1,
-4.902477237082E1));
#2380=CARTESIAN_POINT('',(-3.205864685933E0,2.534153734023E1,
-6.935679409609E1));
#2381=CARTESIAN_POINT('',(-3.205864893090E0,2.526621564722E1,
-6.932145049115E1));
#2382=CARTESIAN_POINT('',(-3.205865757022E0,2.388768285461E1,
-6.866914717933E1));
#2383=CARTESIAN_POINT('',(-3.205863979474E0,2.130974075954E1,
-6.724567448725E1));
#2384=CARTESIAN_POINT('',(-3.205865285400E0,1.802608532056E1,
-6.476410463281E1));
#2385=CARTESIAN_POINT('',(-3.205864889095E0,1.522887611063E1,
-6.169803800087E1));
#2386=CARTESIAN_POINT('',(-3.205866145827E0,1.317166184612E1,
-5.803931272300E1));
#2387=CARTESIAN_POINT('',(-3.205864595138E0,1.201667193990E1,
-5.380158546990E1));
#2388=CARTESIAN_POINT('',(-3.205866680953E0,1.191047231525E1,
-5.068058605848E1));
#2389=CARTESIAN_POINT('',(-3.205865105603E0,1.202654296340E1,
-4.902305836264E1));
#2390=CARTESIAN_POINT('',(-2.920999463146E0,2.545517191539E1,
-6.911462325305E1));
#2391=CARTESIAN_POINT('',(-2.920999838843E0,2.538037097052E1,
-6.907952408869E1));
#2392=CARTESIAN_POINT('',(-2.921001405657E0,2.401144797276E1,
-6.843176837621E1));
#2393=CARTESIAN_POINT('',(-2.920998181922E0,2.145441157719E1,
-6.701960604562E1));
#2394=CARTESIAN_POINT('',(-2.921000550330E0,1.820586854594E1,
-6.456398619109E1));
#2395=CARTESIAN_POINT('',(-2.920999831597E0,1.544684248743E1,
-6.153887955620E1));
#2396=CARTESIAN_POINT('',(-2.921002110790E0,1.342192785528E1,
-5.793705445740E1));
#2397=CARTESIAN_POINT('',(-2.920999298482E0,1.228400981664E1,
-5.376378431932E1));
#2398=CARTESIAN_POINT('',(-2.921003081286E0,1.217856035073E1,
-5.068161969594E1));
#2399=CARTESIAN_POINT('',(-2.921000224253E0,1.229339549067E1,
-4.904174461255E1));
#2400=CARTESIAN_POINT('',(-2.920999463146E0,2.562117155832E1,
-6.876085527867E1));
#2401=CARTESIAN_POINT('',(-2.920999838843E0,2.554713133269E1,
-6.872611319794E1));
#2402=CARTESIAN_POINT('',(-2.921001405657E0,2.419224651397E1,
-6.808500070885E1));
#2403=CARTESIAN_POINT('',(-2.920998181922E0,2.166574957919E1,
-6.668936077882E1));
#2404=CARTESIAN_POINT('',(-2.921000550330E0,1.846849945012E1,
-6.427164919925E1));
#2405=CARTESIAN_POINT('',(-2.920999831597E0,1.576525209711E1,
-6.130637774107E1));
#2406=CARTESIAN_POINT('',(-2.921002110790E0,1.378752140902E1,
-5.778767355328E1));
#2407=CARTESIAN_POINT('',(-2.920999298482E0,1.267454229342E1,
-5.370856364822E1));
#2408=CARTESIAN_POINT('',(-2.921003081286E0,1.257018867426E1,
-5.068312965406E1));
#2409=CARTESIAN_POINT('',(-2.921000224253E0,1.268321895930E1,
-4.906904185732E1));
#2410=CARTESIAN_POINT('',(-2.920999463146E0,2.578717120126E1,
-6.840708730429E1));
#2411=CARTESIAN_POINT('',(-2.920999838843E0,2.571389169486E1,
-6.837270230720E1));
#2412=CARTESIAN_POINT('',(-2.921001405657E0,2.437304505518E1,
-6.773823304149E1));
#2413=CARTESIAN_POINT('',(-2.920998181922E0,2.187708758119E1,
-6.635911551202E1));
#2414=CARTESIAN_POINT('',(-2.921000550330E0,1.873113035429E1,
-6.397931220742E1));
#2415=CARTESIAN_POINT('',(-2.920999831597E0,1.608366170678E1,
-6.107387592594E1));
#2416=CARTESIAN_POINT('',(-2.921002110790E0,1.415311496276E1,
-5.763829264916E1));
#2417=CARTESIAN_POINT('',(-2.920999298482E0,1.306507477019E1,
-5.365334297713E1));
#2418=CARTESIAN_POINT('',(-2.921003081286E0,1.296181699779E1,
-5.068463961219E1));
#2419=CARTESIAN_POINT('',(-2.921000224253E0,1.307304242794E1,
-4.909633910210E1));
#2420=CARTESIAN_POINT('',(-3.205864685933E0,2.590080577641E1,
-6.816491646126E1));
#2421=CARTESIAN_POINT('',(-3.205864893090E0,2.582804701817E1,
-6.813077590473E1));
#2422=CARTESIAN_POINT('',(-3.205865757021E0,2.449681017332E1,
-6.750085423837E1));
#2423=CARTESIAN_POINT('',(-3.205863979474E0,2.202175839883E1,
-6.613304707039E1));
#2424=CARTESIAN_POINT('',(-3.205865285400E0,1.891091357967E1,
-6.377919376570E1));
#2425=CARTESIAN_POINT('',(-3.205864889095E0,1.630162808358E1,
-6.091471748127E1));
#2426=CARTESIAN_POINT('',(-3.205866145827E0,1.440338097192E1,
-5.753603438356E1));
#2427=CARTESIAN_POINT('',(-3.205864595138E0,1.333241264693E1,
-5.361554182654E1));
#2428=CARTESIAN_POINT('',(-3.205866680953E0,1.322990503326E1,
-5.068567324965E1));
#2429=CARTESIAN_POINT('',(-3.205865105603E0,1.333989495521E1,
-4.911502535201E1));
#2430=CARTESIAN_POINT('',(-3.595872013610E0,2.589038257259E1,
-6.818712973616E1));
#2431=CARTESIAN_POINT('',(-3.595871990020E0,2.581757604839E1,
-6.815296675817E1));
#2432=CARTESIAN_POINT('',(-3.595871891639E0,2.448545773899E1,
-6.752262796036E1));
#2433=CARTESIAN_POINT('',(-3.595872094059E0,2.200848837589E1,
-6.615378334226E1));
#2434=CARTESIAN_POINT('',(-3.595871945346E0,1.889442284875E1,
-6.379754975730E1));
#2435=CARTESIAN_POINT('',(-3.595871990475E0,1.628163497877E1,
-6.092931639103E1));
#2436=CARTESIAN_POINT('',(-3.595871847364E0,1.438042516274E1,
-5.754541408814E1));
#2437=CARTESIAN_POINT('',(-3.595872023950E0,1.330789090982E1,
-5.361900916117E1));
#2438=CARTESIAN_POINT('',(-3.595871786426E0,1.320531448737E1,
-5.068557843859E1));
#2439=CARTESIAN_POINT('',(-3.595871965820E0,1.331541773709E1,
-4.911331134383E1));
#2440=(BOUNDED_SURFACE()B_SPLINE_SURFACE(3,3,((#2370,#2371,#2372,#2373,#2374,
#2375,#2376,#2377,#2378,#2379),(#2380,#2381,#2382,#2383,#2384,#2385,#2386,#2387,
#2388,#2389),(#2390,#2391,#2392,#2393,#2394,#2395,#2396,#2397,#2398,#2399),(
#2400,#2401,#2402,#2403,#2404,#2405,#2406,#2407,#2408,#2409),(#2410,#2411,#2412,
#2413,#2414,#2415,#2416,#2417,#2418,#2419),(#2420,#2421,#2422,#2423,#2424,#2425,
#2426,#2427,#2428,#2429),(#2430,#2431,#2432,#2433,#2434,#2435,#2436,#2437,#2438,
#2439)),.UNSPECIFIED.,.F.,.F.,.F.)B_SPLINE_SURFACE_WITH_KNOTS((4,3,4),(4,1,1,1,
1,1,1,4),(0.E0,1.E0,2.E0),(-8.008218984003E-3,0.E0,1.391655099801E-1,
2.899281457920E-1,4.535287010015E-1,6.307626358118E-1,8.079965706222E-1,
9.914977755258E-1),.UNSPECIFIED.)GEOMETRIC_REPRESENTATION_ITEM()RATIONAL_B_SPLINE_SURFACE(((1.187262732494E0,1.187262732494E0,1.187262732494E0,1.187262732494E0,
1.187262732494E0,1.187262732494E0,1.187262732494E0,1.187262732494E0,
1.187262732494E0,1.187262732494E0),(9.375790891686E-1,9.375790891686E-1,
9.375790891686E-1,9.375790891686E-1,9.375790891686E-1,9.375790891686E-1,
9.375790891686E-1,9.375790891686E-1,9.375790891686E-1,9.375790891686E-1),(
9.375790891686E-1,9.375790891686E-1,9.375790891686E-1,9.375790891686E-1,
9.375790891686E-1,9.375790891686E-1,9.375790891686E-1,9.375790891686E-1,
9.375790891686E-1,9.375790891686E-1),(1.187262732494E0,1.187262732494E0,
1.187262732494E0,1.187262732494E0,1.187262732494E0,1.187262732494E0,
1.187262732494E0,1.187262732494E0,1.187262732494E0,1.187262732494E0),(
9.375790891686E-1,9.375790891686E-1,9.375790891686E-1,9.375790891686E-1,
9.375790891686E-1,9.375790891686E-1,9.375790891686E-1,9.375790891686E-1,
9.375790891686E-1,9.375790891686E-1),(9.375790891686E-1,9.375790891686E-1,
9.375790891686E-1,9.375790891686E-1,9.375790891686E-1,9.375790891686E-1,
9.375790891686E-1,9.375790891686E-1,9.375790891686E-1,9.375790891686E-1),(
1.187262732494E0,1.187262732494E0,1.187262732494E0,1.187262732494E0,
1.187262732494E0,1.187262732494E0,1.187262732494E0,1.187262732494E0,
1.187262732494E0,1.187262732494E0)))REPRESENTATION_ITEM('')SURFACE());
#2441=ORIENTED_EDGE('',*,*,#2360,.T.);
#2442=ORIENTED_EDGE('',*,*,#1580,.F.);
#2443=ORIENTED_EDGE('',*,*,#2364,.F.);
#2445=ORIENTED_EDGE('',*,*,#2444,.F.);
#2446=EDGE_LOOP('',(#2441,#2442,#2443,#2445));
#2447=FACE_OUTER_BOUND('',#2446,.F.);
#2449=CARTESIAN_POINT('',(-3.556E0,2.54E1,-6.86562E1));
#2450=DIRECTION('',(0.E0,-9.025158423550E-1,4.306566547707E-1));
#2451=DIRECTION('',(0.E0,4.306566547707E-1,9.025158423550E-1));
#2452=AXIS2_PLACEMENT_3D('',#2449,#2450,#2451);
#2453=PLANE('',#2452);
#2454=ORIENTED_EDGE('',*,*,#2362,.T.);
#2455=ORIENTED_EDGE('',*,*,#2444,.T.);
#2456=EDGE_LOOP('',(#2454,#2455));
#2457=FACE_OUTER_BOUND('',#2456,.F.);
#2459=CARTESIAN_POINT('',(3.516127997262E0,2.269279763182E1,-6.930967379885E1));
#2460=CARTESIAN_POINT('',(3.516128012618E0,2.262833550073E1,-6.926591124048E1));
#2461=CARTESIAN_POINT('',(3.516128107479E0,2.105936991682E1,-6.819250656759E1));
#2462=CARTESIAN_POINT('',(3.516127960792E0,1.820947129633E1,-6.582928673726E1));
#2463=CARTESIAN_POINT('',(3.516127981709E0,1.547454305592E1,-6.236250514222E1));
#2464=CARTESIAN_POINT('',(3.516128122368E0,1.372822222527E1,-5.897928025262E1));
#2465=CARTESIAN_POINT('',(3.516128098958E0,1.270414583564E1,-5.596142983325E1));
#2466=CARTESIAN_POINT('',(3.516128089112E0,1.211218478814E1,-5.265007633665E1));
#2467=CARTESIAN_POINT('',(3.516128100922E0,1.202483590008E1,-5.030524038677E1));
#2468=CARTESIAN_POINT('',(3.516128029161E0,1.205789577416E1,-4.909510293802E1));
#2469=CARTESIAN_POINT('',(3.906135218593E0,2.267901558399E1,-6.932997472859E1));
#2470=CARTESIAN_POINT('',(3.906135083745E0,2.261450494905E1,-6.928617923584E1));
#2471=CARTESIAN_POINT('',(3.906134250725E0,2.104435106285E1,-6.821196156193E1));
#2472=CARTESIAN_POINT('',(3.906135538850E0,1.819191371058E1,-6.584669095360E1));
#2473=CARTESIAN_POINT('',(3.906135355165E0,1.545392635063E1,-6.237610368784E1));
#2474=CARTESIAN_POINT('',(3.906134119971E0,1.370554035965E1,-5.898888070724E1));
#2475=CARTESIAN_POINT('',(3.906134325547E0,1.268027799204E1,-5.596751422285E1));
#2476=CARTESIAN_POINT('',(3.906134412011E0,1.208769792741E1,-5.265261097159E1));
#2477=CARTESIAN_POINT('',(3.906134308299E0,1.200027988557E1,-5.030559643342E1));
#2478=CARTESIAN_POINT('',(3.906134938466E0,1.203336776771E1,-4.909443286606E1));
#2479=CARTESIAN_POINT('',(4.191000363703E0,2.282926853666E1,-6.910865242055E1));
#2480=CARTESIAN_POINT('',(4.191000119145E0,2.276528669444E1,-6.906521598097E1));
#2481=CARTESIAN_POINT('',(4.190998608393E0,2.120808777184E1,-6.799986170715E1));
#2482=CARTESIAN_POINT('',(4.191000944518E0,1.838332786994E1,-6.565694883947E1));
#2483=CARTESIAN_POINT('',(4.191000611389E0,1.567869126809E1,-6.222785129049E1));
#2484=CARTESIAN_POINT('',(4.190998371258E0,1.395281981492E1,-5.888421580754E1));
#2485=CARTESIAN_POINT('',(4.190998744088E0,1.294048707111E1,-5.590118173628E1));
#2486=CARTESIAN_POINT('',(4.190998900897E0,1.235465557909E1,-5.262497818517E1));
#2487=CARTESIAN_POINT('',(4.190998712807E0,1.226799145718E1,-5.030171478534E1));
#2488=CARTESIAN_POINT('',(4.190999855669E0,1.230077399336E1,-4.910173804248E1));
#2489=CARTESIAN_POINT('',(4.191000363703E0,2.304876103231E1,-6.878534039992E1));
#2490=CARTESIAN_POINT('',(4.191000119145E0,2.298555166100E1,-6.874242847232E1));
#2491=CARTESIAN_POINT('',(4.190998608393E0,2.144727760636E1,-6.769002202930E1));
#2492=CARTESIAN_POINT('',(4.191000944518E0,1.866294947333E1,-6.537976979293E1));
#2493=CARTESIAN_POINT('',(4.191000611389E0,1.600703232089E1,-6.201128124575E1));
#2494=CARTESIAN_POINT('',(4.190998371258E0,1.431405055144E1,-5.873131924454E1));
#2495=CARTESIAN_POINT('',(4.190998744088E0,1.332060565872E1,-5.580428192324E1));
#2496=CARTESIAN_POINT('',(4.190998900897E0,1.274463261554E1,-5.258461166229E1));
#2497=CARTESIAN_POINT('',(4.190998712807E0,1.265906983483E1,-5.029604439679E1));
#2498=CARTESIAN_POINT('',(4.190999855669E0,1.269140631558E1,-4.911240958919E1));
#2499=CARTESIAN_POINT('',(4.191000363703E0,2.326825352796E1,-6.846202837928E1));
#2500=CARTESIAN_POINT('',(4.191000119145E0,2.320581662755E1,-6.841964096368E1));
#2501=CARTESIAN_POINT('',(4.190998608393E0,2.168646744089E1,-6.738018235144E1));
#2502=CARTESIAN_POINT('',(4.191000944518E0,1.894257107673E1,-6.510259074640E1));
#2503=CARTESIAN_POINT('',(4.191000611389E0,1.633537337370E1,-6.179471120102E1));
#2504=CARTESIAN_POINT('',(4.190998371258E0,1.467528128797E1,-5.857842268155E1));
#2505=CARTESIAN_POINT('',(4.190998744088E0,1.370072424634E1,-5.570738211021E1));
#2506=CARTESIAN_POINT('',(4.190998900897E0,1.313460965199E1,-5.254424513941E1));
#2507=CARTESIAN_POINT('',(4.190998712807E0,1.305014821248E1,-5.029037400824E1));
#2508=CARTESIAN_POINT('',(4.190999855669E0,1.308203863780E1,-4.912308113590E1));
#2509=CARTESIAN_POINT('',(3.906135218593E0,2.341850648064E1,-6.824070607124E1));
#2510=CARTESIAN_POINT('',(3.906135083745E0,2.335659837295E1,-6.819867770880E1));
#2511=CARTESIAN_POINT('',(3.906134250725E0,2.185020414988E1,-6.716808249666E1));
#2512=CARTESIAN_POINT('',(3.906135538850E0,1.913398523609E1,-6.491284863227E1));
#2513=CARTESIAN_POINT('',(3.906135355165E0,1.656013829115E1,-6.164645880366E1));
#2514=CARTESIAN_POINT('',(3.906134119971E0,1.492256074324E1,-5.847375778184E1));
#2515=CARTESIAN_POINT('',(3.906134325547E0,1.396093332540E1,-5.564104962363E1));
#2516=CARTESIAN_POINT('',(3.906134412011E0,1.340156730367E1,-5.251661235300E1));
#2517=CARTESIAN_POINT('',(3.906134308299E0,1.331785978409E1,-5.028649236017E1));
#2518=CARTESIAN_POINT('',(3.906134938466E0,1.334944486346E1,-4.913038631232E1));
#2519=CARTESIAN_POINT('',(3.516127997262E0,2.340472443280E1,-6.826100700099E1));
#2520=CARTESIAN_POINT('',(3.516128012618E0,2.334276782126E1,-6.821894570417E1));
#2521=CARTESIAN_POINT('',(3.516128107479E0,2.183518529591E1,-6.718753749101E1));
#2522=CARTESIAN_POINT('',(3.516127960792E0,1.911642765034E1,-6.493025284861E1));
#2523=CARTESIAN_POINT('',(3.516127981709E0,1.653952158587E1,-6.166005734929E1));
#2524=CARTESIAN_POINT('',(3.516128122368E0,1.489987887762E1,-5.848335823647E1));
#2525=CARTESIAN_POINT('',(3.516128098958E0,1.393706548180E1,-5.564713401323E1));
#2526=CARTESIAN_POINT('',(3.516128089112E0,1.337708044295E1,-5.251914698794E1));
#2527=CARTESIAN_POINT('',(3.516128100922E0,1.329330376958E1,-5.028684840682E1));
#2528=CARTESIAN_POINT('',(3.516128029161E0,1.332491685700E1,-4.912971624036E1));
#2529=(BOUNDED_SURFACE()B_SPLINE_SURFACE(3,3,((#2459,#2460,#2461,#2462,#2463,
#2464,#2465,#2466,#2467,#2468),(#2469,#2470,#2471,#2472,#2473,#2474,#2475,#2476,
#2477,#2478),(#2479,#2480,#2481,#2482,#2483,#2484,#2485,#2486,#2487,#2488),(
#2489,#2490,#2491,#2492,#2493,#2494,#2495,#2496,#2497,#2498),(#2499,#2500,#2501,
#2502,#2503,#2504,#2505,#2506,#2507,#2508),(#2509,#2510,#2511,#2512,#2513,#2514,
#2515,#2516,#2517,#2518),(#2519,#2520,#2521,#2522,#2523,#2524,#2525,#2526,#2527,
#2528)),.UNSPECIFIED.,.F.,.F.,.F.)B_SPLINE_SURFACE_WITH_KNOTS((4,3,4),(4,1,1,1,
1,1,1,4),(0.E0,1.E0,2.E0),(-8.847128356516E-3,0.E0,2.074471116492E-1,
4.321814826025E-1,5.630068690109E-1,7.047343709533E-1,8.464618728957E-1,
9.892396665665E-1),.UNSPECIFIED.)GEOMETRIC_REPRESENTATION_ITEM()RATIONAL_B_SPLINE_SURFACE(((1.187262732494E0,1.187262732494E0,1.187262732494E0,1.187262732494E0,
1.187262732494E0,1.187262732494E0,1.187262732494E0,1.187262732494E0,
1.187262732494E0,1.187262732494E0),(9.375790891686E-1,9.375790891686E-1,
9.375790891686E-1,9.375790891686E-1,9.375790891686E-1,9.375790891686E-1,
9.375790891686E-1,9.375790891686E-1,9.375790891686E-1,9.375790891686E-1),(
9.375790891686E-1,9.375790891686E-1,9.375790891686E-1,9.375790891686E-1,
9.375790891686E-1,9.375790891686E-1,9.375790891686E-1,9.375790891686E-1,
9.375790891686E-1,9.375790891686E-1),(1.187262732494E0,1.187262732494E0,
1.187262732494E0,1.187262732494E0,1.187262732494E0,1.187262732494E0,
1.187262732494E0,1.187262732494E0,1.187262732494E0,1.187262732494E0),(
9.375790891686E-1,9.375790891686E-1,9.375790891686E-1,9.375790891686E-1,
9.375790891686E-1,9.375790891686E-1,9.375790891686E-1,9.375790891686E-1,
9.375790891686E-1,9.375790891686E-1),(9.375790891686E-1,9.375790891686E-1,
9.375790891686E-1,9.375790891686E-1,9.375790891686E-1,9.375790891686E-1,
9.375790891686E-1,9.375790891686E-1,9.375790891686E-1,9.375790891686E-1),(
1.187262732494E0,1.187262732494E0,1.187262732494E0,1.187262732494E0,
1.187262732494E0,1.187262732494E0,1.187262732494E0,1.187262732494E0,
1.187262732494E0,1.187262732494E0)))REPRESENTATION_ITEM('')SURFACE());
#2531=ORIENTED_EDGE('',*,*,#2530,.T.);
#2532=ORIENTED_EDGE('',*,*,#1584,.F.);
#2534=ORIENTED_EDGE('',*,*,#2533,.F.);
#2536=ORIENTED_EDGE('',*,*,#2535,.F.);
#2537=EDGE_LOOP('',(#2531,#2532,#2534,#2536));
#2538=FACE_OUTER_BOUND('',#2537,.F.);
#2540=CARTESIAN_POINT('',(3.595872002738E0,2.340472443280E1,-6.826100700099E1));
#2541=CARTESIAN_POINT('',(3.595871987382E0,2.334276782126E1,-6.821894570417E1));
#2542=CARTESIAN_POINT('',(3.595871892521E0,2.183518529591E1,-6.718753749101E1));
#2543=CARTESIAN_POINT('',(3.595872039208E0,1.911642765034E1,-6.493025284861E1));
#2544=CARTESIAN_POINT('',(3.595872018291E0,1.653952158587E1,-6.166005734929E1));
#2545=CARTESIAN_POINT('',(3.595871877632E0,1.489987887762E1,-5.848335823647E1));
#2546=CARTESIAN_POINT('',(3.595871901042E0,1.393706548180E1,-5.564713401323E1));
#2547=CARTESIAN_POINT('',(3.595871910888E0,1.337708044295E1,-5.251914698794E1));
#2548=CARTESIAN_POINT('',(3.595871899078E0,1.329330376958E1,-5.028684840682E1));
#2549=CARTESIAN_POINT('',(3.595871970839E0,1.332491685700E1,-4.912971624036E1));
#2550=CARTESIAN_POINT('',(3.205864781407E0,2.341850648064E1,-6.824070607124E1));
#2551=CARTESIAN_POINT('',(3.205864916255E0,2.335659837295E1,-6.819867770880E1));
#2552=CARTESIAN_POINT('',(3.205865749275E0,2.185020414988E1,-6.716808249666E1));
#2553=CARTESIAN_POINT('',(3.205864461150E0,1.913398523609E1,-6.491284863227E1));
#2554=CARTESIAN_POINT('',(3.205864644835E0,1.656013829115E1,-6.164645880366E1));
#2555=CARTESIAN_POINT('',(3.205865880029E0,1.492256074324E1,-5.847375778184E1));
#2556=CARTESIAN_POINT('',(3.205865674453E0,1.396093332540E1,-5.564104962363E1));
#2557=CARTESIAN_POINT('',(3.205865587989E0,1.340156730367E1,-5.251661235300E1));
#2558=CARTESIAN_POINT('',(3.205865691701E0,1.331785978409E1,-5.028649236017E1));
#2559=CARTESIAN_POINT('',(3.205865061534E0,1.334944486346E1,-4.913038631232E1));
#2560=CARTESIAN_POINT('',(2.920999636297E0,2.326825352796E1,-6.846202837928E1));
#2561=CARTESIAN_POINT('',(2.920999880855E0,2.320581662755E1,-6.841964096368E1));
#2562=CARTESIAN_POINT('',(2.921001391608E0,2.168646744089E1,-6.738018235144E1));
#2563=CARTESIAN_POINT('',(2.920999055482E0,1.894257107673E1,-6.510259074640E1));
#2564=CARTESIAN_POINT('',(2.920999388611E0,1.633537337370E1,-6.179471120102E1));
#2565=CARTESIAN_POINT('',(2.921001628742E0,1.467528128797E1,-5.857842268155E1));
#2566=CARTESIAN_POINT('',(2.921001255912E0,1.370072424634E1,-5.570738211021E1));
#2567=CARTESIAN_POINT('',(2.921001099103E0,1.313460965199E1,-5.254424513941E1));
#2568=CARTESIAN_POINT('',(2.921001287193E0,1.305014821248E1,-5.029037400824E1));
#2569=CARTESIAN_POINT('',(2.921000144331E0,1.308203863780E1,-4.912308113590E1));
#2570=CARTESIAN_POINT('',(2.920999636297E0,2.304876103231E1,-6.878534039992E1));
#2571=CARTESIAN_POINT('',(2.920999880855E0,2.298555166100E1,-6.874242847232E1));
#2572=CARTESIAN_POINT('',(2.921001391608E0,2.144727760636E1,-6.769002202930E1));
#2573=CARTESIAN_POINT('',(2.920999055482E0,1.866294947333E1,-6.537976979293E1));
#2574=CARTESIAN_POINT('',(2.920999388611E0,1.600703232089E1,-6.201128124575E1));
#2575=CARTESIAN_POINT('',(2.921001628742E0,1.431405055144E1,-5.873131924454E1));
#2576=CARTESIAN_POINT('',(2.921001255912E0,1.332060565872E1,-5.580428192324E1));
#2577=CARTESIAN_POINT('',(2.921001099103E0,1.274463261554E1,-5.258461166229E1));
#2578=CARTESIAN_POINT('',(2.921001287193E0,1.265906983483E1,-5.029604439679E1));
#2579=CARTESIAN_POINT('',(2.921000144331E0,1.269140631558E1,-4.911240958919E1));
#2580=CARTESIAN_POINT('',(2.920999636297E0,2.282926853666E1,-6.910865242055E1));
#2581=CARTESIAN_POINT('',(2.920999880855E0,2.276528669444E1,-6.906521598097E1));
#2582=CARTESIAN_POINT('',(2.921001391608E0,2.120808777184E1,-6.799986170715E1));
#2583=CARTESIAN_POINT('',(2.920999055482E0,1.838332786994E1,-6.565694883947E1));
#2584=CARTESIAN_POINT('',(2.920999388611E0,1.567869126809E1,-6.222785129049E1));
#2585=CARTESIAN_POINT('',(2.921001628742E0,1.395281981492E1,-5.888421580754E1));
#2586=CARTESIAN_POINT('',(2.921001255912E0,1.294048707111E1,-5.590118173628E1));
#2587=CARTESIAN_POINT('',(2.921001099103E0,1.235465557909E1,-5.262497818517E1));
#2588=CARTESIAN_POINT('',(2.921001287193E0,1.226799145718E1,-5.030171478534E1));
#2589=CARTESIAN_POINT('',(2.921000144331E0,1.230077399336E1,-4.910173804248E1));
#2590=CARTESIAN_POINT('',(3.205864781407E0,2.267901558399E1,-6.932997472859E1));
#2591=CARTESIAN_POINT('',(3.205864916255E0,2.261450494905E1,-6.928617923584E1));
#2592=CARTESIAN_POINT('',(3.205865749275E0,2.104435106285E1,-6.821196156193E1));
#2593=CARTESIAN_POINT('',(3.205864461150E0,1.819191371058E1,-6.584669095360E1));
#2594=CARTESIAN_POINT('',(3.205864644835E0,1.545392635063E1,-6.237610368784E1));
#2595=CARTESIAN_POINT('',(3.205865880029E0,1.370554035965E1,-5.898888070724E1));
#2596=CARTESIAN_POINT('',(3.205865674453E0,1.268027799204E1,-5.596751422285E1));
#2597=CARTESIAN_POINT('',(3.205865587989E0,1.208769792741E1,-5.265261097159E1));
#2598=CARTESIAN_POINT('',(3.205865691701E0,1.200027988557E1,-5.030559643342E1));
#2599=CARTESIAN_POINT('',(3.205865061534E0,1.203336776771E1,-4.909443286606E1));
#2600=CARTESIAN_POINT('',(3.595872002738E0,2.269279763182E1,-6.930967379885E1));
#2601=CARTESIAN_POINT('',(3.595871987382E0,2.262833550073E1,-6.926591124048E1));
#2602=CARTESIAN_POINT('',(3.595871892521E0,2.105936991682E1,-6.819250656759E1));
#2603=CARTESIAN_POINT('',(3.595872039208E0,1.820947129633E1,-6.582928673726E1));
#2604=CARTESIAN_POINT('',(3.595872018291E0,1.547454305592E1,-6.236250514222E1));
#2605=CARTESIAN_POINT('',(3.595871877632E0,1.372822222527E1,-5.897928025262E1));
#2606=CARTESIAN_POINT('',(3.595871901042E0,1.270414583564E1,-5.596142983325E1));
#2607=CARTESIAN_POINT('',(3.595871910888E0,1.211218478814E1,-5.265007633665E1));
#2608=CARTESIAN_POINT('',(3.595871899078E0,1.202483590008E1,-5.030524038677E1));
#2609=CARTESIAN_POINT('',(3.595871970839E0,1.205789577416E1,-4.909510293802E1));
#2610=(BOUNDED_SURFACE()B_SPLINE_SURFACE(3,3,((#2540,#2541,#2542,#2543,#2544,
#2545,#2546,#2547,#2548,#2549),(#2550,#2551,#2552,#2553,#2554,#2555,#2556,#2557,
#2558,#2559),(#2560,#2561,#2562,#2563,#2564,#2565,#2566,#2567,#2568,#2569),(
#2570,#2571,#2572,#2573,#2574,#2575,#2576,#2577,#2578,#2579),(#2580,#2581,#2582,
#2583,#2584,#2585,#2586,#2587,#2588,#2589),(#2590,#2591,#2592,#2593,#2594,#2595,
#2596,#2597,#2598,#2599),(#2600,#2601,#2602,#2603,#2604,#2605,#2606,#2607,#2608,
#2609)),.UNSPECIFIED.,.F.,.F.,.F.)B_SPLINE_SURFACE_WITH_KNOTS((4,3,4),(4,1,1,1,
1,1,1,4),(0.E0,1.E0,2.E0),(-8.847128356516E-3,0.E0,2.074471116492E-1,
4.321814826025E-1,5.630068690109E-1,7.047343709533E-1,8.464618728957E-1,
9.892396665665E-1),.UNSPECIFIED.)GEOMETRIC_REPRESENTATION_ITEM()RATIONAL_B_SPLINE_SURFACE(((1.187262732494E0,1.187262732494E0,1.187262732494E0,1.187262732494E0,
1.187262732494E0,1.187262732494E0,1.187262732494E0,1.187262732494E0,
1.187262732494E0,1.187262732494E0),(9.375790891686E-1,9.375790891686E-1,
9.375790891686E-1,9.375790891686E-1,9.375790891686E-1,9.375790891686E-1,
9.375790891686E-1,9.375790891686E-1,9.375790891686E-1,9.375790891686E-1),(
9.375790891686E-1,9.375790891686E-1,9.375790891686E-1,9.375790891686E-1,
9.375790891686E-1,9.375790891686E-1,9.375790891686E-1,9.375790891686E-1,
9.375790891686E-1,9.375790891686E-1),(1.187262732494E0,1.187262732494E0,
1.187262732494E0,1.187262732494E0,1.187262732494E0,1.187262732494E0,
1.187262732494E0,1.187262732494E0,1.187262732494E0,1.187262732494E0),(
9.375790891686E-1,9.375790891686E-1,9.375790891686E-1,9.375790891686E-1,
9.375790891686E-1,9.375790891686E-1,9.375790891686E-1,9.375790891686E-1,
9.375790891686E-1,9.375790891686E-1),(9.375790891686E-1,9.375790891686E-1,
9.375790891686E-1,9.375790891686E-1,9.375790891686E-1,9.375790891686E-1,
9.375790891686E-1,9.375790891686E-1,9.375790891686E-1,9.375790891686E-1),(
1.187262732494E0,1.187262732494E0,1.187262732494E0,1.187262732494E0,
1.187262732494E0,1.187262732494E0,1.187262732494E0,1.187262732494E0,
1.187262732494E0,1.187262732494E0)))REPRESENTATION_ITEM('')SURFACE());
#2611=ORIENTED_EDGE('',*,*,#2530,.F.);
#2613=ORIENTED_EDGE('',*,*,#2612,.F.);
#2614=ORIENTED_EDGE('',*,*,#2533,.T.);
#2615=ORIENTED_EDGE('',*,*,#1586,.F.);
#2616=EDGE_LOOP('',(#2611,#2613,#2614,#2615));
#2617=FACE_OUTER_BOUND('',#2616,.F.);
#2619=CARTESIAN_POINT('',(3.556E0,2.286E1,-6.86562E1));
#2620=DIRECTION('',(0.E0,-8.232885852303E-1,5.676230310950E-1));
#2621=DIRECTION('',(0.E0,-5.676230310950E-1,-8.232885852303E-1));
#2622=AXIS2_PLACEMENT_3D('',#2619,#2620,#2621);
#2623=PLANE('',#2622);
#2624=ORIENTED_EDGE('',*,*,#2535,.T.);
#2625=ORIENTED_EDGE('',*,*,#2612,.T.);
#2626=EDGE_LOOP('',(#2624,#2625));
#2627=FACE_OUTER_BOUND('',#2626,.F.);
#2629=CARTESIAN_POINT('',(0.E0,0.E0,-4.88442E1));
#2630=DIRECTION('',(0.E0,0.E0,-1.E0));
#2631=DIRECTION('',(1.E0,0.E0,0.E0));
#2632=AXIS2_PLACEMENT_3D('',#2629,#2630,#2631);
#2633=PLANE('',#2632);
#2635=ORIENTED_EDGE('',*,*,#2634,.T.);
#2637=ORIENTED_EDGE('',*,*,#2636,.F.);
#2638=ORIENTED_EDGE('',*,*,#1520,.T.);
#2640=ORIENTED_EDGE('',*,*,#2639,.F.);
#2641=EDGE_LOOP('',(#2635,#2637,#2638,#2640));
#2642=FACE_OUTER_BOUND('',#2641,.F.);
#2644=CARTESIAN_POINT('',(0.E0,0.E0,-4.88442E1));
#2645=DIRECTION('',(0.E0,0.E0,-1.E0));
#2646=DIRECTION('',(1.E0,0.E0,0.E0));
#2647=AXIS2_PLACEMENT_3D('',#2644,#2645,#2646);
#2648=PLANE('',#2647);
#2650=ORIENTED_EDGE('',*,*,#2649,.T.);
#2652=ORIENTED_EDGE('',*,*,#2651,.F.);
#2653=ORIENTED_EDGE('',*,*,#1536,.T.);
#2655=ORIENTED_EDGE('',*,*,#2654,.F.);
#2656=EDGE_LOOP('',(#2650,#2652,#2653,#2655));
#2657=FACE_OUTER_BOUND('',#2656,.F.);
#2659=CARTESIAN_POINT('',(0.E0,0.E0,-5.128641E1));
#2660=DIRECTION('',(0.E0,0.E0,1.E0));
#2661=DIRECTION('',(-1.E0,0.E0,0.E0));
#2662=AXIS2_PLACEMENT_3D('',#2659,#2660,#2661);
#2663=CYLINDRICAL_SURFACE('',#2662,1.92913E1);
#2664=ORIENTED_EDGE('',*,*,#2634,.F.);
#2666=ORIENTED_EDGE('',*,*,#2665,.T.);
#2668=ORIENTED_EDGE('',*,*,#2667,.F.);
#2670=ORIENTED_EDGE('',*,*,#2669,.T.);
#2672=ORIENTED_EDGE('',*,*,#2671,.T.);
#2674=ORIENTED_EDGE('',*,*,#2673,.F.);
#2676=ORIENTED_EDGE('',*,*,#2675,.F.);
#2678=ORIENTED_EDGE('',*,*,#2677,.F.);
#2679=EDGE_LOOP('',(#2664,#2666,#2668,#2670,#2672,#2674,#2676,#2678));
#2680=FACE_OUTER_BOUND('',#2679,.F.);
#2682=CARTESIAN_POINT('',(-1.92913E1,0.E0,-4.88442E1));
#2683=DIRECTION('',(0.E0,0.E0,-1.E0));
#2684=DIRECTION('',(0.E0,1.E0,0.E0));
#2685=AXIS2_PLACEMENT_3D('',#2682,#2683,#2684);
#2686=CYLINDRICAL_SURFACE('',#2685,5.08E-1);
#2687=ORIENTED_EDGE('',*,*,#2639,.T.);
#2688=ORIENTED_EDGE('',*,*,#1502,.T.);
#2689=ORIENTED_EDGE('',*,*,#2651,.T.);
#2691=ORIENTED_EDGE('',*,*,#2690,.T.);
#2693=ORIENTED_EDGE('',*,*,#2692,.T.);
#2695=ORIENTED_EDGE('',*,*,#2694,.T.);
#2696=ORIENTED_EDGE('',*,*,#2665,.F.);
#2697=EDGE_LOOP('',(#2687,#2688,#2689,#2691,#2693,#2695,#2696));
#2698=FACE_OUTER_BOUND('',#2697,.F.);
#2700=CARTESIAN_POINT('',(0.E0,0.E0,-5.128641E1));
#2701=DIRECTION('',(0.E0,0.E0,1.E0));
#2702=DIRECTION('',(-1.E0,0.E0,0.E0));
#2703=AXIS2_PLACEMENT_3D('',#2700,#2701,#2702);
#2704=CYLINDRICAL_SURFACE('',#2703,1.92913E1);
#2705=ORIENTED_EDGE('',*,*,#2649,.F.);
#2707=ORIENTED_EDGE('',*,*,#2706,.T.);
#2709=ORIENTED_EDGE('',*,*,#2708,.F.);
#2710=ORIENTED_EDGE('',*,*,#2673,.T.);
#2712=ORIENTED_EDGE('',*,*,#2711,.T.);
#2713=ORIENTED_EDGE('',*,*,#2669,.F.);
#2715=ORIENTED_EDGE('',*,*,#2714,.F.);
#2716=ORIENTED_EDGE('',*,*,#2690,.F.);
#2717=EDGE_LOOP('',(#2705,#2707,#2709,#2710,#2712,#2713,#2715,#2716));
#2718=FACE_OUTER_BOUND('',#2717,.F.);
#2720=CARTESIAN_POINT('',(1.92913E1,0.E0,-4.88442E1));
#2721=DIRECTION('',(0.E0,0.E0,-1.E0));
#2722=DIRECTION('',(0.E0,1.E0,0.E0));
#2723=AXIS2_PLACEMENT_3D('',#2720,#2721,#2722);
#2724=CYLINDRICAL_SURFACE('',#2723,5.08E-1);
#2725=ORIENTED_EDGE('',*,*,#2654,.T.);
#2726=ORIENTED_EDGE('',*,*,#1486,.T.);
#2727=ORIENTED_EDGE('',*,*,#2636,.T.);
#2728=ORIENTED_EDGE('',*,*,#2677,.T.);
#2730=ORIENTED_EDGE('',*,*,#2729,.T.);
#2732=ORIENTED_EDGE('',*,*,#2731,.T.);
#2733=ORIENTED_EDGE('',*,*,#2706,.F.);
#2734=EDGE_LOOP('',(#2725,#2726,#2727,#2728,#2730,#2732,#2733));
#2735=FACE_OUTER_BOUND('',#2734,.F.);
#2737=CARTESIAN_POINT('',(1.92913E1,0.E0,-4.63042E1));
#2738=DIRECTION('',(-7.117466388220E-1,-7.024362762028E-1,0.E0));
#2739=DIRECTION('',(7.024362762028E-1,-7.117466388220E-1,0.E0));
#2740=AXIS2_PLACEMENT_3D('',#2737,#2738,#2739);
#2741=SPHERICAL_SURFACE('',#2740,5.08E-1);
#2742=ORIENTED_EDGE('',*,*,#2729,.F.);
#2743=ORIENTED_EDGE('',*,*,#2675,.T.);
#2745=ORIENTED_EDGE('',*,*,#2744,.T.);
#2746=EDGE_LOOP('',(#2742,#2743,#2745));
#2747=FACE_OUTER_BOUND('',#2746,.F.);
#2749=CARTESIAN_POINT('',(1.92913E1,0.E0,-4.63042E1));
#2750=DIRECTION('',(7.117466396776E-1,-7.024362753358E-1,0.E0));
#2751=DIRECTION('',(7.024362753358E-1,7.117466396776E-1,1.991222737582E-14));
#2752=AXIS2_PLACEMENT_3D('',#2749,#2750,#2751);
#2753=SPHERICAL_SURFACE('',#2752,5.08E-1);
#2754=ORIENTED_EDGE('',*,*,#2731,.F.);
#2755=ORIENTED_EDGE('',*,*,#2744,.F.);
#2756=ORIENTED_EDGE('',*,*,#2708,.T.);
#2757=EDGE_LOOP('',(#2754,#2755,#2756));
#2758=FACE_OUTER_BOUND('',#2757,.F.);
#2760=CARTESIAN_POINT('',(0.E0,0.E0,-4.036669048748E1));
#2761=DIRECTION('',(0.E0,0.E0,1.E0));
#2762=DIRECTION('',(9.999996823280E-1,-7.970846118065E-4,0.E0));
#2763=AXIS2_PLACEMENT_3D('',#2760,#2761,#2762);
#2764=TOROIDAL_SURFACE('',#2763,1.54813E1,3.81E0);
#2766=ORIENTED_EDGE('',*,*,#2765,.T.);
#2768=ORIENTED_EDGE('',*,*,#2767,.T.);
#2769=ORIENTED_EDGE('',*,*,#2711,.F.);
#2771=ORIENTED_EDGE('',*,*,#2770,.F.);
#2772=EDGE_LOOP('',(#2766,#2768,#2769,#2771));
#2773=FACE_OUTER_BOUND('',#2772,.F.);
#2775=CARTESIAN_POINT('',(0.E0,0.E0,-3.816670655777E1));
#2776=DIRECTION('',(0.E0,0.E0,-1.E0));
#2777=DIRECTION('',(1.E0,0.E0,0.E0));
#2778=AXIS2_PLACEMENT_3D('',#2775,#2776,#2777);
#2779=CONICAL_SURFACE('',#2778,1.861054773719E1,3.E1);
#2780=ORIENTED_EDGE('',*,*,#2765,.F.);
#2782=ORIENTED_EDGE('',*,*,#2781,.T.);
#2784=ORIENTED_EDGE('',*,*,#2783,.F.);
#2786=ORIENTED_EDGE('',*,*,#2785,.F.);
#2787=EDGE_LOOP('',(#2780,#2782,#2784,#2786));
#2788=FACE_OUTER_BOUND('',#2787,.F.);
#2790=CARTESIAN_POINT('',(0.E0,0.E0,-3.816670655777E1));
#2791=DIRECTION('',(0.E0,0.E0,-1.E0));
#2792=DIRECTION('',(1.E0,0.E0,0.E0));
#2793=AXIS2_PLACEMENT_3D('',#2790,#2791,#2792);
#2794=CONICAL_SURFACE('',#2793,1.861054773719E1,3.E1);
#2796=ORIENTED_EDGE('',*,*,#2795,.F.);
#2797=ORIENTED_EDGE('',*,*,#2785,.T.);
#2799=ORIENTED_EDGE('',*,*,#2798,.F.);
#2800=ORIENTED_EDGE('',*,*,#2781,.F.);
#2801=EDGE_LOOP('',(#2796,#2797,#2799,#2800));
#2802=FACE_OUTER_BOUND('',#2801,.F.);
#2804=CARTESIAN_POINT('',(0.E0,0.E0,-4.036669048748E1));
#2805=DIRECTION('',(0.E0,0.E0,1.E0));
#2806=DIRECTION('',(-9.999996823280E-1,7.970846118064E-4,0.E0));
#2807=AXIS2_PLACEMENT_3D('',#2804,#2805,#2806);
#2808=TOROIDAL_SURFACE('',#2807,1.54813E1,3.81E0);
#2809=ORIENTED_EDGE('',*,*,#2795,.T.);
#2810=ORIENTED_EDGE('',*,*,#2770,.T.);
#2811=ORIENTED_EDGE('',*,*,#2671,.F.);
#2812=ORIENTED_EDGE('',*,*,#2767,.F.);
#2813=EDGE_LOOP('',(#2809,#2810,#2811,#2812));
#2814=FACE_OUTER_BOUND('',#2813,.F.);
#2816=CARTESIAN_POINT('',(0.E0,0.E0,-3.469672262806E1));
#2817=DIRECTION('',(0.E0,0.E0,1.E0));
#2818=DIRECTION('',(9.999996467213E-1,8.405695590495E-4,0.E0));
#2819=AXIS2_PLACEMENT_3D('',#2816,#2817,#2818);
#2820=TOROIDAL_SURFACE('',#2819,2.39395E1,6.35E0);
#2822=ORIENTED_EDGE('',*,*,#2821,.F.);
#2824=ORIENTED_EDGE('',*,*,#2823,.T.);
#2825=ORIENTED_EDGE('',*,*,#2798,.T.);
#2827=ORIENTED_EDGE('',*,*,#2826,.F.);
#2828=EDGE_LOOP('',(#2822,#2824,#2825,#2827));
#2829=FACE_OUTER_BOUND('',#2828,.F.);
#2831=CARTESIAN_POINT('',(0.E0,0.E0,-5.128641E1));
#2832=DIRECTION('',(0.E0,0.E0,1.E0));
#2833=DIRECTION('',(-1.E0,0.E0,0.E0));
#2834=AXIS2_PLACEMENT_3D('',#2831,#2832,#2833);
#2835=CYLINDRICAL_SURFACE('',#2834,1.75895E1);
#2836=ORIENTED_EDGE('',*,*,#2821,.T.);
#2838=ORIENTED_EDGE('',*,*,#2837,.T.);
#2840=ORIENTED_EDGE('',*,*,#2839,.T.);
#2842=ORIENTED_EDGE('',*,*,#2841,.F.);
#2844=ORIENTED_EDGE('',*,*,#2843,.T.);
#2846=ORIENTED_EDGE('',*,*,#2845,.F.);
#2848=ORIENTED_EDGE('',*,*,#2847,.T.);
#2850=ORIENTED_EDGE('',*,*,#2849,.F.);
#2851=EDGE_LOOP('',(#2836,#2838,#2840,#2842,#2844,#2846,#2848,#2850));
#2852=FACE_OUTER_BOUND('',#2851,.F.);
#2854=CARTESIAN_POINT('',(0.E0,0.E0,-5.128641E1));
#2855=DIRECTION('',(0.E0,0.E0,1.E0));
#2856=DIRECTION('',(-1.E0,0.E0,0.E0));
#2857=AXIS2_PLACEMENT_3D('',#2854,#2855,#2856);
#2858=CYLINDRICAL_SURFACE('',#2857,1.75895E1);
#2860=ORIENTED_EDGE('',*,*,#2859,.T.);
#2861=ORIENTED_EDGE('',*,*,#2849,.T.);
#2863=ORIENTED_EDGE('',*,*,#2862,.T.);
#2865=ORIENTED_EDGE('',*,*,#2864,.F.);
#2867=ORIENTED_EDGE('',*,*,#2866,.F.);
#2869=ORIENTED_EDGE('',*,*,#2868,.F.);
#2871=ORIENTED_EDGE('',*,*,#2870,.T.);
#2872=ORIENTED_EDGE('',*,*,#2837,.F.);
#2873=EDGE_LOOP('',(#2860,#2861,#2863,#2865,#2867,#2869,#2871,#2872));
#2874=FACE_OUTER_BOUND('',#2873,.F.);
#2876=CARTESIAN_POINT('',(0.E0,0.E0,-3.469672262806E1));
#2877=DIRECTION('',(0.E0,0.E0,1.E0));
#2878=DIRECTION('',(-9.999996467213E-1,-8.405695590495E-4,0.E0));
#2879=AXIS2_PLACEMENT_3D('',#2876,#2877,#2878);
#2880=TOROIDAL_SURFACE('',#2879,2.39395E1,6.35E0);
#2881=ORIENTED_EDGE('',*,*,#2859,.F.);
#2882=ORIENTED_EDGE('',*,*,#2826,.T.);
#2883=ORIENTED_EDGE('',*,*,#2783,.T.);
#2884=ORIENTED_EDGE('',*,*,#2823,.F.);
#2885=EDGE_LOOP('',(#2881,#2882,#2883,#2884));
#2886=FACE_OUTER_BOUND('',#2885,.F.);
#2888=CARTESIAN_POINT('',(0.E0,0.E0,-8.128E0));
#2889=DIRECTION('',(0.E0,0.E0,1.E0));
#2890=DIRECTION('',(-1.883634009345E-3,9.999982259599E-1,0.E0));
#2891=AXIS2_PLACEMENT_3D('',#2888,#2889,#2890);
#2892=TOROIDAL_SURFACE('',#2891,1.80975E1,5.08E-1);
#2894=ORIENTED_EDGE('',*,*,#2893,.T.);
#2896=ORIENTED_EDGE('',*,*,#2895,.T.);
#2897=ORIENTED_EDGE('',*,*,#2862,.F.);
#2898=ORIENTED_EDGE('',*,*,#2847,.F.);
#2900=ORIENTED_EDGE('',*,*,#2899,.T.);
#2901=EDGE_LOOP('',(#2894,#2896,#2897,#2898,#2900));
#2902=FACE_OUTER_BOUND('',#2901,.F.);
#2904=CARTESIAN_POINT('',(0.E0,0.E0,-7.62E0));
#2905=DIRECTION('',(0.E0,0.E0,1.E0));
#2906=DIRECTION('',(0.E0,1.E0,0.E0));
#2907=AXIS2_PLACEMENT_3D('',#2904,#2905,#2906);
#2908=PLANE('',#2907);
#2909=ORIENTED_EDGE('',*,*,#2893,.F.);
#2911=ORIENTED_EDGE('',*,*,#2910,.T.);
#2913=ORIENTED_EDGE('',*,*,#2912,.T.);
#2915=ORIENTED_EDGE('',*,*,#2914,.T.);
#2916=EDGE_LOOP('',(#2909,#2911,#2913,#2915));
#2917=FACE_OUTER_BOUND('',#2916,.F.);
#2919=ORIENTED_EDGE('',*,*,#2918,.T.);
#2921=ORIENTED_EDGE('',*,*,#2920,.T.);
#2922=EDGE_LOOP('',(#2919,#2921));
#2923=FACE_BOUND('',#2922,.F.);
#2925=CARTESIAN_POINT('',(0.E0,0.E0,-7.62E0));
#2926=DIRECTION('',(0.E0,0.E0,1.E0));
#2927=DIRECTION('',(0.E0,1.E0,0.E0));
#2928=AXIS2_PLACEMENT_3D('',#2925,#2926,#2927);
#2929=PLANE('',#2928);
#2931=ORIENTED_EDGE('',*,*,#2930,.F.);
#2933=ORIENTED_EDGE('',*,*,#2932,.T.);
#2935=ORIENTED_EDGE('',*,*,#2934,.T.);
#2937=ORIENTED_EDGE('',*,*,#2936,.T.);
#2938=EDGE_LOOP('',(#2931,#2933,#2935,#2937));
#2939=FACE_OUTER_BOUND('',#2938,.F.);
#2941=ORIENTED_EDGE('',*,*,#2940,.T.);
#2943=ORIENTED_EDGE('',*,*,#2942,.T.);
#2944=EDGE_LOOP('',(#2941,#2943));
#2945=FACE_BOUND('',#2944,.F.);
#2947=CARTESIAN_POINT('',(2.3114E1,0.E0,0.E0));
#2948=DIRECTION('',(0.E0,0.E0,1.E0));
#2949=DIRECTION('',(0.E0,1.E0,0.E0));
#2950=AXIS2_PLACEMENT_3D('',#2947,#2948,#2949);
#2951=CYLINDRICAL_SURFACE('',#2950,2.286E0);
#2953=ORIENTED_EDGE('',*,*,#2952,.T.);
#2955=ORIENTED_EDGE('',*,*,#2954,.F.);
#2957=ORIENTED_EDGE('',*,*,#2956,.T.);
#2959=ORIENTED_EDGE('',*,*,#2958,.T.);
#2960=EDGE_LOOP('',(#2953,#2955,#2957,#2959));
#2961=FACE_OUTER_BOUND('',#2960,.F.);
#2963=CARTESIAN_POINT('',(2.3114E1,0.E0,0.E0));
#2964=DIRECTION('',(0.E0,0.E0,1.E0));
#2965=DIRECTION('',(0.E0,1.E0,0.E0));
#2966=AXIS2_PLACEMENT_3D('',#2963,#2964,#2965);
#2967=CYLINDRICAL_SURFACE('',#2966,2.286E0);
#2969=ORIENTED_EDGE('',*,*,#2968,.F.);
#2971=ORIENTED_EDGE('',*,*,#2970,.T.);
#2972=ORIENTED_EDGE('',*,*,#2918,.F.);
#2974=ORIENTED_EDGE('',*,*,#2973,.F.);
#2975=EDGE_LOOP('',(#2969,#2971,#2972,#2974));
#2976=FACE_OUTER_BOUND('',#2975,.F.);
#2978=CARTESIAN_POINT('',(0.E0,0.E0,-9.99998E-1));
#2979=DIRECTION('',(0.E0,0.E0,1.E0));
#2980=DIRECTION('',(1.E0,0.E0,0.E0));
#2981=AXIS2_PLACEMENT_3D('',#2978,#2979,#2980);
#2982=PLANE('',#2981);
#2983=ORIENTED_EDGE('',*,*,#2952,.F.);
#2985=ORIENTED_EDGE('',*,*,#2984,.F.);
#2986=EDGE_LOOP('',(#2983,#2985));
#2987=FACE_OUTER_BOUND('',#2986,.F.);
#2989=CARTESIAN_POINT('',(0.E0,0.E0,-9.99998E-1));
#2990=DIRECTION('',(0.E0,0.E0,1.E0));
#2991=DIRECTION('',(1.E0,0.E0,0.E0));
#2992=AXIS2_PLACEMENT_3D('',#2989,#2990,#2991);
#2993=PLANE('',#2992);
#2995=ORIENTED_EDGE('',*,*,#2994,.F.);
#2997=ORIENTED_EDGE('',*,*,#2996,.F.);
#2998=EDGE_LOOP('',(#2995,#2997));
#2999=FACE_OUTER_BOUND('',#2998,.F.);
#3001=CARTESIAN_POINT('',(2.3114E1,0.E0,0.E0));
#3002=DIRECTION('',(0.E0,0.E0,1.E0));
#3003=DIRECTION('',(0.E0,1.E0,0.E0));
#3004=AXIS2_PLACEMENT_3D('',#3001,#3002,#3003);
#3005=CYLINDRICAL_SURFACE('',#3004,2.286E0);
#3006=ORIENTED_EDGE('',*,*,#2984,.T.);
#3007=ORIENTED_EDGE('',*,*,#2958,.F.);
#3009=ORIENTED_EDGE('',*,*,#3008,.T.);
#3010=ORIENTED_EDGE('',*,*,#2954,.T.);
#3011=EDGE_LOOP('',(#3006,#3007,#3009,#3010));
#3012=FACE_OUTER_BOUND('',#3011,.F.);
#3014=CARTESIAN_POINT('',(2.3114E1,0.E0,0.E0));
#3015=DIRECTION('',(0.E0,0.E0,1.E0));
#3016=DIRECTION('',(0.E0,1.E0,0.E0));
#3017=AXIS2_PLACEMENT_3D('',#3014,#3015,#3016);
#3018=CYLINDRICAL_SURFACE('',#3017,2.286E0);
#3020=ORIENTED_EDGE('',*,*,#3019,.F.);
#3021=ORIENTED_EDGE('',*,*,#2973,.T.);
#3022=ORIENTED_EDGE('',*,*,#2920,.F.);
#3023=ORIENTED_EDGE('',*,*,#2970,.F.);
#3024=EDGE_LOOP('',(#3020,#3021,#3022,#3023));
#3025=FACE_OUTER_BOUND('',#3024,.F.);
#3027=CARTESIAN_POINT('',(0.E0,0.E0,0.E0));
#3028=DIRECTION('',(0.E0,0.E0,1.E0));
#3029=DIRECTION('',(-1.E0,0.E0,0.E0));
#3030=AXIS2_PLACEMENT_3D('',#3027,#3028,#3029);
#3031=PLANE('',#3030);
#3032=ORIENTED_EDGE('',*,*,#2866,.T.);
#3034=ORIENTED_EDGE('',*,*,#3033,.F.);
#3036=ORIENTED_EDGE('',*,*,#3035,.F.);
#3038=ORIENTED_EDGE('',*,*,#3037,.F.);
#3039=ORIENTED_EDGE('',*,*,#2843,.F.);
#3041=ORIENTED_EDGE('',*,*,#3040,.F.);
#3043=ORIENTED_EDGE('',*,*,#3042,.F.);
#3045=ORIENTED_EDGE('',*,*,#3044,.F.);
#3046=EDGE_LOOP('',(#3032,#3034,#3036,#3038,#3039,#3041,#3043,#3045));
#3047=FACE_OUTER_BOUND('',#3046,.F.);
#3049=ORIENTED_EDGE('',*,*,#3048,.F.);
#3051=ORIENTED_EDGE('',*,*,#3050,.F.);
#3052=EDGE_LOOP('',(#3049,#3051));
#3053=FACE_BOUND('',#3052,.F.);
#3054=ORIENTED_EDGE('',*,*,#2956,.F.);
#3055=ORIENTED_EDGE('',*,*,#3008,.F.);
#3056=EDGE_LOOP('',(#3054,#3055));
#3057=FACE_BOUND('',#3056,.F.);
#3059=CARTESIAN_POINT('',(-2.3114E1,0.E0,0.E0));
#3060=DIRECTION('',(0.E0,0.E0,1.E0));
#3061=DIRECTION('',(0.E0,1.E0,0.E0));
#3062=AXIS2_PLACEMENT_3D('',#3059,#3060,#3061);
#3063=CYLINDRICAL_SURFACE('',#3062,2.286E0);
#3064=ORIENTED_EDGE('',*,*,#2994,.T.);
#3066=ORIENTED_EDGE('',*,*,#3065,.F.);
#3067=ORIENTED_EDGE('',*,*,#3048,.T.);
#3069=ORIENTED_EDGE('',*,*,#3068,.T.);
#3070=EDGE_LOOP('',(#3064,#3066,#3067,#3069));
#3071=FACE_OUTER_BOUND('',#3070,.F.);
#3073=CARTESIAN_POINT('',(-2.3114E1,0.E0,0.E0));
#3074=DIRECTION('',(0.E0,0.E0,1.E0));
#3075=DIRECTION('',(0.E0,1.E0,0.E0));
#3076=AXIS2_PLACEMENT_3D('',#3073,#3074,#3075);
#3077=CYLINDRICAL_SURFACE('',#3076,2.286E0);
#3079=ORIENTED_EDGE('',*,*,#3078,.F.);
#3081=ORIENTED_EDGE('',*,*,#3080,.T.);
#3082=ORIENTED_EDGE('',*,*,#2940,.F.);
#3084=ORIENTED_EDGE('',*,*,#3083,.F.);
#3085=EDGE_LOOP('',(#3079,#3081,#3082,#3084));
#3086=FACE_OUTER_BOUND('',#3085,.F.);
#3088=CARTESIAN_POINT('',(-2.3114E1,0.E0,0.E0));
#3089=DIRECTION('',(0.E0,0.E0,1.E0));
#3090=DIRECTION('',(0.E0,1.E0,0.E0));
#3091=AXIS2_PLACEMENT_3D('',#3088,#3089,#3090);
#3092=CYLINDRICAL_SURFACE('',#3091,2.286E0);
#3093=ORIENTED_EDGE('',*,*,#2996,.T.);
#3094=ORIENTED_EDGE('',*,*,#3068,.F.);
#3095=ORIENTED_EDGE('',*,*,#3050,.T.);
#3096=ORIENTED_EDGE('',*,*,#3065,.T.);
#3097=EDGE_LOOP('',(#3093,#3094,#3095,#3096));
#3098=FACE_OUTER_BOUND('',#3097,.F.);
#3100=CARTESIAN_POINT('',(-2.3114E1,0.E0,0.E0));
#3101=DIRECTION('',(0.E0,0.E0,1.E0));
#3102=DIRECTION('',(0.E0,1.E0,0.E0));
#3103=AXIS2_PLACEMENT_3D('',#3100,#3101,#3102);
#3104=CYLINDRICAL_SURFACE('',#3103,2.286E0);
#3106=ORIENTED_EDGE('',*,*,#3105,.F.);
#3107=ORIENTED_EDGE('',*,*,#3083,.T.);
#3108=ORIENTED_EDGE('',*,*,#2942,.F.);
#3109=ORIENTED_EDGE('',*,*,#3080,.F.);
#3110=EDGE_LOOP('',(#3106,#3107,#3108,#3109));
#3111=FACE_OUTER_BOUND('',#3110,.F.);
#3113=CARTESIAN_POINT('',(0.E0,0.E0,-6.620002E0));
#3114=DIRECTION('',(0.E0,0.E0,-1.E0));
#3115=DIRECTION('',(0.E0,-1.E0,0.E0));
#3116=AXIS2_PLACEMENT_3D('',#3113,#3114,#3115);
#3117=PLANE('',#3116);
#3118=ORIENTED_EDGE('',*,*,#2968,.T.);
#3119=ORIENTED_EDGE('',*,*,#3019,.T.);
#3120=EDGE_LOOP('',(#3118,#3119));
#3121=FACE_OUTER_BOUND('',#3120,.F.);
#3123=CARTESIAN_POINT('',(0.E0,0.E0,-6.620002E0));
#3124=DIRECTION('',(0.E0,0.E0,-1.E0));
#3125=DIRECTION('',(0.E0,-1.E0,0.E0));
#3126=AXIS2_PLACEMENT_3D('',#3123,#3124,#3125);
#3127=PLANE('',#3126);
#3128=ORIENTED_EDGE('',*,*,#3078,.T.);
#3129=ORIENTED_EDGE('',*,*,#3105,.T.);
#3130=EDGE_LOOP('',(#3128,#3129));
#3131=FACE_OUTER_BOUND('',#3130,.F.);
#3133=CARTESIAN_POINT('',(2.538534615385E1,3.058935541885E0,0.E0));
#3134=DIRECTION('',(5.961538461538E-1,8.028702209672E-1,0.E0));
#3135=DIRECTION('',(-8.028702209672E-1,5.961538461538E-1,0.E0));
#3136=AXIS2_PLACEMENT_3D('',#3133,#3134,#3135);
#3137=PLANE('',#3136);
#3138=ORIENTED_EDGE('',*,*,#2864,.T.);
#3139=ORIENTED_EDGE('',*,*,#2895,.F.);
#3140=ORIENTED_EDGE('',*,*,#2914,.F.);
#3142=ORIENTED_EDGE('',*,*,#3141,.F.);
#3143=ORIENTED_EDGE('',*,*,#3033,.T.);
#3144=EDGE_LOOP('',(#3138,#3139,#3140,#3142,#3143));
#3145=FACE_OUTER_BOUND('',#3144,.F.);
#3147=CARTESIAN_POINT('',(2.3114E1,0.E0,0.E0));
#3148=DIRECTION('',(0.E0,0.E0,1.E0));
#3149=DIRECTION('',(0.E0,1.E0,0.E0));
#3150=AXIS2_PLACEMENT_3D('',#3147,#3148,#3149);
#3151=CYLINDRICAL_SURFACE('',#3150,3.81E0);
#3152=ORIENTED_EDGE('',*,*,#3035,.T.);
#3153=ORIENTED_EDGE('',*,*,#3141,.T.);
#3154=ORIENTED_EDGE('',*,*,#2912,.F.);
#3156=ORIENTED_EDGE('',*,*,#3155,.F.);
#3157=EDGE_LOOP('',(#3152,#3153,#3154,#3156));
#3158=FACE_OUTER_BOUND('',#3157,.F.);
#3160=CARTESIAN_POINT('',(1.048604807692E1,-1.412208575170E1,0.E0));
#3161=DIRECTION('',(5.961538461538E-1,-8.028702209672E-1,0.E0));
#3162=DIRECTION('',(8.028702209672E-1,5.961538461538E-1,0.E0));
#3163=AXIS2_PLACEMENT_3D('',#3160,#3161,#3162);
#3164=PLANE('',#3163);
#3165=ORIENTED_EDGE('',*,*,#2910,.F.);
#3166=ORIENTED_EDGE('',*,*,#2899,.F.);
#3167=ORIENTED_EDGE('',*,*,#2845,.T.);
#3168=ORIENTED_EDGE('',*,*,#3037,.T.);
#3169=ORIENTED_EDGE('',*,*,#3155,.T.);
#3170=EDGE_LOOP('',(#3165,#3166,#3167,#3168,#3169));
#3171=FACE_OUTER_BOUND('',#3170,.F.);
#3173=CARTESIAN_POINT('',(-2.538534615385E1,-3.058935541885E0,0.E0));
#3174=DIRECTION('',(-5.961538461538E-1,-8.028702209672E-1,0.E0));
#3175=DIRECTION('',(8.028702209672E-1,-5.961538461538E-1,0.E0));
#3176=AXIS2_PLACEMENT_3D('',#3173,#3174,#3175);
#3177=PLANE('',#3176);
#3178=ORIENTED_EDGE('',*,*,#2841,.T.);
#3180=ORIENTED_EDGE('',*,*,#3179,.F.);
#3181=ORIENTED_EDGE('',*,*,#2936,.F.);
#3183=ORIENTED_EDGE('',*,*,#3182,.F.);
#3184=ORIENTED_EDGE('',*,*,#3040,.T.);
#3185=EDGE_LOOP('',(#3178,#3180,#3181,#3183,#3184));
#3186=FACE_OUTER_BOUND('',#3185,.F.);
#3188=CARTESIAN_POINT('',(0.E0,0.E0,-8.128E0));
#3189=DIRECTION('',(0.E0,0.E0,1.E0));
#3190=DIRECTION('',(1.883634009345E-3,-9.999982259599E-1,0.E0));
#3191=AXIS2_PLACEMENT_3D('',#3188,#3189,#3190);
#3192=TOROIDAL_SURFACE('',#3191,1.80975E1,5.08E-1);
#3193=ORIENTED_EDGE('',*,*,#2930,.T.);
#3194=ORIENTED_EDGE('',*,*,#3179,.T.);
#3195=ORIENTED_EDGE('',*,*,#2839,.F.);
#3196=ORIENTED_EDGE('',*,*,#2870,.F.);
#3198=ORIENTED_EDGE('',*,*,#3197,.T.);
#3199=EDGE_LOOP('',(#3193,#3194,#3195,#3196,#3198));
#3200=FACE_OUTER_BOUND('',#3199,.F.);
#3202=CARTESIAN_POINT('',(-1.048604807692E1,1.412208575170E1,0.E0));
#3203=DIRECTION('',(-5.961538461538E-1,8.028702209672E-1,0.E0));
#3204=DIRECTION('',(-8.028702209672E-1,-5.961538461538E-1,0.E0));
#3205=AXIS2_PLACEMENT_3D('',#3202,#3203,#3204);
#3206=PLANE('',#3205);
#3207=ORIENTED_EDGE('',*,*,#2932,.F.);
#3208=ORIENTED_EDGE('',*,*,#3197,.F.);
#3209=ORIENTED_EDGE('',*,*,#2868,.T.);
#3210=ORIENTED_EDGE('',*,*,#3044,.T.);
#3212=ORIENTED_EDGE('',*,*,#3211,.T.);
#3213=EDGE_LOOP('',(#3207,#3208,#3209,#3210,#3212));
#3214=FACE_OUTER_BOUND('',#3213,.F.);
#3216=CARTESIAN_POINT('',(-2.3114E1,0.E0,0.E0));
#3217=DIRECTION('',(0.E0,0.E0,1.E0));
#3218=DIRECTION('',(0.E0,1.E0,0.E0));
#3219=AXIS2_PLACEMENT_3D('',#3216,#3217,#3218);
#3220=CYLINDRICAL_SURFACE('',#3219,3.81E0);
#3221=ORIENTED_EDGE('',*,*,#3042,.T.);
#3222=ORIENTED_EDGE('',*,*,#3182,.T.);
#3223=ORIENTED_EDGE('',*,*,#2934,.F.);
#3224=ORIENTED_EDGE('',*,*,#3211,.F.);
#3225=EDGE_LOOP('',(#3221,#3222,#3223,#3224));
#3226=FACE_OUTER_BOUND('',#3225,.F.);
#3228=CARTESIAN_POINT('',(-1.929104600011E1,2.370666322481E-7,-4.6303946E1));
#3229=DIRECTION('',(7.115708597827E-1,7.026143405227E-1,0.E0));
#3230=DIRECTION('',(-7.026143405227E-1,7.115708597827E-1,0.E0));
#3231=AXIS2_PLACEMENT_3D('',#3228,#3229,#3230);
#3232=SPHERICAL_SURFACE('',#3231,5.07746E-1);
#3233=ORIENTED_EDGE('',*,*,#2692,.F.);
#3234=ORIENTED_EDGE('',*,*,#2714,.T.);
#3236=ORIENTED_EDGE('',*,*,#3235,.T.);
#3237=EDGE_LOOP('',(#3233,#3234,#3236));
#3238=FACE_OUTER_BOUND('',#3237,.F.);
#3240=CARTESIAN_POINT('',(-1.929128574130E1,2.535994664880E-4,-4.6303946E1));
#3241=DIRECTION('',(-7.119099600998E-1,7.022707517124E-1,0.E0));
#3242=DIRECTION('',(-7.022707517124E-1,-7.119099600998E-1,-1.991154932100E-14));
#3243=AXIS2_PLACEMENT_3D('',#3240,#3241,#3242);
#3244=SPHERICAL_SURFACE('',#3243,5.07746E-1);
#3245=ORIENTED_EDGE('',*,*,#2694,.F.);
#3246=ORIENTED_EDGE('',*,*,#3235,.F.);
#3247=ORIENTED_EDGE('',*,*,#2667,.T.);
#3248=EDGE_LOOP('',(#3245,#3246,#3247));
#3249=FACE_OUTER_BOUND('',#3248,.F.);
#3251=CLOSED_SHELL('',(#1492,#1506,#1524,#1540,#1590,#1605,#1620,#1631,#1644,
#1656,#1819,#1833,#1995,#2008,#2023,#2061,#2075,#2112,#2124,#2139,#2152,#2168,
#2186,#2201,#2212,#2224,#2236,#2250,#2262,#2276,#2288,#2369,#2448,#2458,#2539,
#2618,#2628,#2643,#2658,#2681,#2699,#2719,#2736,#2748,#2759,#2774,#2789,#2803,
#2815,#2830,#2853,#2875,#2887,#2903,#2924,#2946,#2962,#2977,#2988,#3000,#3013,
#3026,#3058,#3072,#3087,#3099,#3112,#3122,#3132,#3146,#3159,#3172,#3187,#3201,
#3215,#3227,#3239,#3250));
#3252=MANIFOLD_SOLID_BREP('',#3251);
#3255=PLANE_ANGLE_MEASURE_WITH_UNIT(PLANE_ANGLE_MEASURE(1.745329251994E-2),
#3254);
#3256=(CONVERSION_BASED_UNIT('DEGREE',#3255)NAMED_UNIT(*)PLANE_ANGLE_UNIT());
#3258=UNCERTAINTY_MEASURE_WITH_UNIT(LENGTH_MEASURE(1.E-3),#3253,
'distance_accuracy_value',
'Maximum model space distance between geometric entities at asserted connectivities');
#3261=APPLICATION_CONTEXT('automotive_design');
#3262=APPLICATION_PROTOCOL_DEFINITION('international standard',
'automotive_design',2001,#3261);
#3263=PRODUCT_DEFINITION_CONTEXT('part definition',#3261,'design');
#3264=PRODUCT_CONTEXT('',#3261,'mechanical');
#3265=PRODUCT('C-3-1618389-7','C-3-1618389-7','NOT SPECIFIED',(#3264));
#3266=PRODUCT_DEFINITION_FORMATION('1','LAST_VERSION',#3265);
#3274=DERIVED_UNIT_ELEMENT(#3273,2.E0);
#3275=DERIVED_UNIT((#3274));
#3276=MEASURE_REPRESENTATION_ITEM('surface area measure',AREA_MEASURE(
9.315482533211E3),#3275);
#3281=DERIVED_UNIT_ELEMENT(#3280,3.E0);
#3282=DERIVED_UNIT((#3281));
#3283=MEASURE_REPRESENTATION_ITEM('volume measure',VOLUME_MEASURE(
5.291442834577E4),#3282);
#3287=CARTESIAN_POINT('centre point',(-1.697961502218E-4,-2.394123248764E-2,
-2.522994001530E1));
#3292=DERIVED_UNIT_ELEMENT(#3291,2.E0);
#3293=DERIVED_UNIT((#3292));
#3294=MEASURE_REPRESENTATION_ITEM('surface area measure',AREA_MEASURE(
9.315482533211E3),#3293);
#3299=DERIVED_UNIT_ELEMENT(#3298,3.E0);
#3300=DERIVED_UNIT((#3299));
#3301=MEASURE_REPRESENTATION_ITEM('volume measure',VOLUME_MEASURE(
5.291442834577E4),#3300);
#3305=CARTESIAN_POINT('centre point',(-1.697961502218E-4,-2.394123248764E-2,
-2.522994001530E1));
#3310=PRODUCT_RELATED_PRODUCT_CATEGORY('part','',(#3265));
#1=COLOUR_RGB('',8.784E-1,9.49E-1,1.E0);
#6=CIRCLE('',#5,1.97485E1);
#11=CIRCLE('',#10,5.08E-1);
#16=CIRCLE('',#15,1.97485E1);
#21=CIRCLE('',#20,1.97485E1);
#26=CIRCLE('',#25,1.97485E1);
#31=CIRCLE('',#30,5.08E-1);
#44=CIRCLE('',#43,1.97485E1);
#49=CIRCLE('',#48,1.97485E1);
#54=CIRCLE('',#53,2.7178E0);
#59=CIRCLE('',#58,2.7178E0);
#96=B_SPLINE_CURVE_WITH_KNOTS('',3,(#60,#61,#62,#63,#64,#65,#66,#67,#68,#69,#70,
#71,#72,#73,#74,#75,#76,#77,#78,#79,#80,#81,#82,#83,#84,#85,#86,#87,#88,#89,#90,
#91,#92,#93,#94,#95),.UNSPECIFIED.,.F.,.F.,(4,1,1,1,1,1,1,1,1,1,1,1,1,1,1,1,1,1,
1,1,1,1,1,1,1,1,1,1,1,1,1,1,1,4),(0.E0,3.030303030303E-2,6.060606060606E-2,
9.090909090909E-2,1.212121212121E-1,1.515151515152E-1,1.818181818182E-1,
2.121212121212E-1,2.424242424242E-1,2.727272727273E-1,3.030303030303E-1,
3.333333333333E-1,3.636363636364E-1,3.939393939394E-1,4.242424242424E-1,
4.545454545455E-1,4.848484848485E-1,5.151515151515E-1,5.454545454545E-1,
5.757575757576E-1,6.060606060606E-1,6.363636363636E-1,6.666666666667E-1,
6.969696969697E-1,7.272727272727E-1,7.575757575758E-1,7.878787878788E-1,
8.181818181818E-1,8.484848484848E-1,8.787878787879E-1,9.090909090909E-1,
9.393939393939E-1,9.696969696970E-1,1.E0),.UNSPECIFIED.);
#137=B_SPLINE_CURVE_WITH_KNOTS('',3,(#101,#102,#103,#104,#105,#106,#107,#108,
#109,#110,#111,#112,#113,#114,#115,#116,#117,#118,#119,#120,#121,#122,#123,#124,
#125,#126,#127,#128,#129,#130,#131,#132,#133,#134,#135,#136),.UNSPECIFIED.,.F.,
.F.,(4,1,1,1,1,1,1,1,1,1,1,1,1,1,1,1,1,1,1,1,1,1,1,1,1,1,1,1,1,1,1,1,1,4),(0.E0,
3.030303030303E-2,6.060606060606E-2,9.090909090909E-2,1.212121212121E-1,
1.515151515152E-1,1.818181818182E-1,2.121212121212E-1,2.424242424242E-1,
2.727272727273E-1,3.030303030303E-1,3.333333333333E-1,3.636363636364E-1,
3.939393939394E-1,4.242424242424E-1,4.545454545455E-1,4.848484848485E-1,
5.151515151515E-1,5.454545454545E-1,5.757575757576E-1,6.060606060606E-1,
6.363636363636E-1,6.666666666667E-1,6.969696969697E-1,7.272727272727E-1,
7.575757575758E-1,7.878787878788E-1,8.181818181818E-1,8.484848484848E-1,
8.787878787879E-1,9.090909090909E-1,9.393939393939E-1,9.696969696970E-1,1.E0),
.UNSPECIFIED.);
#146=CIRCLE('',#145,4.7625E0);
#151=CIRCLE('',#150,4.7625E0);
#156=CIRCLE('',#155,4.7625E0);
#161=CIRCLE('',#160,4.7625E0);
#192=B_SPLINE_CURVE_WITH_KNOTS('',3,(#162,#163,#164,#165,#166,#167,#168,#169,
#170,#171,#172,#173,#174,#175,#176,#177,#178,#179,#180,#181,#182,#183,#184,#185,
#186,#187,#188,#189,#190,#191),.UNSPECIFIED.,.F.,.F.,(4,1,1,1,1,1,1,1,1,1,1,1,1,
1,1,1,1,1,1,1,1,1,1,1,1,1,1,4),(0.E0,3.703703703704E-2,7.407407407407E-2,
1.111111111111E-1,1.481481481481E-1,1.851851851852E-1,2.222222222222E-1,
2.592592592593E-1,2.962962962963E-1,3.333333333333E-1,3.703703703704E-1,
4.074074074074E-1,4.444444444444E-1,4.814814814815E-1,5.185185185185E-1,
5.555555555556E-1,5.925925925926E-1,6.296296296296E-1,6.666666666667E-1,
7.037037037037E-1,7.407407407407E-1,7.777777777778E-1,8.148148148148E-1,
8.518518518519E-1,8.888888888889E-1,9.259259259259E-1,9.629629629630E-1,1.E0),
.UNSPECIFIED.);
#223=B_SPLINE_CURVE_WITH_KNOTS('',3,(#193,#194,#195,#196,#197,#198,#199,#200,
#201,#202,#203,#204,#205,#206,#207,#208,#209,#210,#211,#212,#213,#214,#215,#216,
#217,#218,#219,#220,#221,#222),.UNSPECIFIED.,.F.,.F.,(4,1,1,1,1,1,1,1,1,1,1,1,1,
1,1,1,1,1,1,1,1,1,1,1,1,1,1,4),(0.E0,3.703703703704E-2,7.407407407407E-2,
1.111111111111E-1,1.481481481481E-1,1.851851851852E-1,2.222222222222E-1,
2.592592592593E-1,2.962962962963E-1,3.333333333333E-1,3.703703703704E-1,
4.074074074074E-1,4.444444444444E-1,4.814814814815E-1,5.185185185185E-1,
5.555555555556E-1,5.925925925926E-1,6.296296296296E-1,6.666666666667E-1,
7.037037037037E-1,7.407407407407E-1,7.777777777778E-1,8.148148148148E-1,
8.518518518519E-1,8.888888888889E-1,9.259259259259E-1,9.629629629630E-1,1.E0),
.UNSPECIFIED.);
#254=B_SPLINE_CURVE_WITH_KNOTS('',3,(#224,#225,#226,#227,#228,#229,#230,#231,
#232,#233,#234,#235,#236,#237,#238,#239,#240,#241,#242,#243,#244,#245,#246,#247,
#248,#249,#250,#251,#252,#253),.UNSPECIFIED.,.F.,.F.,(4,1,1,1,1,1,1,1,1,1,1,1,1,
1,1,1,1,1,1,1,1,1,1,1,1,1,1,4),(0.E0,3.703703703704E-2,7.407407407407E-2,
1.111111111111E-1,1.481481481481E-1,1.851851851852E-1,2.222222222222E-1,
2.592592592593E-1,2.962962962963E-1,3.333333333333E-1,3.703703703704E-1,
4.074074074074E-1,4.444444444444E-1,4.814814814815E-1,5.185185185185E-1,
5.555555555556E-1,5.925925925926E-1,6.296296296296E-1,6.666666666667E-1,
7.037037037037E-1,7.407407407407E-1,7.777777777778E-1,8.148148148148E-1,
8.518518518519E-1,8.888888888889E-1,9.259259259259E-1,9.629629629630E-1,1.E0),
.UNSPECIFIED.);
#285=B_SPLINE_CURVE_WITH_KNOTS('',3,(#255,#256,#257,#258,#259,#260,#261,#262,
#263,#264,#265,#266,#267,#268,#269,#270,#271,#272,#273,#274,#275,#276,#277,#278,
#279,#280,#281,#282,#283,#284),.UNSPECIFIED.,.F.,.F.,(4,1,1,1,1,1,1,1,1,1,1,1,1,
1,1,1,1,1,1,1,1,1,1,1,1,1,1,4),(0.E0,3.703703703704E-2,7.407407407407E-2,
1.111111111111E-1,1.481481481481E-1,1.851851851852E-1,2.222222222222E-1,
2.592592592593E-1,2.962962962963E-1,3.333333333333E-1,3.703703703704E-1,
4.074074074074E-1,4.444444444444E-1,4.814814814815E-1,5.185185185185E-1,
5.555555555556E-1,5.925925925926E-1,6.296296296296E-1,6.666666666667E-1,
7.037037037037E-1,7.407407407407E-1,7.777777777778E-1,8.148148148148E-1,
8.518518518519E-1,8.888888888889E-1,9.259259259259E-1,9.629629629630E-1,1.E0),
.UNSPECIFIED.);
#290=CIRCLE('',#289,2.583634869312E0);
#299=CIRCLE('',#298,8.89E-1);
#304=CIRCLE('',#303,1.694770268318E0);
#309=CIRCLE('',#308,1.694770268318E0);
#314=CIRCLE('',#313,8.89E-1);
#319=CIRCLE('',#318,2.583634869312E0);
#328=CIRCLE('',#327,5.08E-1);
#333=CIRCLE('',#332,5.08E-1);
#338=CIRCLE('',#337,5.08E-1);
#343=CIRCLE('',#342,5.08E-1);
#352=B_SPLINE_CURVE_WITH_KNOTS('',3,(#348,#349,#350,#351),.UNSPECIFIED.,.F.,.F.,
(4,4),(0.E0,1.E0),.UNSPECIFIED.);
#357=B_SPLINE_CURVE_WITH_KNOTS('',3,(#353,#354,#355,#356),.UNSPECIFIED.,.F.,.F.,
(4,4),(0.E0,1.E0),.UNSPECIFIED.);
#394=B_SPLINE_CURVE_WITH_KNOTS('',3,(#358,#359,#360,#361,#362,#363,#364,#365,
#366,#367,#368,#369,#370,#371,#372,#373,#374,#375,#376,#377,#378,#379,#380,#381,
#382,#383,#384,#385,#386,#387,#388,#389,#390,#391,#392,#393),.UNSPECIFIED.,.F.,
.F.,(4,1,1,1,1,1,1,1,1,1,1,1,1,1,1,1,1,1,1,1,1,1,1,1,1,1,1,1,1,1,1,1,1,4),(0.E0,
3.030303030303E-2,6.060606060606E-2,9.090909090909E-2,1.212121212121E-1,
1.515151515152E-1,1.818181818182E-1,2.121212121212E-1,2.424242424242E-1,
2.727272727273E-1,3.030303030303E-1,3.333333333333E-1,3.636363636364E-1,
3.939393939394E-1,4.242424242424E-1,4.545454545455E-1,4.848484848485E-1,
5.151515151515E-1,5.454545454545E-1,5.757575757576E-1,6.060606060606E-1,
6.363636363636E-1,6.666666666667E-1,6.969696969697E-1,7.272727272727E-1,
7.575757575758E-1,7.878787878788E-1,8.181818181818E-1,8.484848484848E-1,
8.787878787879E-1,9.090909090909E-1,9.393939393939E-1,9.696969696970E-1,1.E0),
.UNSPECIFIED.);
#403=B_SPLINE_CURVE_WITH_KNOTS('',3,(#399,#400,#401,#402),.UNSPECIFIED.,.F.,.F.,
(4,4),(0.E0,1.E0),.UNSPECIFIED.);
#408=B_SPLINE_CURVE_WITH_KNOTS('',3,(#404,#405,#406,#407),.UNSPECIFIED.,.F.,.F.,
(4,4),(0.E0,1.E0),.UNSPECIFIED.);
#445=B_SPLINE_CURVE_WITH_KNOTS('',3,(#409,#410,#411,#412,#413,#414,#415,#416,
#417,#418,#419,#420,#421,#422,#423,#424,#425,#426,#427,#428,#429,#430,#431,#432,
#433,#434,#435,#436,#437,#438,#439,#440,#441,#442,#443,#444),.UNSPECIFIED.,.F.,
.F.,(4,1,1,1,1,1,1,1,1,1,1,1,1,1,1,1,1,1,1,1,1,1,1,1,1,1,1,1,1,1,1,1,1,4),(0.E0,
3.030303030303E-2,6.060606060606E-2,9.090909090909E-2,1.212121212121E-1,
1.515151515152E-1,1.818181818182E-1,2.121212121212E-1,2.424242424242E-1,
2.727272727273E-1,3.030303030303E-1,3.333333333333E-1,3.636363636364E-1,
3.939393939394E-1,4.242424242424E-1,4.545454545455E-1,4.848484848485E-1,
5.151515151515E-1,5.454545454545E-1,5.757575757576E-1,6.060606060606E-1,
6.363636363636E-1,6.666666666667E-1,6.969696969697E-1,7.272727272727E-1,
7.575757575758E-1,7.878787878788E-1,8.181818181818E-1,8.484848484848E-1,
8.787878787879E-1,9.090909090909E-1,9.393939393939E-1,9.696969696970E-1,1.E0),
.UNSPECIFIED.);
#475=B_SPLINE_CURVE_WITH_KNOTS('',3,(#446,#447,#448,#449,#450,#451,#452,#453,
#454,#455,#456,#457,#458,#459,#460,#461,#462,#463,#464,#465,#466,#467,#468,#469,
#470,#471,#472,#473,#474),.UNSPECIFIED.,.F.,.F.,(4,1,1,1,1,1,1,1,1,1,1,1,1,1,1,
1,1,1,1,1,1,1,1,1,1,1,4),(0.E0,3.846153846154E-2,7.692307692308E-2,
1.153846153846E-1,1.538461538462E-1,1.923076923077E-1,2.307692307692E-1,
2.692307692308E-1,3.076923076923E-1,3.461538461538E-1,3.846153846154E-1,
4.230769230769E-1,4.615384615385E-1,5.E-1,5.384615384615E-1,5.769230769231E-1,
6.153846153846E-1,6.538461538462E-1,6.923076923077E-1,7.307692307692E-1,
7.692307692308E-1,8.076923076923E-1,8.461538461538E-1,8.846153846154E-1,
9.230769230769E-1,9.615384615385E-1,1.E0),.UNSPECIFIED.);
#509=B_SPLINE_CURVE_WITH_KNOTS('',3,(#480,#481,#482,#483,#484,#485,#486,#487,
#488,#489,#490,#491,#492,#493,#494,#495,#496,#497,#498,#499,#500,#501,#502,#503,
#504,#505,#506,#507,#508),.UNSPECIFIED.,.F.,.F.,(4,1,1,1,1,1,1,1,1,1,1,1,1,1,1,
1,1,1,1,1,1,1,1,1,1,1,4),(0.E0,3.846153846154E-2,7.692307692308E-2,
1.153846153846E-1,1.538461538462E-1,1.923076923077E-1,2.307692307692E-1,
2.692307692308E-1,3.076923076923E-1,3.461538461538E-1,3.846153846154E-1,
4.230769230769E-1,4.615384615385E-1,5.E-1,5.384615384615E-1,5.769230769231E-1,
6.153846153846E-1,6.538461538462E-1,6.923076923077E-1,7.307692307692E-1,
7.692307692308E-1,8.076923076923E-1,8.461538461538E-1,8.846153846154E-1,
9.230769230769E-1,9.615384615385E-1,1.E0),.UNSPECIFIED.);
#526=CIRCLE('',#525,2.054987E0);
#531=CIRCLE('',#530,2.054987E0);
#536=CIRCLE('',#535,2.054987E0);
#541=CIRCLE('',#540,2.054987E0);
#546=CIRCLE('',#545,4.7625E0);
#551=CIRCLE('',#550,4.7625E0);
#556=CIRCLE('',#555,4.7625E0);
#561=CIRCLE('',#560,4.7625E0);
#566=CIRCLE('',#565,2.054987E0);
#575=CIRCLE('',#574,2.054987E0);
#584=CIRCLE('',#583,2.054987E0);
#593=CIRCLE('',#592,2.054987E0);
#636=B_SPLINE_CURVE_WITH_KNOTS('',3,(#606,#607,#608,#609,#610,#611,#612,#613,
#614,#615,#616,#617,#618,#619,#620,#621,#622,#623,#624,#625,#626,#627,#628,#629,
#630,#631,#632,#633,#634,#635),.UNSPECIFIED.,.F.,.F.,(4,1,1,1,1,1,1,1,1,1,1,1,1,
1,1,1,1,1,1,1,1,1,1,1,1,1,1,4),(0.E0,3.703703703704E-2,7.407407407407E-2,
1.111111111111E-1,1.481481481481E-1,1.851851851852E-1,2.222222222222E-1,
2.592592592593E-1,2.962962962963E-1,3.333333333333E-1,3.703703703704E-1,
4.074074074074E-1,4.444444444444E-1,4.814814814815E-1,5.185185185185E-1,
5.555555555556E-1,5.925925925926E-1,6.296296296296E-1,6.666666666667E-1,
7.037037037037E-1,7.407407407407E-1,7.777777777778E-1,8.148148148148E-1,
8.518518518519E-1,8.888888888889E-1,9.259259259259E-1,9.629629629630E-1,1.E0),
.UNSPECIFIED.);
#667=B_SPLINE_CURVE_WITH_KNOTS('',3,(#637,#638,#639,#640,#641,#642,#643,#644,
#645,#646,#647,#648,#649,#650,#651,#652,#653,#654,#655,#656,#657,#658,#659,#660,
#661,#662,#663,#664,#665,#666),.UNSPECIFIED.,.F.,.F.,(4,1,1,1,1,1,1,1,1,1,1,1,1,
1,1,1,1,1,1,1,1,1,1,1,1,1,1,4),(0.E0,3.703703703704E-2,7.407407407407E-2,
1.111111111111E-1,1.481481481481E-1,1.851851851852E-1,2.222222222222E-1,
2.592592592593E-1,2.962962962963E-1,3.333333333333E-1,3.703703703704E-1,
4.074074074074E-1,4.444444444444E-1,4.814814814815E-1,5.185185185185E-1,
5.555555555556E-1,5.925925925926E-1,6.296296296296E-1,6.666666666667E-1,
7.037037037037E-1,7.407407407407E-1,7.777777777778E-1,8.148148148148E-1,
8.518518518519E-1,8.888888888889E-1,9.259259259259E-1,9.629629629630E-1,1.E0),
.UNSPECIFIED.);
#672=CIRCLE('',#671,6.35E-1);
#677=CIRCLE('',#676,6.35E-1);
#704=B_SPLINE_CURVE_WITH_KNOTS('',3,(#678,#679,#680,#681,#682,#683,#684,#685,
#686,#687,#688,#689,#690,#691,#692,#693,#694,#695,#696,#697,#698,#699,#700,#701,
#702,#703),.UNSPECIFIED.,.F.,.F.,(4,1,1,1,1,1,1,1,1,1,1,1,1,1,1,1,1,1,1,1,1,1,1,
4),(0.E0,4.347826086957E-2,8.695652173913E-2,1.304347826087E-1,
1.739130434783E-1,2.173913043478E-1,2.608695652174E-1,3.043478260870E-1,
3.478260869565E-1,3.913043478261E-1,4.347826086957E-1,4.782608695652E-1,
5.217391304348E-1,5.652173913043E-1,6.086956521739E-1,6.521739130435E-1,
6.956521739130E-1,7.391304347826E-1,7.826086956522E-1,8.260869565217E-1,
8.695652173913E-1,9.130434782609E-1,9.565217391304E-1,1.E0),.UNSPECIFIED.);
#730=B_SPLINE_CURVE_WITH_KNOTS('',3,(#705,#706,#707,#708,#709,#710,#711,#712,
#713,#714,#715,#716,#717,#718,#719,#720,#721,#722,#723,#724,#725,#726,#727,#728,
#729),.UNSPECIFIED.,.F.,.F.,(4,1,1,1,1,1,1,1,1,1,1,1,1,1,1,1,1,1,1,1,1,1,4),(
0.E0,4.545454545455E-2,9.090909090909E-2,1.363636363636E-1,1.818181818182E-1,
2.272727272727E-1,2.727272727273E-1,3.181818181818E-1,3.636363636364E-1,
4.090909090909E-1,4.545454545455E-1,5.E-1,5.454545454545E-1,5.909090909091E-1,
6.363636363636E-1,6.818181818182E-1,7.272727272727E-1,7.727272727273E-1,
8.181818181818E-1,8.636363636364E-1,9.090909090909E-1,9.545454545455E-1,1.E0),
.UNSPECIFIED.);
#735=CIRCLE('',#734,6.35E-1);
#740=CIRCLE('',#739,6.35E-1);
#745=CIRCLE('',#744,1.97485E1);
#750=CIRCLE('',#749,1.97485E1);
#755=CIRCLE('',#754,1.92913E1);
#764=CIRCLE('',#763,1.92913E1);
#773=CIRCLE('',#772,5.08E-1);
#778=CIRCLE('',#777,5.08E-1);
#783=CIRCLE('',#782,5.08E-1);
#788=CIRCLE('',#787,5.08E-1);
#793=CIRCLE('',#792,1.92913E1);
#806=CIRCLE('',#805,1.92913E1);
#819=CIRCLE('',#818,5.08E-1);
#824=CIRCLE('',#823,5.08E-1);
#829=CIRCLE('',#828,5.08E-1);
#834=CIRCLE('',#833,5.08E-1);
#851=B_SPLINE_CURVE_WITH_KNOTS('',3,(#835,#836,#837,#838,#839,#840,#841,#842,
#843,#844,#845,#846,#847,#848,#849,#850),.UNSPECIFIED.,.F.,.F.,(4,1,1,1,1,1,1,1,
1,1,1,1,1,4),(0.E0,7.692307692308E-2,1.538461538462E-1,2.307692307692E-1,
3.076923076923E-1,3.846153846154E-1,4.615384615385E-1,5.384615384615E-1,
6.153846153846E-1,6.923076923077E-1,7.692307692308E-1,8.461538461538E-1,
9.230769230769E-1,1.E0),.UNSPECIFIED.);
#867=B_SPLINE_CURVE_WITH_KNOTS('',3,(#852,#853,#854,#855,#856,#857,#858,#859,
#860,#861,#862,#863,#864,#865,#866),.UNSPECIFIED.,.F.,.F.,(4,1,1,1,1,1,1,1,1,1,
1,1,4),(0.E0,8.333333333333E-2,1.666666666667E-1,2.5E-1,3.333333333333E-1,
4.166666666667E-1,5.E-1,5.833333333333E-1,6.666666666667E-1,7.5E-1,
8.333333333333E-1,9.166666666667E-1,1.E0),.UNSPECIFIED.);
#884=B_SPLINE_CURVE_WITH_KNOTS('',3,(#868,#869,#870,#871,#872,#873,#874,#875,
#876,#877,#878,#879,#880,#881,#882,#883),.UNSPECIFIED.,.F.,.F.,(4,1,1,1,1,1,1,1,
1,1,1,1,1,4),(0.E0,7.692307692308E-2,1.538461538462E-1,2.307692307692E-1,
3.076923076923E-1,3.846153846154E-1,4.615384615385E-1,5.384615384615E-1,
6.153846153846E-1,6.923076923077E-1,7.692307692308E-1,8.461538461538E-1,
9.230769230769E-1,1.E0),.UNSPECIFIED.);
#889=CIRCLE('',#888,3.81E0);
#894=CIRCLE('',#893,1.878085678842E1);
#903=CIRCLE('',#902,1.844023868597E1);
#912=CIRCLE('',#911,1.878085678842E1);
#917=CIRCLE('',#916,1.844023868597E1);
#922=CIRCLE('',#921,3.81E0);
#927=CIRCLE('',#926,6.35E0);
#932=CIRCLE('',#931,1.75895E1);
#937=CIRCLE('',#936,1.75895E1);
#942=CIRCLE('',#941,1.75895E1);
#947=CIRCLE('',#946,1.75895E1);
#956=CIRCLE('',#955,1.75895E1);
#961=CIRCLE('',#960,1.75895E1);
#970=CIRCLE('',#969,6.35E0);
#975=CIRCLE('',#974,1.80975E1);
#985=B_SPLINE_CURVE_WITH_KNOTS('',3,(#976,#977,#978,#979,#980,#981,#982,#983,
#984),.UNSPECIFIED.,.F.,.F.,(4,1,1,1,1,1,4),(0.E0,1.666666666667E-1,
3.333333333333E-1,5.E-1,6.666666666667E-1,8.333333333333E-1,1.E0),
.UNSPECIFIED.);
#995=B_SPLINE_CURVE_WITH_KNOTS('',3,(#986,#987,#988,#989,#990,#991,#992,#993,
#994),.UNSPECIFIED.,.F.,.F.,(4,1,1,1,1,1,4),(0.E0,1.666666666667E-1,
3.333333333333E-1,5.E-1,6.666666666667E-1,8.333333333333E-1,1.E0),
.UNSPECIFIED.);
#1000=CIRCLE('',#999,2.286E0);
#1005=CIRCLE('',#1004,2.286E0);
#1010=CIRCLE('',#1009,2.286E0);
#1015=CIRCLE('',#1014,2.286E0);
#1024=CIRCLE('',#1023,3.81E0);
#1037=CIRCLE('',#1036,3.81E0);
#1046=CIRCLE('',#1045,2.286E0);
#1055=CIRCLE('',#1054,2.286E0);
#1064=CIRCLE('',#1063,2.286E0);
#1073=CIRCLE('',#1072,2.286E0);
#1082=CIRCLE('',#1081,2.286E0);
#1087=CIRCLE('',#1086,2.286E0);
#1092=CIRCLE('',#1091,2.286E0);
#1097=CIRCLE('',#1096,2.286E0);
#1102=CIRCLE('',#1101,1.75895E1);
#1111=CIRCLE('',#1110,3.81E0);
#1120=CIRCLE('',#1119,1.75895E1);
#1129=CIRCLE('',#1128,3.81E0);
#1138=CIRCLE('',#1137,2.286E0);
#1147=CIRCLE('',#1146,2.286E0);
#1156=CIRCLE('',#1155,2.286E0);
#1165=CIRCLE('',#1164,2.286E0);
#1198=CIRCLE('',#1197,1.80975E1);
#1208=B_SPLINE_CURVE_WITH_KNOTS('',3,(#1199,#1200,#1201,#1202,#1203,#1204,#1205,
#1206,#1207),.UNSPECIFIED.,.F.,.F.,(4,1,1,1,1,1,4),(0.E0,1.666666666667E-1,
3.333333333333E-1,5.E-1,6.666666666667E-1,8.333333333333E-1,1.E0),
.UNSPECIFIED.);
#1218=B_SPLINE_CURVE_WITH_KNOTS('',3,(#1209,#1210,#1211,#1212,#1213,#1214,#1215,
#1216,#1217),.UNSPECIFIED.,.F.,.F.,(4,1,1,1,1,1,4),(0.E0,1.666666666667E-1,
3.333333333333E-1,5.E-1,6.666666666667E-1,8.333333333333E-1,1.E0),
.UNSPECIFIED.);
#1243=B_SPLINE_CURVE_WITH_KNOTS('',3,(#1227,#1228,#1229,#1230,#1231,#1232,#1233,
#1234,#1235,#1236,#1237,#1238,#1239,#1240,#1241,#1242),.UNSPECIFIED.,.F.,.F.,(4,
1,1,1,1,1,1,1,1,1,1,1,1,4),(0.E0,7.692307692308E-2,1.538461538462E-1,
2.307692307692E-1,3.076923076923E-1,3.846153846154E-1,4.615384615385E-1,
5.384615384615E-1,6.153846153846E-1,6.923076923077E-1,7.692307692308E-1,
8.461538461538E-1,9.230769230769E-1,1.E0),.UNSPECIFIED.);
#1259=B_SPLINE_CURVE_WITH_KNOTS('',3,(#1244,#1245,#1246,#1247,#1248,#1249,#1250,
#1251,#1252,#1253,#1254,#1255,#1256,#1257,#1258),.UNSPECIFIED.,.F.,.F.,(4,1,1,1,
1,1,1,1,1,1,1,1,4),(0.E0,8.333333333333E-2,1.666666666667E-1,2.5E-1,
3.333333333333E-1,4.166666666667E-1,5.E-1,5.833333333333E-1,6.666666666667E-1,
7.5E-1,8.333333333333E-1,9.166666666667E-1,1.E0),.UNSPECIFIED.);
#1276=B_SPLINE_CURVE_WITH_KNOTS('',3,(#1260,#1261,#1262,#1263,#1264,#1265,#1266,
#1267,#1268,#1269,#1270,#1271,#1272,#1273,#1274,#1275),.UNSPECIFIED.,.F.,.F.,(4,
1,1,1,1,1,1,1,1,1,1,1,1,4),(0.E0,7.692307692308E-2,1.538461538462E-1,
2.307692307692E-1,3.076923076923E-1,3.846153846154E-1,4.615384615385E-1,
5.384615384615E-1,6.153846153846E-1,6.923076923077E-1,7.692307692308E-1,
8.461538461538E-1,9.230769230769E-1,1.E0),.UNSPECIFIED.);
#1484=EDGE_CURVE('',#1422,#1423,#6,.T.);
#1486=EDGE_CURVE('',#1431,#1423,#11,.T.);
#1488=EDGE_CURVE('',#1431,#1422,#16,.T.);
#1492=ADVANCED_FACE('',(#1491),#1483,.F.);
#1498=EDGE_CURVE('',#1426,#1427,#21,.T.);
#1500=EDGE_CURVE('',#1427,#1429,#26,.T.);
#1502=EDGE_CURVE('',#1426,#1429,#31,.T.);
#1506=ADVANCED_FACE('',(#1505),#1497,.F.);
#1513=EDGE_CURVE('',#1422,#1414,#35,.T.);
#1515=EDGE_CURVE('',#1414,#1415,#44,.T.);
#1517=EDGE_CURVE('',#1427,#1415,#39,.T.);
#1520=EDGE_CURVE('',#1423,#1426,#745,.T.);
#1524=ADVANCED_FACE('',(#1523),#1511,.T.);
#1532=EDGE_CURVE('',#1415,#1414,#49,.T.);
#1536=EDGE_CURVE('',#1429,#1431,#750,.T.);
#1540=ADVANCED_FACE('',(#1539),#1529,.T.);
#1550=EDGE_CURVE('',#1455,#1456,#54,.T.);
#1552=EDGE_CURVE('',#1456,#1455,#59,.T.);
#1556=EDGE_CURVE('',#1469,#1470,#96,.T.);
#1558=EDGE_CURVE('',#1470,#1474,#100,.T.);
#1560=EDGE_CURVE('',#1474,#1477,#137,.T.);
#1562=EDGE_CURVE('',#1477,#1469,#141,.T.);
#1566=EDGE_CURVE('',#1334,#1336,#146,.T.);
#1568=EDGE_CURVE('',#1336,#1334,#151,.T.);
#1572=EDGE_CURVE('',#1338,#1340,#156,.T.);
#1574=EDGE_CURVE('',#1340,#1338,#161,.T.);
#1578=EDGE_CURVE('',#1351,#1436,#192,.T.);
#1580=EDGE_CURVE('',#1436,#1351,#223,.T.);
#1584=EDGE_CURVE('',#1346,#1345,#254,.T.);
#1586=EDGE_CURVE('',#1345,#1346,#285,.T.);
#1590=ADVANCED_FACE('',(#1549,#1555,#1565,#1571,#1577,#1583,#1589),#1545,.T.);
#1596=EDGE_CURVE('',#1464,#1463,#290,.T.);
#1598=EDGE_CURVE('',#1463,#1455,#294,.T.);
#1601=EDGE_CURVE('',#1464,#1456,#323,.T.);
#1605=ADVANCED_FACE('',(#1604),#1595,.T.);
#1611=EDGE_CURVE('',#1460,#1459,#309,.T.);
#1613=EDGE_CURVE('',#1459,#1463,#314,.T.);
#1616=EDGE_CURVE('',#1460,#1464,#299,.T.);
#1620=ADVANCED_FACE('',(#1619),#1610,.T.);
#1626=EDGE_CURVE('',#1459,#1460,#304,.T.);
#1631=ADVANCED_FACE('',(#1630),#1625,.F.);
#1639=EDGE_CURVE('',#1463,#1464,#319,.T.);
#1644=ADVANCED_FACE('',(#1643),#1636,.T.);
#1656=ADVANCED_FACE('',(#1655),#1649,.T.);
#1811=EDGE_CURVE('',#1469,#1471,#328,.T.);
#1813=EDGE_CURVE('',#1471,#1472,#394,.T.);
#1815=EDGE_CURVE('',#1470,#1472,#343,.T.);
#1819=ADVANCED_FACE('',(#1818),#1809,.F.);
#1826=EDGE_CURVE('',#1477,#1478,#333,.T.);
#1828=EDGE_CURVE('',#1478,#1471,#398,.T.);
#1833=ADVANCED_FACE('',(#1832),#1824,.F.);
#1988=EDGE_CURVE('',#1474,#1476,#338,.T.);
#1990=EDGE_CURVE('',#1476,#1478,#445,.T.);
#1995=ADVANCED_FACE('',(#1994),#1986,.F.);
#2003=EDGE_CURVE('',#1472,#1476,#347,.T.);
#2008=ADVANCED_FACE('',(#2007),#2000,.F.);
#2015=EDGE_CURVE('',#1472,#1468,#352,.T.);
#2017=EDGE_CURVE('',#1468,#1465,#479,.T.);
#2019=EDGE_CURVE('',#1465,#1476,#357,.T.);
#2023=ADVANCED_FACE('',(#2022),#2013,.F.);
#2054=EDGE_CURVE('',#1471,#1467,#408,.T.);
#2056=EDGE_CURVE('',#1467,#1468,#509,.T.);
#2061=ADVANCED_FACE('',(#2060),#2052,.T.);
#2068=EDGE_CURVE('',#1466,#1478,#403,.T.);
#2070=EDGE_CURVE('',#1467,#1466,#513,.T.);
#2075=ADVANCED_FACE('',(#2074),#2066,.F.);
#2107=EDGE_CURVE('',#1465,#1466,#475,.T.);
#2112=ADVANCED_FACE('',(#2111),#2104,.T.);
#2124=ADVANCED_FACE('',(#2123),#2117,.T.);
#2130=EDGE_CURVE('',#1327,#1334,#517,.T.);
#2133=EDGE_CURVE('',#1328,#1336,#521,.T.);
#2135=EDGE_CURVE('',#1327,#1328,#546,.T.);
#2139=ADVANCED_FACE('',(#2138),#2129,.T.);
#2146=EDGE_CURVE('',#1328,#1327,#551,.T.);
#2152=ADVANCED_FACE('',(#2151),#2144,.T.);
#2162=EDGE_CURVE('',#1323,#1324,#536,.T.);
#2164=EDGE_CURVE('',#1324,#1323,#541,.T.);
#2168=ADVANCED_FACE('',(#2161,#2167),#2157,.F.);
#2174=EDGE_CURVE('',#1331,#1332,#556,.T.);
#2176=EDGE_CURVE('',#1332,#1331,#561,.T.);
#2180=EDGE_CURVE('',#1319,#1320,#526,.T.);
#2182=EDGE_CURVE('',#1320,#1319,#531,.T.);
#2186=ADVANCED_FACE('',(#2179,#2185),#2173,.F.);
#2192=EDGE_CURVE('',#1390,#1391,#566,.T.);
#2194=EDGE_CURVE('',#1320,#1390,#579,.T.);
#2197=EDGE_CURVE('',#1319,#1391,#570,.T.);
#2201=ADVANCED_FACE('',(#2200),#2191,.F.);
#2208=EDGE_CURVE('',#1391,#1390,#575,.T.);
#2212=ADVANCED_FACE('',(#2211),#2206,.T.);
#2218=EDGE_CURVE('',#1394,#1395,#584,.T.);
#2220=EDGE_CURVE('',#1395,#1394,#593,.T.);
#2224=ADVANCED_FACE('',(#2223),#2217,.T.);
#2236=ADVANCED_FACE('',(#2235),#2229,.F.);
#2243=EDGE_CURVE('',#1324,#1394,#597,.T.);
#2246=EDGE_CURVE('',#1323,#1395,#588,.T.);
#2250=ADVANCED_FACE('',(#2249),#2241,.F.);
#2262=ADVANCED_FACE('',(#2261),#2255,.F.);
#2268=EDGE_CURVE('',#1331,#1338,#601,.T.);
#2271=EDGE_CURVE('',#1332,#1340,#605,.T.);
#2276=ADVANCED_FACE('',(#2275),#2267,.T.);
#2288=ADVANCED_FACE('',(#2287),#2281,.T.);
#2360=EDGE_CURVE('',#1350,#1351,#667,.T.);
#2362=EDGE_CURVE('',#1349,#1350,#672,.T.);
#2364=EDGE_CURVE('',#1349,#1436,#636,.T.);
#2369=ADVANCED_FACE('',(#2368),#2359,.T.);
#2444=EDGE_CURVE('',#1350,#1349,#677,.T.);
#2448=ADVANCED_FACE('',(#2447),#2440,.T.);
#2458=ADVANCED_FACE('',(#2457),#2453,.F.);
#2530=EDGE_CURVE('',#1343,#1345,#704,.T.);
#2533=EDGE_CURVE('',#1344,#1346,#730,.T.);
#2535=EDGE_CURVE('',#1343,#1344,#735,.T.);
#2539=ADVANCED_FACE('',(#2538),#2529,.T.);
#2612=EDGE_CURVE('',#1344,#1343,#740,.T.);
#2618=ADVANCED_FACE('',(#2617),#2610,.T.);
#2628=ADVANCED_FACE('',(#2627),#2623,.F.);
#2634=EDGE_CURVE('',#1418,#1419,#755,.T.);
#2636=EDGE_CURVE('',#1423,#1419,#824,.T.);
#2639=EDGE_CURVE('',#1418,#1426,#773,.T.);
#2643=ADVANCED_FACE('',(#2642),#2633,.F.);
#2649=EDGE_CURVE('',#1434,#1435,#793,.T.);
#2651=EDGE_CURVE('',#1429,#1435,#778,.T.);
#2654=EDGE_CURVE('',#1434,#1431,#819,.T.);
#2658=ADVANCED_FACE('',(#2657),#2648,.F.);
#2665=EDGE_CURVE('',#1418,#1385,#759,.T.);
#2667=EDGE_CURVE('',#1373,#1385,#1276,.T.);
#2669=EDGE_CURVE('',#1373,#1371,#810,.T.);
#2671=EDGE_CURVE('',#1371,#1370,#764,.T.);
#2673=EDGE_CURVE('',#1375,#1370,#801,.T.);
#2675=EDGE_CURVE('',#1381,#1375,#851,.T.);
#2677=EDGE_CURVE('',#1419,#1381,#768,.T.);
#2681=ADVANCED_FACE('',(#2680),#2663,.T.);
#2690=EDGE_CURVE('',#1435,#1387,#814,.T.);
#2692=EDGE_CURVE('',#1387,#1384,#783,.T.);
#2694=EDGE_CURVE('',#1384,#1385,#788,.T.);
#2699=ADVANCED_FACE('',(#2698),#2686,.T.);
#2706=EDGE_CURVE('',#1434,#1379,#797,.T.);
#2708=EDGE_CURVE('',#1375,#1379,#884,.T.);
#2711=EDGE_CURVE('',#1370,#1371,#806,.T.);
#2714=EDGE_CURVE('',#1387,#1373,#1243,.T.);
#2719=ADVANCED_FACE('',(#2718),#2704,.T.);
#2729=EDGE_CURVE('',#1381,#1378,#829,.T.);
#2731=EDGE_CURVE('',#1378,#1379,#834,.T.);
#2736=ADVANCED_FACE('',(#2735),#2724,.T.);
#2744=EDGE_CURVE('',#1375,#1378,#867,.T.);
#2748=ADVANCED_FACE('',(#2747),#2741,.T.);
#2759=ADVANCED_FACE('',(#2758),#2753,.T.);
#2765=EDGE_CURVE('',#1366,#1367,#894,.T.);
#2767=EDGE_CURVE('',#1367,#1371,#922,.T.);
#2770=EDGE_CURVE('',#1366,#1370,#889,.T.);
#2774=ADVANCED_FACE('',(#2773),#2764,.T.);
#2781=EDGE_CURVE('',#1366,#1359,#898,.T.);
#2783=EDGE_CURVE('',#1358,#1359,#903,.T.);
#2785=EDGE_CURVE('',#1367,#1358,#907,.T.);
#2789=ADVANCED_FACE('',(#2788),#2779,.T.);
#2795=EDGE_CURVE('',#1367,#1366,#912,.T.);
#2798=EDGE_CURVE('',#1359,#1358,#917,.T.);
#2803=ADVANCED_FACE('',(#2802),#2794,.T.);
#2815=ADVANCED_FACE('',(#2814),#2808,.T.);
#2821=EDGE_CURVE('',#1355,#1354,#932,.T.);
#2823=EDGE_CURVE('',#1355,#1359,#927,.T.);
#2826=EDGE_CURVE('',#1354,#1358,#970,.T.);
#2830=ADVANCED_FACE('',(#2829),#2820,.F.);
#2837=EDGE_CURVE('',#1354,#1361,#965,.T.);
#2839=EDGE_CURVE('',#1361,#1442,#937,.T.);
#2841=EDGE_CURVE('',#1310,#1442,#1189,.T.);
#2843=EDGE_CURVE('',#1310,#1316,#1120,.T.);
#2845=EDGE_CURVE('',#1440,#1316,#1185,.T.);
#2847=EDGE_CURVE('',#1440,#1363,#942,.T.);
#2849=EDGE_CURVE('',#1355,#1363,#951,.T.);
#2853=ADVANCED_FACE('',(#2852),#2835,.T.);
#2859=EDGE_CURVE('',#1354,#1355,#947,.T.);
#2862=EDGE_CURVE('',#1363,#1438,#956,.T.);
#2864=EDGE_CURVE('',#1314,#1438,#1173,.T.);
#2866=EDGE_CURVE('',#1312,#1314,#1102,.T.);
#2868=EDGE_CURVE('',#1444,#1312,#1222,.T.);
#2870=EDGE_CURVE('',#1444,#1361,#961,.T.);
#2875=ADVANCED_FACE('',(#2874),#2858,.T.);
#2887=ADVANCED_FACE('',(#2886),#2880,.F.);
#2893=EDGE_CURVE('',#1452,#1450,#975,.T.);
#2895=EDGE_CURVE('',#1450,#1438,#985,.T.);
#2899=EDGE_CURVE('',#1440,#1452,#995,.T.);
#2903=ADVANCED_FACE('',(#2902),#2892,.F.);
#2910=EDGE_CURVE('',#1452,#1307,#1019,.T.);
#2912=EDGE_CURVE('',#1307,#1308,#1024,.T.);
#2914=EDGE_CURVE('',#1308,#1450,#1028,.T.);
#2918=EDGE_CURVE('',#1287,#1288,#1000,.T.);
#2920=EDGE_CURVE('',#1288,#1287,#1005,.T.);
#2924=ADVANCED_FACE('',(#2917,#2923),#2908,.F.);
#2930=EDGE_CURVE('',#1448,#1446,#1198,.T.);
#2932=EDGE_CURVE('',#1448,#1303,#1032,.T.);
#2934=EDGE_CURVE('',#1303,#1304,#1037,.T.);
#2936=EDGE_CURVE('',#1304,#1446,#1041,.T.);
#2940=EDGE_CURVE('',#1291,#1292,#1010,.T.);
#2942=EDGE_CURVE('',#1292,#1291,#1015,.T.);
#2946=ADVANCED_FACE('',(#2939,#2945),#2929,.F.);
#2952=EDGE_CURVE('',#1398,#1399,#1046,.T.);
#2954=EDGE_CURVE('',#1279,#1399,#1050,.T.);
#2956=EDGE_CURVE('',#1279,#1280,#1082,.T.);
#2958=EDGE_CURVE('',#1280,#1398,#1068,.T.);
#2962=ADVANCED_FACE('',(#2961),#2951,.F.);
#2968=EDGE_CURVE('',#1402,#1403,#1055,.T.);
#2970=EDGE_CURVE('',#1402,#1288,#1077,.T.);
#2973=EDGE_CURVE('',#1403,#1287,#1059,.T.);
#2977=ADVANCED_FACE('',(#2976),#2967,.F.);
#2984=EDGE_CURVE('',#1399,#1398,#1064,.T.);
#2988=ADVANCED_FACE('',(#2987),#2982,.T.);
#2994=EDGE_CURVE('',#1406,#1407,#1138,.T.);
#2996=EDGE_CURVE('',#1407,#1406,#1156,.T.);
#3000=ADVANCED_FACE('',(#2999),#2993,.T.);
#3008=EDGE_CURVE('',#1280,#1279,#1087,.T.);
#3013=ADVANCED_FACE('',(#3012),#3005,.F.);
#3019=EDGE_CURVE('',#1403,#1402,#1073,.T.);
#3026=ADVANCED_FACE('',(#3025),#3018,.F.);
#3033=EDGE_CURVE('',#1300,#1314,#1106,.T.);
#3035=EDGE_CURVE('',#1299,#1300,#1111,.T.);
#3037=EDGE_CURVE('',#1316,#1299,#1115,.T.);
#3040=EDGE_CURVE('',#1296,#1310,#1124,.T.);
#3042=EDGE_CURVE('',#1295,#1296,#1129,.T.);
#3044=EDGE_CURVE('',#1312,#1295,#1133,.T.);
#3048=EDGE_CURVE('',#1283,#1284,#1092,.T.);
#3050=EDGE_CURVE('',#1284,#1283,#1097,.T.);
#3058=ADVANCED_FACE('',(#3047,#3053,#3057),#3031,.T.);
#3065=EDGE_CURVE('',#1283,#1407,#1142,.T.);
#3068=EDGE_CURVE('',#1284,#1406,#1160,.T.);
#3072=ADVANCED_FACE('',(#3071),#3063,.F.);
#3078=EDGE_CURVE('',#1410,#1411,#1147,.T.);
#3080=EDGE_CURVE('',#1410,#1292,#1169,.T.);
#3083=EDGE_CURVE('',#1411,#1291,#1151,.T.);
#3087=ADVANCED_FACE('',(#3086),#3077,.F.);
#3099=ADVANCED_FACE('',(#3098),#3092,.F.);
#3105=EDGE_CURVE('',#1411,#1410,#1165,.T.);
#3112=ADVANCED_FACE('',(#3111),#3104,.F.);
#3122=ADVANCED_FACE('',(#3121),#3117,.T.);
#3132=ADVANCED_FACE('',(#3131),#3127,.T.);
#3141=EDGE_CURVE('',#1300,#1308,#1177,.T.);
#3146=ADVANCED_FACE('',(#3145),#3137,.T.);
#3155=EDGE_CURVE('',#1299,#1307,#1181,.T.);
#3159=ADVANCED_FACE('',(#3158),#3151,.T.);
#3172=ADVANCED_FACE('',(#3171),#3164,.T.);
#3179=EDGE_CURVE('',#1446,#1442,#1208,.T.);
#3182=EDGE_CURVE('',#1296,#1304,#1193,.T.);
#3187=ADVANCED_FACE('',(#3186),#3177,.T.);
#3197=EDGE_CURVE('',#1444,#1448,#1218,.T.);
#3201=ADVANCED_FACE('',(#3200),#3192,.F.);
#3211=EDGE_CURVE('',#1295,#1303,#1226,.T.);
#3215=ADVANCED_FACE('',(#3214),#3206,.T.);
#3227=ADVANCED_FACE('',(#3226),#3220,.T.);
#3235=EDGE_CURVE('',#1373,#1384,#1259,.T.);
#3239=ADVANCED_FACE('',(#3238),#3232,.T.);
#3250=ADVANCED_FACE('',(#3249),#3244,.T.);
#3253=(LENGTH_UNIT()NAMED_UNIT(*)SI_UNIT(.MILLI.,.METRE.));
#3254=(NAMED_UNIT(*)PLANE_ANGLE_UNIT()SI_UNIT($,.RADIAN.));
#3257=(NAMED_UNIT(*)SI_UNIT($,.STERADIAN.)SOLID_ANGLE_UNIT());
#3259=(GEOMETRIC_REPRESENTATION_CONTEXT(3)GLOBAL_UNCERTAINTY_ASSIGNED_CONTEXT((
#3258))GLOBAL_UNIT_ASSIGNED_CONTEXT((#3253,#3256,#3257))REPRESENTATION_CONTEXT(
'ID1','3'));
#3260=ADVANCED_BREP_SHAPE_REPRESENTATION('',(#3252),#3259);
#3267=PRODUCT_DEFINITION('part definition','',#3266,#3263);
#3268=PRODUCT_DEFINITION_SHAPE('','SHAPE FOR C-3-1618389-7.',#3267);
#3269=SHAPE_ASPECT('','solid data associated with C-3-1618389-7',#3268,.F.);
#3270=PROPERTY_DEFINITION('',
'shape for solid data with which properties are associated',#3269);
#3271=SHAPE_REPRESENTATION('',(#3252),#3259);
#3272=SHAPE_DEFINITION_REPRESENTATION(#3270,#3271);
#3273=(LENGTH_UNIT()NAMED_UNIT(*)SI_UNIT(.MILLI.,.METRE.));
#3277=PROPERTY_DEFINITION('geometric validation property',
'area of C-3-1618389-7',#3269);
#3278=REPRESENTATION('surface area',(#3276),#3259);
#3279=PROPERTY_DEFINITION_REPRESENTATION(#3277,#3278);
#3280=(LENGTH_UNIT()NAMED_UNIT(*)SI_UNIT(.MILLI.,.METRE.));
#3284=PROPERTY_DEFINITION('geometric validation property',
'volume of C-3-1618389-7',#3269);
#3285=REPRESENTATION('volume',(#3283),#3259);
#3286=PROPERTY_DEFINITION_REPRESENTATION(#3284,#3285);
#3288=PROPERTY_DEFINITION('geometric validation property',
'centroid of C-3-1618389-7',#3269);
#3289=REPRESENTATION('centroid',(#3287),#3259);
#3290=PROPERTY_DEFINITION_REPRESENTATION(#3288,#3289);
#3291=(LENGTH_UNIT()NAMED_UNIT(*)SI_UNIT(.MILLI.,.METRE.));
#3295=PROPERTY_DEFINITION('geometric validation property',
'area of C-3-1618389-7',#3268);
#3296=REPRESENTATION('surface area',(#3294),#3259);
#3297=PROPERTY_DEFINITION_REPRESENTATION(#3295,#3296);
#3298=(LENGTH_UNIT()NAMED_UNIT(*)SI_UNIT(.MILLI.,.METRE.));
#3302=PROPERTY_DEFINITION('geometric validation property',
'volume of C-3-1618389-7',#3268);
#3303=REPRESENTATION('volume',(#3301),#3259);
#3304=PROPERTY_DEFINITION_REPRESENTATION(#3302,#3303);
#3306=PROPERTY_DEFINITION('geometric validation property',
'centroid of C-3-1618389-7',#3268);
#3307=REPRESENTATION('centroid',(#3305),#3259);
#3308=PROPERTY_DEFINITION_REPRESENTATION(#3306,#3307);
#3309=SHAPE_DEFINITION_REPRESENTATION(#3268,#3260);
ENDSEC;
END-ISO-10303-21;
